item_id,order_id,product_id,quantity,unit_price,discount_amount,total_amount
ITEM-000001,ORD-00001,PROD-0001,1,85654.19,0.0,85654.19
ITEM-000002,ORD-00001,PROD-0069,3,4275.33,0.0,12825.99
ITEM-000003,ORD-00002,PROD-0022,2,10152.93,2030.59,18275.27
ITEM-000004,ORD-00002,PROD-0052,1,814.65,81.47,733.18
ITEM-000005,ORD-00003,PROD-0076,2,23557.35,7067.2,40047.5
ITEM-000006,ORD-00004,PROD-0031,2,43799.96,0.0,87599.92
ITEM-000007,ORD-00004,PROD-0012,1,51591.73,0.0,51591.73
ITEM-000008,ORD-00004,PROD-0042,1,472.22,0.0,472.22
ITEM-000009,ORD-00004,PROD-0039,2,738.18,0.0,1476.36
ITEM-000010,ORD-00004,PROD-0077,5,18535.55,0.0,92677.75
ITEM-000011,ORD-00005,PROD-0049,1,543.64,54.36,489.28
ITEM-000012,ORD-00005,PROD-0077,2,18535.55,3707.11,33363.99
ITEM-000013,ORD-00006,PROD-0057,1,3014.34,452.15,2562.19
ITEM-000014,ORD-00006,PROD-0025,5,13690.5,10267.88,58184.62
ITEM-000015,ORD-00006,PROD-0001,2,85654.19,25696.26,145612.12
ITEM-000016,ORD-00007,PROD-0035,2,32410.39,16205.19,48615.59
ITEM-000017,ORD-00007,PROD-0030,1,7630.74,1907.68,5723.06
ITEM-000018,ORD-00007,PROD-0072,1,3464.52,866.13,2598.39
ITEM-000019,ORD-00007,PROD-0066,1,3066.74,766.68,2300.06
ITEM-000020,ORD-00007,PROD-0036,3,29238.48,21928.86,65786.58
ITEM-000021,ORD-00008,PROD-0010,2,29080.61,17448.37,40712.85
ITEM-000022,ORD-00008,PROD-0060,1,239.31,71.79,167.52
ITEM-000023,ORD-00009,PROD-0001,2,85654.19,34261.68,137046.7
ITEM-000024,ORD-00009,PROD-0050,5,1843.01,1843.01,7372.04
ITEM-000025,ORD-00010,PROD-0029,2,26905.65,0.0,53811.3
ITEM-000026,ORD-00011,PROD-0068,2,10709.38,3212.81,18205.95
ITEM-000027,ORD-00012,PROD-0007,2,64234.24,19270.27,109198.21
ITEM-000028,ORD-00012,PROD-0014,1,1370.35,205.55,1164.8
ITEM-000029,ORD-00012,PROD-0049,3,543.64,244.64,1386.28
ITEM-000030,ORD-00013,PROD-0019,1,13763.21,1376.32,12386.89
ITEM-000031,ORD-00013,PROD-0066,4,3066.74,1226.7,11040.26
ITEM-000032,ORD-00013,PROD-0012,3,51591.73,15477.52,139297.67
ITEM-000033,ORD-00013,PROD-0043,1,1299.09,129.91,1169.18
ITEM-000034,ORD-00014,PROD-0077,5,18535.55,18535.55,74142.2
ITEM-000035,ORD-00015,PROD-0039,1,738.18,36.91,701.27
ITEM-000036,ORD-00015,PROD-0006,1,78104.58,3905.23,74199.35
ITEM-000037,ORD-00016,PROD-0070,1,26338.96,0.0,26338.96
ITEM-000038,ORD-00017,PROD-0009,1,113999.83,28499.96,85499.87
ITEM-000039,ORD-00017,PROD-0059,1,955.76,238.94,716.82
ITEM-000040,ORD-00018,PROD-0054,2,4451.78,2671.07,6232.49
ITEM-000041,ORD-00019,PROD-0038,3,15629.94,14066.95,32822.87
ITEM-000042,ORD-00019,PROD-0039,1,738.18,221.45,516.73
ITEM-000043,ORD-00020,PROD-0003,2,32384.66,0.0,64769.32
ITEM-000044,ORD-00020,PROD-0059,2,955.76,0.0,1911.52
ITEM-000045,ORD-00020,PROD-0019,1,13763.21,0.0,13763.21
ITEM-000046,ORD-00020,PROD-0067,2,12793.32,0.0,25586.64
ITEM-000047,ORD-00021,PROD-0060,1,239.31,0.0,239.31
ITEM-000048,ORD-00021,PROD-0036,1,29238.48,0.0,29238.48
ITEM-000049,ORD-00022,PROD-0076,2,23557.35,2355.74,44758.96
ITEM-000050,ORD-00023,PROD-0050,3,1843.01,0.0,5529.03
ITEM-000051,ORD-00023,PROD-0015,1,11857.0,0.0,11857.0
ITEM-000052,ORD-00023,PROD-0022,1,10152.93,0.0,10152.93
ITEM-000053,ORD-00024,PROD-0068,3,10709.38,3212.81,28915.33
ITEM-000054,ORD-00024,PROD-0018,1,13595.1,1359.51,12235.59
ITEM-000055,ORD-00025,PROD-0008,2,112318.49,22463.7,202173.28
ITEM-000056,ORD-00026,PROD-0054,1,4451.78,0.0,4451.78
ITEM-000057,ORD-00026,PROD-0025,1,13690.5,0.0,13690.5
ITEM-000058,ORD-00026,PROD-0034,3,10118.15,0.0,30354.45
ITEM-000059,ORD-00027,PROD-0024,2,855.93,85.59,1626.27
ITEM-000060,ORD-00028,PROD-0067,2,12793.32,0.0,25586.64
ITEM-000061,ORD-00029,PROD-0001,2,85654.19,42827.1,128481.28
ITEM-000062,ORD-00029,PROD-0011,1,8972.23,2243.06,6729.17
ITEM-000063,ORD-00029,PROD-0023,2,9803.45,4901.73,14705.17
ITEM-000064,ORD-00029,PROD-0002,2,121819.8,60909.9,182729.7
ITEM-000065,ORD-00030,PROD-0048,1,1883.43,94.17,1789.26
ITEM-000066,ORD-00031,PROD-0075,4,17455.24,6982.1,62838.86
ITEM-000067,ORD-00031,PROD-0012,1,51591.73,5159.17,46432.56
ITEM-000068,ORD-00032,PROD-0047,1,1537.69,0.0,1537.69
ITEM-000069,ORD-00033,PROD-0035,2,32410.39,6482.08,58338.7
ITEM-000070,ORD-00034,PROD-0008,2,112318.49,0.0,224636.98
ITEM-000071,ORD-00034,PROD-0032,2,27601.51,0.0,55203.02
ITEM-000072,ORD-00035,PROD-0017,1,14949.48,1494.95,13454.53
ITEM-000073,ORD-00035,PROD-0038,1,15629.94,1562.99,14066.95
ITEM-000074,ORD-00036,PROD-0040,1,354.18,0.0,354.18
ITEM-000075,ORD-00036,PROD-0006,2,78104.58,0.0,156209.16
ITEM-000076,ORD-00036,PROD-0046,1,1068.78,0.0,1068.78
ITEM-000077,ORD-00037,PROD-0011,3,8972.23,2691.67,24225.02
ITEM-000078,ORD-00037,PROD-0069,3,4275.33,1282.6,11543.39
ITEM-000079,ORD-00038,PROD-0036,3,29238.48,26314.63,61400.81
ITEM-000080,ORD-00038,PROD-0003,3,32384.66,29146.19,68007.79
ITEM-000081,ORD-00038,PROD-0032,1,27601.51,8280.45,19321.06
ITEM-000082,ORD-00039,PROD-0066,1,3066.74,0.0,3066.74
ITEM-000083,ORD-00039,PROD-0070,2,26338.96,0.0,52677.92
ITEM-000084,ORD-00039,PROD-0019,1,13763.21,0.0,13763.21
ITEM-000085,ORD-00039,PROD-0016,1,13284.93,0.0,13284.93
ITEM-000086,ORD-00040,PROD-0036,1,29238.48,1461.92,27776.56
ITEM-000087,ORD-00040,PROD-0052,5,814.65,203.66,3869.59
ITEM-000088,ORD-00041,PROD-0030,3,7630.74,5723.06,17169.16
ITEM-000089,ORD-00041,PROD-0055,2,3269.86,1634.93,4904.79
ITEM-000090,ORD-00041,PROD-0005,2,93567.0,46783.5,140350.5
ITEM-000091,ORD-00041,PROD-0049,2,543.64,271.82,815.46
ITEM-000092,ORD-00041,PROD-0052,1,814.65,203.66,610.99
ITEM-000093,ORD-00042,PROD-0048,2,1883.43,376.69,3390.17
ITEM-000094,ORD-00043,PROD-0063,1,3661.31,183.07,3478.24
ITEM-000095,ORD-00043,PROD-0023,1,9803.45,490.17,9313.28
ITEM-000096,ORD-00044,PROD-0078,2,14307.56,7153.78,21461.34
ITEM-000097,ORD-00045,PROD-0053,2,1974.19,789.68,3158.7
ITEM-000098,ORD-00046,PROD-0050,1,1843.01,460.75,1382.26
ITEM-000099,ORD-00047,PROD-0059,4,955.76,382.3,3440.74
ITEM-000100,ORD-00048,PROD-0053,1,1974.19,197.42,1776.77
ITEM-000101,ORD-00048,PROD-0023,1,9803.45,980.35,8823.1
ITEM-000102,ORD-00049,PROD-0076,2,23557.35,0.0,47114.7
ITEM-000103,ORD-00049,PROD-0077,1,18535.55,0.0,18535.55
ITEM-000104,ORD-00050,PROD-0078,1,14307.56,2861.51,11446.05
ITEM-000105,ORD-00050,PROD-0071,2,3798.51,1519.4,6077.62
ITEM-000106,ORD-00050,PROD-0032,1,27601.51,5520.3,22081.21
ITEM-000107,ORD-00050,PROD-0028,5,14434.11,14434.11,57736.44
ITEM-000108,ORD-00051,PROD-0060,1,239.31,71.79,167.52
ITEM-000109,ORD-00051,PROD-0064,1,2018.49,605.55,1412.94
ITEM-000110,ORD-00052,PROD-0056,1,1266.18,189.93,1076.25
ITEM-000111,ORD-00052,PROD-0002,2,121819.8,36545.94,207093.66
ITEM-000112,ORD-00052,PROD-0039,1,738.18,110.73,627.45
ITEM-000113,ORD-00052,PROD-0016,4,13284.93,7970.96,45168.76
ITEM-000114,ORD-00053,PROD-0078,1,14307.56,2146.13,12161.43
ITEM-000115,ORD-00053,PROD-0032,2,27601.51,8280.45,46922.57
ITEM-000116,ORD-00053,PROD-0013,2,116727.16,35018.15,198436.17
ITEM-000117,ORD-00054,PROD-0077,1,18535.55,1853.56,16681.99
ITEM-000118,ORD-00054,PROD-0011,1,8972.23,897.22,8075.01
ITEM-000119,ORD-00054,PROD-0020,1,7859.34,785.93,7073.41
ITEM-000120,ORD-00054,PROD-0017,1,14949.48,1494.95,13454.53
ITEM-000121,ORD-00054,PROD-0052,2,814.65,162.93,1466.37
ITEM-000122,ORD-00055,PROD-0060,1,239.31,0.0,239.31
ITEM-000123,ORD-00055,PROD-0052,2,814.65,0.0,1629.3
ITEM-000124,ORD-00056,PROD-0009,3,113999.83,34199.95,307799.54
ITEM-000125,ORD-00056,PROD-0040,3,354.18,106.25,956.29
ITEM-000126,ORD-00056,PROD-0030,2,7630.74,1526.15,13735.33
ITEM-000127,ORD-00057,PROD-0028,1,14434.11,3608.53,10825.58
ITEM-000128,ORD-00057,PROD-0039,1,738.18,184.54,553.64
ITEM-000129,ORD-00058,PROD-0064,4,2018.49,1614.79,6459.17
ITEM-000130,ORD-00058,PROD-0042,3,472.22,283.33,1133.33
ITEM-000131,ORD-00058,PROD-0020,1,7859.34,1571.87,6287.47
ITEM-000132,ORD-00059,PROD-0079,2,2367.89,947.16,3788.62
ITEM-000133,ORD-00060,PROD-0050,1,1843.01,368.6,1474.41
ITEM-000134,ORD-00060,PROD-0039,3,738.18,442.91,1771.63
ITEM-000135,ORD-00061,PROD-0018,2,13595.1,0.0,27190.2
ITEM-000136,ORD-00061,PROD-0038,2,15629.94,0.0,31259.88
ITEM-000137,ORD-00061,PROD-0002,1,121819.8,0.0,121819.8
ITEM-000138,ORD-00061,PROD-0043,2,1299.09,0.0,2598.18
ITEM-000139,ORD-00062,PROD-0030,1,7630.74,381.54,7249.2
ITEM-000140,ORD-00063,PROD-0055,4,3269.86,653.97,12425.47
ITEM-000141,ORD-00063,PROD-0078,2,14307.56,1430.76,27184.36
ITEM-000142,ORD-00063,PROD-0014,2,1370.35,137.03,2603.67
ITEM-000143,ORD-00063,PROD-0080,1,47311.93,2365.6,44946.33
ITEM-000144,ORD-00064,PROD-0070,2,26338.96,10535.58,42142.34
ITEM-000145,ORD-00064,PROD-0005,3,93567.0,56140.2,224560.8
ITEM-000146,ORD-00064,PROD-0048,1,1883.43,376.69,1506.74
ITEM-000147,ORD-00064,PROD-0052,2,814.65,325.86,1303.44
ITEM-000148,ORD-00065,PROD-0001,1,85654.19,12848.13,72806.06
ITEM-000149,ORD-00066,PROD-0013,1,116727.16,29181.79,87545.37
ITEM-000150,ORD-00066,PROD-0068,1,10709.38,2677.34,8032.04
ITEM-000151,ORD-00067,PROD-0038,1,15629.94,1562.99,14066.95
ITEM-000152,ORD-00067,PROD-0001,3,85654.19,25696.26,231266.31
ITEM-000153,ORD-00068,PROD-0033,1,45327.59,6799.14,38528.45
ITEM-000154,ORD-00069,PROD-0029,5,26905.65,6726.41,127801.84
ITEM-000155,ORD-00070,PROD-0062,1,4002.89,400.29,3602.6
ITEM-000156,ORD-00070,PROD-0080,1,47311.93,4731.19,42580.74
ITEM-000157,ORD-00071,PROD-0064,1,2018.49,0.0,2018.49
ITEM-000158,ORD-00072,PROD-0022,1,10152.93,2030.59,8122.34
ITEM-000159,ORD-00073,PROD-0045,3,523.28,0.0,1569.84
ITEM-000160,ORD-00073,PROD-0008,3,112318.49,0.0,336955.47
ITEM-000161,ORD-00073,PROD-0029,1,26905.65,0.0,26905.65
ITEM-000162,ORD-00073,PROD-0054,1,4451.78,0.0,4451.78
ITEM-000163,ORD-00073,PROD-0012,2,51591.73,0.0,103183.46
ITEM-000164,ORD-00074,PROD-0075,2,17455.24,0.0,34910.48
ITEM-000165,ORD-00074,PROD-0077,2,18535.55,0.0,37071.1
ITEM-000166,ORD-00074,PROD-0010,1,29080.61,0.0,29080.61
ITEM-000167,ORD-00075,PROD-0025,2,13690.5,1369.05,26011.95
ITEM-000168,ORD-00075,PROD-0039,3,738.18,110.73,2103.81
ITEM-000169,ORD-00076,PROD-0040,2,354.18,212.51,495.85
ITEM-000170,ORD-00076,PROD-0036,1,29238.48,8771.54,20466.94
ITEM-000171,ORD-00076,PROD-0058,1,3021.89,906.57,2115.32
ITEM-000172,ORD-00076,PROD-0037,1,31165.03,9349.51,21815.52
ITEM-000173,ORD-00077,PROD-0069,3,4275.33,1282.6,11543.39
ITEM-000174,ORD-00077,PROD-0054,3,4451.78,1335.53,12019.81
ITEM-000175,ORD-00078,PROD-0009,4,113999.83,0.0,455999.32
ITEM-000176,ORD-00079,PROD-0061,3,3090.65,0.0,9271.95
ITEM-000177,ORD-00079,PROD-0053,2,1974.19,0.0,3948.38
ITEM-000178,ORD-00079,PROD-0042,3,472.22,0.0,1416.66
ITEM-000179,ORD-00079,PROD-0010,2,29080.61,0.0,58161.22
ITEM-000180,ORD-00080,PROD-0072,5,3464.52,3464.52,13858.08
ITEM-000181,ORD-00080,PROD-0046,1,1068.78,213.76,855.02
ITEM-000182,ORD-00080,PROD-0012,2,51591.73,20636.69,82546.77
ITEM-000183,ORD-00080,PROD-0062,1,4002.89,800.58,3202.31
ITEM-000184,ORD-00080,PROD-0031,1,43799.96,8759.99,35039.97
ITEM-000185,ORD-00081,PROD-0033,1,45327.59,4532.76,40794.83
ITEM-000186,ORD-00082,PROD-0072,1,3464.52,0.0,3464.52
ITEM-000187,ORD-00082,PROD-0046,1,1068.78,0.0,1068.78
ITEM-000188,ORD-00082,PROD-0066,2,3066.74,0.0,6133.48
ITEM-000189,ORD-00083,PROD-0013,1,116727.16,5836.36,110890.8
ITEM-000190,ORD-00083,PROD-0042,2,472.22,47.22,897.22
ITEM-000191,ORD-00083,PROD-0058,2,3021.89,302.19,5741.59
ITEM-000192,ORD-00084,PROD-0032,2,27601.51,13800.75,41402.27
ITEM-000193,ORD-00084,PROD-0078,4,14307.56,14307.56,42922.68
ITEM-000194,ORD-00085,PROD-0063,3,3661.31,549.2,10434.73
ITEM-000195,ORD-00086,PROD-0037,1,31165.03,0.0,31165.03
ITEM-000196,ORD-00087,PROD-0002,2,121819.8,24363.96,219275.64
ITEM-000197,ORD-00088,PROD-0040,1,354.18,35.42,318.76
ITEM-000198,ORD-00089,PROD-0003,5,32384.66,8096.16,153827.14
ITEM-000199,ORD-00090,PROD-0070,1,26338.96,6584.74,19754.22
ITEM-000200,ORD-00091,PROD-0070,1,26338.96,3950.84,22388.12
ITEM-000201,ORD-00092,PROD-0049,1,543.64,135.91,407.73
ITEM-000202,ORD-00093,PROD-0006,1,78104.58,11715.69,66388.89
ITEM-000203,ORD-00094,PROD-0070,2,26338.96,7901.69,44776.23
ITEM-000204,ORD-00095,PROD-0036,2,29238.48,8771.54,49705.42
ITEM-000205,ORD-00095,PROD-0003,2,32384.66,9715.4,55053.92
ITEM-000206,ORD-00096,PROD-0051,1,1302.78,130.28,1172.5
ITEM-000207,ORD-00097,PROD-0044,5,1147.03,573.51,5161.64
ITEM-000208,ORD-00097,PROD-0012,1,51591.73,5159.17,46432.56
ITEM-000209,ORD-00098,PROD-0077,3,18535.55,5560.66,50045.99
ITEM-000210,ORD-00098,PROD-0027,2,35192.66,7038.53,63346.79
ITEM-000211,ORD-00099,PROD-0054,1,4451.78,445.18,4006.6
ITEM-000212,ORD-00100,PROD-0025,2,13690.5,2738.1,24642.9
ITEM-000213,ORD-00101,PROD-0034,2,10118.15,6070.89,14165.41
ITEM-000214,ORD-00101,PROD-0003,2,32384.66,19430.8,45338.52
ITEM-000215,ORD-00102,PROD-0056,1,1266.18,189.93,1076.25
ITEM-000216,ORD-00103,PROD-0078,1,14307.56,2146.13,12161.43
ITEM-000217,ORD-00103,PROD-0072,5,3464.52,2598.39,14724.21
ITEM-000218,ORD-00104,PROD-0006,2,78104.58,7810.46,148398.7
ITEM-000219,ORD-00104,PROD-0016,2,13284.93,1328.49,25241.37
ITEM-000220,ORD-00105,PROD-0037,1,31165.03,9349.51,21815.52
ITEM-000221,ORD-00105,PROD-0029,1,26905.65,8071.69,18833.96
ITEM-000222,ORD-00106,PROD-0019,1,13763.21,2064.48,11698.73
ITEM-000223,ORD-00106,PROD-0050,2,1843.01,552.9,3133.12
ITEM-000224,ORD-00106,PROD-0049,2,543.64,163.09,924.19
ITEM-000225,ORD-00106,PROD-0013,2,116727.16,35018.15,198436.17
ITEM-000226,ORD-00107,PROD-0052,1,814.65,203.66,610.99
ITEM-000227,ORD-00108,PROD-0015,2,11857.0,0.0,23714.0
ITEM-000228,ORD-00108,PROD-0077,1,18535.55,0.0,18535.55
ITEM-000229,ORD-00109,PROD-0021,2,14237.71,7118.85,21356.57
ITEM-000230,ORD-00109,PROD-0019,1,13763.21,3440.8,10322.41
ITEM-000231,ORD-00109,PROD-0003,1,32384.66,8096.16,24288.5
ITEM-000232,ORD-00109,PROD-0041,1,1147.18,286.8,860.38
ITEM-000233,ORD-00109,PROD-0029,1,26905.65,6726.41,20179.24
ITEM-000234,ORD-00110,PROD-0038,3,15629.94,14066.95,32822.87
ITEM-000235,ORD-00110,PROD-0062,2,4002.89,2401.73,5604.05
ITEM-000236,ORD-00110,PROD-0008,2,112318.49,67391.09,157245.89
ITEM-000237,ORD-00111,PROD-0026,1,6024.68,602.47,5422.21
ITEM-000238,ORD-00112,PROD-0038,3,15629.94,0.0,46889.82
ITEM-000239,ORD-00112,PROD-0050,2,1843.01,0.0,3686.02
ITEM-000240,ORD-00112,PROD-0010,2,29080.61,0.0,58161.22
ITEM-000241,ORD-00113,PROD-0054,3,4451.78,0.0,13355.34
ITEM-000242,ORD-00113,PROD-0063,5,3661.31,0.0,18306.55
ITEM-000243,ORD-00114,PROD-0053,1,1974.19,0.0,1974.19
ITEM-000244,ORD-00115,PROD-0074,1,23577.52,2357.75,21219.77
ITEM-000245,ORD-00116,PROD-0030,5,7630.74,0.0,38153.7
ITEM-000246,ORD-00117,PROD-0050,1,1843.01,552.9,1290.11
ITEM-000247,ORD-00118,PROD-0003,1,32384.66,3238.47,29146.19
ITEM-000248,ORD-00118,PROD-0017,3,14949.48,4484.84,40363.6
ITEM-000249,ORD-00119,PROD-0001,1,85654.19,17130.84,68523.35
ITEM-000250,ORD-00119,PROD-0028,1,14434.11,2886.82,11547.29
ITEM-000251,ORD-00119,PROD-0050,3,1843.01,1105.81,4423.22
ITEM-000252,ORD-00119,PROD-0067,1,12793.32,2558.66,10234.66
ITEM-000253,ORD-00120,PROD-0051,1,1302.78,130.28,1172.5
ITEM-000254,ORD-00121,PROD-0048,2,1883.43,565.03,3201.83
ITEM-000255,ORD-00121,PROD-0006,4,78104.58,46862.75,265555.57
ITEM-000256,ORD-00121,PROD-0017,1,14949.48,2242.42,12707.06
ITEM-000257,ORD-00122,PROD-0035,2,32410.39,0.0,64820.78
ITEM-000258,ORD-00122,PROD-0002,2,121819.8,0.0,243639.6
ITEM-000259,ORD-00123,PROD-0028,2,14434.11,1443.41,27424.81
ITEM-000260,ORD-00124,PROD-0022,3,10152.93,0.0,30458.79
ITEM-000261,ORD-00124,PROD-0008,1,112318.49,0.0,112318.49
ITEM-000262,ORD-00125,PROD-0047,1,1537.69,384.42,1153.27
ITEM-000263,ORD-00126,PROD-0044,2,1147.03,0.0,2294.06
ITEM-000264,ORD-00126,PROD-0021,3,14237.71,0.0,42713.13
ITEM-000265,ORD-00127,PROD-0048,1,1883.43,282.51,1600.92
ITEM-000266,ORD-00127,PROD-0073,2,11158.63,3347.59,18969.67
ITEM-000267,ORD-00128,PROD-0015,2,11857.0,3557.1,20156.9
ITEM-000268,ORD-00129,PROD-0051,2,1302.78,0.0,2605.56
ITEM-000269,ORD-00129,PROD-0006,2,78104.58,0.0,156209.16
ITEM-000270,ORD-00129,PROD-0007,1,64234.24,0.0,64234.24
ITEM-000271,ORD-00130,PROD-0060,2,239.31,119.66,358.96
ITEM-000272,ORD-00130,PROD-0045,1,523.28,130.82,392.46
ITEM-000273,ORD-00130,PROD-0064,1,2018.49,504.62,1513.87
ITEM-000274,ORD-00130,PROD-0038,2,15629.94,7814.97,23444.91
ITEM-000275,ORD-00131,PROD-0006,1,78104.58,19526.15,58578.43
ITEM-000276,ORD-00131,PROD-0041,1,1147.18,286.8,860.38
ITEM-000277,ORD-00131,PROD-0037,1,31165.03,7791.26,23373.77
ITEM-000278,ORD-00131,PROD-0072,2,3464.52,1732.26,5196.78
ITEM-000279,ORD-00131,PROD-0078,1,14307.56,3576.89,10730.67
ITEM-000280,ORD-00132,PROD-0072,1,3464.52,519.68,2944.84
ITEM-000281,ORD-00133,PROD-0050,2,1843.01,184.3,3501.72
ITEM-000282,ORD-00133,PROD-0045,2,523.28,52.33,994.23
ITEM-000283,ORD-00134,PROD-0037,3,31165.03,4674.75,88820.34
ITEM-000284,ORD-00135,PROD-0052,1,814.65,203.66,610.99
ITEM-000285,ORD-00136,PROD-0048,1,1883.43,376.69,1506.74
ITEM-000286,ORD-00137,PROD-0064,1,2018.49,0.0,2018.49
ITEM-000287,ORD-00137,PROD-0007,1,64234.24,0.0,64234.24
ITEM-000288,ORD-00138,PROD-0053,1,1974.19,0.0,1974.19
ITEM-000289,ORD-00139,PROD-0018,2,13595.1,5438.04,21752.16
ITEM-000290,ORD-00139,PROD-0040,1,354.18,70.84,283.34
ITEM-000291,ORD-00140,PROD-0058,3,3021.89,906.57,8159.1
ITEM-000292,ORD-00141,PROD-0054,4,4451.78,3561.42,14245.7
ITEM-000293,ORD-00142,PROD-0017,1,14949.48,3737.37,11212.11
ITEM-000294,ORD-00142,PROD-0026,5,6024.68,7530.85,22592.55
ITEM-000295,ORD-00143,PROD-0047,1,1537.69,307.54,1230.15
ITEM-000296,ORD-00144,PROD-0026,2,6024.68,0.0,12049.36
ITEM-000297,ORD-00145,PROD-0030,2,7630.74,3052.3,12209.18
ITEM-000298,ORD-00146,PROD-0012,1,51591.73,5159.17,46432.56
ITEM-000299,ORD-00146,PROD-0055,1,3269.86,326.99,2942.87
ITEM-000300,ORD-00147,PROD-0045,1,523.28,52.33,470.95
ITEM-000301,ORD-00147,PROD-0068,1,10709.38,1070.94,9638.44
ITEM-000302,ORD-00148,PROD-0033,1,45327.59,9065.52,36262.07
ITEM-000303,ORD-00149,PROD-0076,1,23557.35,3533.6,20023.75
ITEM-000304,ORD-00150,PROD-0034,2,10118.15,6070.89,14165.41
ITEM-000305,ORD-00150,PROD-0008,5,112318.49,168477.74,393114.71
ITEM-000306,ORD-00151,PROD-0047,2,1537.69,0.0,3075.38
ITEM-000307,ORD-00151,PROD-0028,1,14434.11,0.0,14434.11
ITEM-000308,ORD-00151,PROD-0013,4,116727.16,0.0,466908.64
ITEM-000309,ORD-00152,PROD-0075,1,17455.24,0.0,17455.24
ITEM-000310,ORD-00152,PROD-0007,4,64234.24,0.0,256936.96
ITEM-000311,ORD-00152,PROD-0041,1,1147.18,0.0,1147.18
ITEM-000312,ORD-00152,PROD-0059,2,955.76,0.0,1911.52
ITEM-000313,ORD-00153,PROD-0074,1,23577.52,4715.5,18862.02
ITEM-000314,ORD-00153,PROD-0069,5,4275.33,4275.33,17101.32
ITEM-000315,ORD-00154,PROD-0052,1,814.65,40.73,773.92
ITEM-000316,ORD-00154,PROD-0075,4,17455.24,3491.05,66329.91
ITEM-000317,ORD-00154,PROD-0028,2,14434.11,1443.41,27424.81
ITEM-000318,ORD-00154,PROD-0055,1,3269.86,163.49,3106.37
ITEM-000319,ORD-00155,PROD-0078,1,14307.56,0.0,14307.56
ITEM-000320,ORD-00156,PROD-0072,1,3464.52,0.0,3464.52
ITEM-000321,ORD-00156,PROD-0059,5,955.76,0.0,4778.8
ITEM-000322,ORD-00157,PROD-0060,1,239.31,0.0,239.31
ITEM-000323,ORD-00158,PROD-0032,5,27601.51,0.0,138007.55
ITEM-000324,ORD-00159,PROD-0061,2,3090.65,1854.39,4326.91
ITEM-000325,ORD-00159,PROD-0012,1,51591.73,15477.52,36114.21
ITEM-000326,ORD-00160,PROD-0013,2,116727.16,70036.3,163418.02
ITEM-000327,ORD-00161,PROD-0078,1,14307.56,1430.76,12876.8
ITEM-000328,ORD-00162,PROD-0028,3,14434.11,4330.23,38972.1
ITEM-000329,ORD-00162,PROD-0025,1,13690.5,1369.05,12321.45
ITEM-000330,ORD-00163,PROD-0062,1,4002.89,1000.72,3002.17
ITEM-000331,ORD-00163,PROD-0028,5,14434.11,18042.64,54127.91
ITEM-000332,ORD-00163,PROD-0018,1,13595.1,3398.78,10196.32
ITEM-000333,ORD-00164,PROD-0024,3,855.93,770.34,1797.45
ITEM-000334,ORD-00165,PROD-0042,4,472.22,188.89,1699.99
ITEM-000335,ORD-00165,PROD-0031,4,43799.96,17519.98,157679.86
ITEM-000336,ORD-00165,PROD-0021,1,14237.71,1423.77,12813.94
ITEM-000337,ORD-00165,PROD-0051,2,1302.78,260.56,2345.0
ITEM-000338,ORD-00166,PROD-0024,1,855.93,256.78,599.15
ITEM-000339,ORD-00166,PROD-0034,1,10118.15,3035.45,7082.7
ITEM-000340,ORD-00167,PROD-0021,1,14237.71,4271.31,9966.4
ITEM-000341,ORD-00168,PROD-0044,1,1147.03,0.0,1147.03
ITEM-000342,ORD-00168,PROD-0019,1,13763.21,0.0,13763.21
ITEM-000343,ORD-00169,PROD-0074,1,23577.52,3536.63,20040.89
ITEM-000344,ORD-00170,PROD-0001,1,85654.19,4282.71,81371.48
ITEM-000345,ORD-00170,PROD-0009,1,113999.83,5699.99,108299.84
ITEM-000346,ORD-00171,PROD-0023,1,9803.45,980.35,8823.1
ITEM-000347,ORD-00171,PROD-0067,1,12793.32,1279.33,11513.99
ITEM-000348,ORD-00171,PROD-0036,1,29238.48,2923.85,26314.63
ITEM-000349,ORD-00172,PROD-0078,2,14307.56,2861.51,25753.61
ITEM-000350,ORD-00172,PROD-0076,4,23557.35,9422.94,84806.46
ITEM-000351,ORD-00173,PROD-0062,1,4002.89,200.14,3802.75
ITEM-000352,ORD-00174,PROD-0011,1,8972.23,0.0,8972.23
ITEM-000353,ORD-00175,PROD-0044,1,1147.03,172.05,974.98
ITEM-000354,ORD-00176,PROD-0057,1,3014.34,301.43,2712.91
ITEM-000355,ORD-00177,PROD-0078,1,14307.56,3576.89,10730.67
ITEM-000356,ORD-00177,PROD-0080,2,47311.93,23655.97,70967.89
ITEM-000357,ORD-00178,PROD-0004,1,104516.44,10451.64,94064.8
ITEM-000358,ORD-00179,PROD-0037,2,31165.03,9349.51,52980.55
ITEM-000359,ORD-00179,PROD-0032,1,27601.51,4140.23,23461.28
ITEM-000360,ORD-00179,PROD-0028,3,14434.11,6495.35,36806.98
ITEM-000361,ORD-00180,PROD-0020,1,7859.34,392.97,7466.37
ITEM-000362,ORD-00180,PROD-0017,1,14949.48,747.47,14202.01
ITEM-000363,ORD-00180,PROD-0064,1,2018.49,100.92,1917.57
ITEM-000364,ORD-00180,PROD-0058,4,3021.89,604.38,11483.18
ITEM-000365,ORD-00180,PROD-0060,2,239.31,23.93,454.69
ITEM-000366,ORD-00181,PROD-0051,4,1302.78,0.0,5211.12
ITEM-000367,ORD-00181,PROD-0052,1,814.65,0.0,814.65
ITEM-000368,ORD-00181,PROD-0039,1,738.18,0.0,738.18
ITEM-000369,ORD-00181,PROD-0062,1,4002.89,0.0,4002.89
ITEM-000370,ORD-00181,PROD-0004,1,104516.44,0.0,104516.44
ITEM-000371,ORD-00182,PROD-0043,1,1299.09,64.95,1234.14
ITEM-000372,ORD-00182,PROD-0079,2,2367.89,236.79,4498.99
ITEM-000373,ORD-00182,PROD-0041,1,1147.18,57.36,1089.82
ITEM-000374,ORD-00183,PROD-0011,2,8972.23,0.0,17944.46
ITEM-000375,ORD-00183,PROD-0005,3,93567.0,0.0,280701.0
ITEM-000376,ORD-00184,PROD-0007,1,64234.24,16058.56,48175.68
ITEM-000377,ORD-00185,PROD-0003,1,32384.66,6476.93,25907.73
ITEM-000378,ORD-00185,PROD-0056,3,1266.18,759.71,3038.83
ITEM-000379,ORD-00186,PROD-0055,1,3269.86,326.99,2942.87
ITEM-000380,ORD-00186,PROD-0059,1,955.76,95.58,860.18
ITEM-000381,ORD-00187,PROD-0056,1,1266.18,126.62,1139.56
ITEM-000382,ORD-00187,PROD-0021,1,14237.71,1423.77,12813.94
ITEM-000383,ORD-00187,PROD-0002,3,121819.8,36545.94,328913.46
ITEM-000384,ORD-00187,PROD-0006,2,78104.58,15620.92,140588.24
ITEM-000385,ORD-00188,PROD-0052,4,814.65,325.86,2932.74
ITEM-000386,ORD-00189,PROD-0053,2,1974.19,197.42,3750.96
ITEM-000387,ORD-00189,PROD-0010,1,29080.61,1454.03,27626.58
ITEM-000388,ORD-00189,PROD-0037,2,31165.03,3116.5,59213.56
ITEM-000389,ORD-00190,PROD-0027,2,35192.66,7038.53,63346.79
ITEM-000390,ORD-00190,PROD-0014,1,1370.35,137.03,1233.32
ITEM-000391,ORD-00191,PROD-0074,2,23577.52,0.0,47155.04
ITEM-000392,ORD-00191,PROD-0063,3,3661.31,0.0,10983.93
ITEM-000393,ORD-00192,PROD-0077,2,18535.55,5560.66,31510.44
ITEM-000394,ORD-00192,PROD-0010,2,29080.61,8724.18,49437.04
ITEM-000395,ORD-00192,PROD-0033,1,45327.59,6799.14,38528.45
ITEM-000396,ORD-00193,PROD-0080,3,47311.93,42580.74,99355.05
ITEM-000397,ORD-00193,PROD-0041,1,1147.18,344.15,803.03
ITEM-000398,ORD-00194,PROD-0027,1,35192.66,7038.53,28154.13
ITEM-000399,ORD-00195,PROD-0056,1,1266.18,253.24,1012.94
ITEM-000400,ORD-00195,PROD-0038,1,15629.94,3125.99,12503.95
ITEM-000401,ORD-00196,PROD-0076,1,23557.35,1177.87,22379.48
ITEM-000402,ORD-00197,PROD-0017,1,14949.48,0.0,14949.48
ITEM-000403,ORD-00198,PROD-0075,2,17455.24,6982.1,27928.38
ITEM-000404,ORD-00198,PROD-0069,4,4275.33,3420.26,13681.06
ITEM-000405,ORD-00198,PROD-0010,1,29080.61,5816.12,23264.49
ITEM-000406,ORD-00199,PROD-0044,1,1147.03,229.41,917.62
ITEM-000407,ORD-00200,PROD-0010,1,29080.61,4362.09,24718.52
ITEM-000408,ORD-00201,PROD-0021,4,14237.71,14237.71,42713.13
ITEM-000409,ORD-00201,PROD-0018,3,13595.1,10196.33,30588.97
ITEM-000410,ORD-00202,PROD-0039,1,738.18,184.54,553.64
ITEM-000411,ORD-00202,PROD-0064,1,2018.49,504.62,1513.87
ITEM-000412,ORD-00202,PROD-0023,2,9803.45,4901.73,14705.17
ITEM-000413,ORD-00202,PROD-0021,1,14237.71,3559.43,10678.28
ITEM-000414,ORD-00202,PROD-0044,3,1147.03,860.27,2580.82
ITEM-000415,ORD-00203,PROD-0068,1,10709.38,3212.81,7496.57
ITEM-000416,ORD-00203,PROD-0019,2,13763.21,8257.93,19268.49
ITEM-000417,ORD-00203,PROD-0017,2,14949.48,8969.69,20929.27
ITEM-000418,ORD-00204,PROD-0043,5,1299.09,0.0,6495.45
ITEM-000419,ORD-00204,PROD-0070,1,26338.96,0.0,26338.96
ITEM-000420,ORD-00205,PROD-0007,1,64234.24,19270.27,44963.97
ITEM-000421,ORD-00206,PROD-0026,2,6024.68,0.0,12049.36
ITEM-000422,ORD-00207,PROD-0048,1,1883.43,188.34,1695.09
ITEM-000423,ORD-00208,PROD-0074,2,23577.52,0.0,47155.04
ITEM-000424,ORD-00208,PROD-0077,3,18535.55,0.0,55606.65
ITEM-000425,ORD-00209,PROD-0004,3,104516.44,0.0,313549.32
ITEM-000426,ORD-00210,PROD-0055,2,3269.86,326.99,6212.73
ITEM-000427,ORD-00211,PROD-0073,1,11158.63,1115.86,10042.77
ITEM-000428,ORD-00211,PROD-0050,2,1843.01,368.6,3317.42
ITEM-000429,ORD-00212,PROD-0001,3,85654.19,25696.26,231266.31
ITEM-000430,ORD-00213,PROD-0057,3,3014.34,904.3,8138.72
ITEM-000431,ORD-00213,PROD-0020,1,7859.34,785.93,7073.41
ITEM-000432,ORD-00213,PROD-0026,2,6024.68,1204.94,10844.42
ITEM-000433,ORD-00213,PROD-0051,2,1302.78,260.56,2345.0
ITEM-000434,ORD-00214,PROD-0011,1,8972.23,1345.83,7626.4
ITEM-000435,ORD-00215,PROD-0013,1,116727.16,23345.43,93381.73
ITEM-000436,ORD-00216,PROD-0041,2,1147.18,0.0,2294.36
ITEM-000437,ORD-00217,PROD-0053,1,1974.19,394.84,1579.35
ITEM-000438,ORD-00217,PROD-0036,2,29238.48,11695.39,46781.57
ITEM-000439,ORD-00218,PROD-0052,1,814.65,244.4,570.25
ITEM-000440,ORD-00218,PROD-0042,3,472.22,425.0,991.66
ITEM-000441,ORD-00219,PROD-0046,1,1068.78,53.44,1015.34
ITEM-000442,ORD-00219,PROD-0013,1,116727.16,5836.36,110890.8
ITEM-000443,ORD-00219,PROD-0023,1,9803.45,490.17,9313.28
ITEM-000444,ORD-00219,PROD-0033,1,45327.59,2266.38,43061.21
ITEM-000445,ORD-00220,PROD-0067,3,12793.32,9594.99,28784.97
ITEM-000446,ORD-00220,PROD-0054,3,4451.78,3338.84,10016.5
ITEM-000447,ORD-00221,PROD-0008,1,112318.49,33695.55,78622.94
ITEM-000448,ORD-00222,PROD-0046,1,1068.78,0.0,1068.78
ITEM-000449,ORD-00222,PROD-0033,1,45327.59,0.0,45327.59
ITEM-000450,ORD-00223,PROD-0039,2,738.18,369.09,1107.27
ITEM-000451,ORD-00223,PROD-0034,1,10118.15,2529.54,7588.61
ITEM-000452,ORD-00223,PROD-0009,1,113999.83,28499.96,85499.87
ITEM-000453,ORD-00223,PROD-0066,1,3066.74,766.68,2300.06
ITEM-000454,ORD-00224,PROD-0026,4,6024.68,7229.62,16869.1
ITEM-000455,ORD-00224,PROD-0068,5,10709.38,16064.07,37482.83
ITEM-000456,ORD-00224,PROD-0053,1,1974.19,592.26,1381.93
ITEM-000457,ORD-00225,PROD-0041,2,1147.18,458.87,1835.49
ITEM-000458,ORD-00225,PROD-0061,1,3090.65,618.13,2472.52
ITEM-000459,ORD-00225,PROD-0006,5,78104.58,78104.58,312418.32
ITEM-000460,ORD-00226,PROD-0006,1,78104.58,7810.46,70294.12
ITEM-000461,ORD-00226,PROD-0080,4,47311.93,18924.77,170322.95
ITEM-000462,ORD-00227,PROD-0028,2,14434.11,5773.64,23094.58
ITEM-000463,ORD-00228,PROD-0023,3,9803.45,2941.03,26469.32
ITEM-000464,ORD-00228,PROD-0006,1,78104.58,7810.46,70294.12
ITEM-000465,ORD-00229,PROD-0079,2,2367.89,1420.73,3315.05
ITEM-000466,ORD-00230,PROD-0078,3,14307.56,12876.8,30045.88
ITEM-000467,ORD-00231,PROD-0009,1,113999.83,11399.98,102599.85
ITEM-000468,ORD-00232,PROD-0002,3,121819.8,0.0,365459.4
ITEM-000469,ORD-00232,PROD-0075,2,17455.24,0.0,34910.48
ITEM-000470,ORD-00233,PROD-0061,3,3090.65,463.6,8808.35
ITEM-000471,ORD-00233,PROD-0077,4,18535.55,3707.11,70435.09
ITEM-000472,ORD-00233,PROD-0063,4,3661.31,732.26,13912.98
ITEM-000473,ORD-00234,PROD-0018,2,13595.1,0.0,27190.2
ITEM-000474,ORD-00234,PROD-0035,1,32410.39,0.0,32410.39
ITEM-000475,ORD-00234,PROD-0044,1,1147.03,0.0,1147.03
ITEM-000476,ORD-00234,PROD-0020,2,7859.34,0.0,15718.68
ITEM-000477,ORD-00235,PROD-0039,4,738.18,442.91,2509.81
ITEM-000478,ORD-00235,PROD-0041,1,1147.18,172.08,975.1
ITEM-000479,ORD-00236,PROD-0049,3,543.64,244.64,1386.28
ITEM-000480,ORD-00237,PROD-0066,2,3066.74,1226.7,4906.78
ITEM-000481,ORD-00237,PROD-0002,1,121819.8,24363.96,97455.84
ITEM-000482,ORD-00238,PROD-0029,1,26905.65,6726.41,20179.24
ITEM-000483,ORD-00238,PROD-0074,1,23577.52,5894.38,17683.14
ITEM-000484,ORD-00239,PROD-0071,1,3798.51,379.85,3418.66
ITEM-000485,ORD-00240,PROD-0056,1,1266.18,63.31,1202.87
ITEM-000486,ORD-00240,PROD-0001,2,85654.19,8565.42,162742.96
ITEM-000487,ORD-00241,PROD-0006,3,78104.58,0.0,234313.74
ITEM-000488,ORD-00242,PROD-0046,2,1068.78,0.0,2137.56
ITEM-000489,ORD-00242,PROD-0068,2,10709.38,0.0,21418.76
ITEM-000490,ORD-00242,PROD-0077,3,18535.55,0.0,55606.65
ITEM-000491,ORD-00242,PROD-0018,1,13595.1,0.0,13595.1
ITEM-000492,ORD-00242,PROD-0043,3,1299.09,0.0,3897.27
ITEM-000493,ORD-00243,PROD-0030,1,7630.74,763.07,6867.67
ITEM-000494,ORD-00244,PROD-0059,2,955.76,573.46,1338.06
ITEM-000495,ORD-00244,PROD-0061,1,3090.65,927.2,2163.45
ITEM-000496,ORD-00244,PROD-0037,2,31165.03,18699.02,43631.04
ITEM-000497,ORD-00245,PROD-0015,2,11857.0,0.0,23714.0
ITEM-000498,ORD-00245,PROD-0040,5,354.18,0.0,1770.9
ITEM-000499,ORD-00245,PROD-0009,2,113999.83,0.0,227999.66
ITEM-000500,ORD-00245,PROD-0066,2,3066.74,0.0,6133.48
ITEM-000501,ORD-00245,PROD-0055,1,3269.86,0.0,3269.86
ITEM-000502,ORD-00246,PROD-0017,1,14949.48,0.0,14949.48
ITEM-000503,ORD-00246,PROD-0078,2,14307.56,0.0,28615.12
ITEM-000504,ORD-00247,PROD-0066,1,3066.74,306.67,2760.07
ITEM-000505,ORD-00247,PROD-0036,1,29238.48,2923.85,26314.63
ITEM-000506,ORD-00247,PROD-0014,3,1370.35,411.1,3699.95
ITEM-000507,ORD-00247,PROD-0074,1,23577.52,2357.75,21219.77
ITEM-000508,ORD-00248,PROD-0004,2,104516.44,0.0,209032.88
ITEM-000509,ORD-00248,PROD-0047,3,1537.69,0.0,4613.07
ITEM-000510,ORD-00248,PROD-0071,1,3798.51,0.0,3798.51
ITEM-000511,ORD-00248,PROD-0049,1,543.64,0.0,543.64
ITEM-000512,ORD-00249,PROD-0067,1,12793.32,0.0,12793.32
ITEM-000513,ORD-00249,PROD-0027,5,35192.66,0.0,175963.3
ITEM-000514,ORD-00250,PROD-0001,1,85654.19,17130.84,68523.35
ITEM-000515,ORD-00251,PROD-0076,1,23557.35,0.0,23557.35
ITEM-000516,ORD-00252,PROD-0012,2,51591.73,10318.35,92865.11
ITEM-000517,ORD-00252,PROD-0048,1,1883.43,188.34,1695.09
ITEM-000518,ORD-00252,PROD-0068,1,10709.38,1070.94,9638.44
ITEM-000519,ORD-00252,PROD-0060,1,239.31,23.93,215.38
ITEM-000520,ORD-00252,PROD-0070,1,26338.96,2633.9,23705.06
ITEM-000521,ORD-00253,PROD-0040,1,354.18,0.0,354.18
ITEM-000522,ORD-00254,PROD-0003,4,32384.66,19430.8,110107.84
ITEM-000523,ORD-00254,PROD-0054,1,4451.78,667.77,3784.01
ITEM-000524,ORD-00255,PROD-0019,2,13763.21,5505.28,22021.14
ITEM-000525,ORD-00255,PROD-0029,1,26905.65,5381.13,21524.52
ITEM-000526,ORD-00256,PROD-0075,5,17455.24,13091.43,74184.77
ITEM-000527,ORD-00256,PROD-0004,4,104516.44,62709.86,355355.9
ITEM-000528,ORD-00257,PROD-0074,1,23577.52,3536.63,20040.89
ITEM-000529,ORD-00258,PROD-0055,3,3269.86,0.0,9809.58
ITEM-000530,ORD-00258,PROD-0041,2,1147.18,0.0,2294.36
ITEM-000531,ORD-00258,PROD-0035,2,32410.39,0.0,64820.78
ITEM-000532,ORD-00259,PROD-0071,3,3798.51,2848.88,8546.65
ITEM-000533,ORD-00259,PROD-0036,5,29238.48,36548.1,109644.3
ITEM-000534,ORD-00260,PROD-0034,2,10118.15,3035.45,17200.85
ITEM-000535,ORD-00260,PROD-0010,1,29080.61,4362.09,24718.52
ITEM-000536,ORD-00261,PROD-0041,2,1147.18,114.72,2179.64
ITEM-000537,ORD-00261,PROD-0026,1,6024.68,301.23,5723.45
ITEM-000538,ORD-00262,PROD-0070,3,26338.96,19754.22,59262.66
ITEM-000539,ORD-00262,PROD-0080,2,47311.93,23655.97,70967.89
ITEM-000540,ORD-00262,PROD-0006,1,78104.58,19526.15,58578.43
ITEM-000541,ORD-00263,PROD-0075,1,17455.24,0.0,17455.24
ITEM-000542,ORD-00264,PROD-0008,2,112318.49,56159.25,168477.73
ITEM-000543,ORD-00264,PROD-0072,1,3464.52,866.13,2598.39
ITEM-000544,ORD-00265,PROD-0050,2,1843.01,0.0,3686.02
ITEM-000545,ORD-00265,PROD-0022,2,10152.93,0.0,20305.86
ITEM-000546,ORD-00265,PROD-0052,1,814.65,0.0,814.65
ITEM-000547,ORD-00265,PROD-0071,1,3798.51,0.0,3798.51
ITEM-000548,ORD-00265,PROD-0027,1,35192.66,0.0,35192.66
ITEM-000549,ORD-00266,PROD-0003,2,32384.66,19430.8,45338.52
ITEM-000550,ORD-00267,PROD-0020,1,7859.34,0.0,7859.34
ITEM-000551,ORD-00268,PROD-0014,1,1370.35,0.0,1370.35
ITEM-000552,ORD-00269,PROD-0078,2,14307.56,1430.76,27184.36
ITEM-000553,ORD-00269,PROD-0004,3,104516.44,15677.47,297871.85
ITEM-000554,ORD-00269,PROD-0043,1,1299.09,64.95,1234.14
ITEM-000555,ORD-00269,PROD-0012,4,51591.73,10318.35,196048.57
ITEM-000556,ORD-00270,PROD-0070,2,26338.96,15803.38,36874.54
ITEM-000557,ORD-00270,PROD-0067,3,12793.32,11513.99,26865.97
ITEM-000558,ORD-00271,PROD-0013,3,116727.16,105054.44,245127.04
ITEM-000559,ORD-00271,PROD-0066,1,3066.74,920.02,2146.72
ITEM-000560,ORD-00271,PROD-0018,3,13595.1,12235.59,28549.71
ITEM-000561,ORD-00272,PROD-0052,1,814.65,122.2,692.45
ITEM-000562,ORD-00273,PROD-0077,1,18535.55,926.78,17608.77
ITEM-000563,ORD-00273,PROD-0005,2,93567.0,9356.7,177777.3
ITEM-000564,ORD-00273,PROD-0016,1,13284.93,664.25,12620.68
ITEM-000565,ORD-00274,PROD-0076,1,23557.35,4711.47,18845.88
ITEM-000566,ORD-00274,PROD-0072,2,3464.52,1385.81,5543.23
ITEM-000567,ORD-00274,PROD-0019,1,13763.21,2752.64,11010.57
ITEM-000568,ORD-00275,PROD-0066,2,3066.74,920.02,5213.46
ITEM-000569,ORD-00276,PROD-0039,4,738.18,0.0,2952.72
ITEM-000570,ORD-00276,PROD-0078,1,14307.56,0.0,14307.56
ITEM-000571,ORD-00276,PROD-0059,1,955.76,0.0,955.76
ITEM-000572,ORD-00277,PROD-0042,2,472.22,283.33,661.11
ITEM-000573,ORD-00277,PROD-0059,1,955.76,286.73,669.03
ITEM-000574,ORD-00278,PROD-0029,1,26905.65,2690.57,24215.08
ITEM-000575,ORD-00278,PROD-0025,2,13690.5,2738.1,24642.9
ITEM-000576,ORD-00279,PROD-0063,1,3661.31,0.0,3661.31
ITEM-000577,ORD-00280,PROD-0022,1,10152.93,507.65,9645.28
ITEM-000578,ORD-00280,PROD-0028,1,14434.11,721.71,13712.4
ITEM-000579,ORD-00280,PROD-0013,1,116727.16,5836.36,110890.8
ITEM-000580,ORD-00281,PROD-0041,1,1147.18,0.0,1147.18
ITEM-000581,ORD-00281,PROD-0057,2,3014.34,0.0,6028.68
ITEM-000582,ORD-00281,PROD-0005,2,93567.0,0.0,187134.0
ITEM-000583,ORD-00282,PROD-0029,1,26905.65,1345.28,25560.37
ITEM-000584,ORD-00282,PROD-0067,3,12793.32,1919.0,36460.96
ITEM-000585,ORD-00283,PROD-0040,1,354.18,0.0,354.18
ITEM-000586,ORD-00284,PROD-0027,5,35192.66,0.0,175963.3
ITEM-000587,ORD-00284,PROD-0014,1,1370.35,0.0,1370.35
ITEM-000588,ORD-00285,PROD-0062,5,4002.89,3002.17,17012.28
ITEM-000589,ORD-00286,PROD-0014,4,1370.35,548.14,4933.26
ITEM-000590,ORD-00286,PROD-0020,5,7859.34,3929.67,35367.03
ITEM-000591,ORD-00287,PROD-0007,2,64234.24,19270.27,109198.21
ITEM-000592,ORD-00287,PROD-0026,1,6024.68,903.7,5120.98
ITEM-000593,ORD-00287,PROD-0052,1,814.65,122.2,692.45
ITEM-000594,ORD-00288,PROD-0069,2,4275.33,1282.6,7268.06
ITEM-000595,ORD-00288,PROD-0078,2,14307.56,4292.27,24322.85
ITEM-000596,ORD-00288,PROD-0010,1,29080.61,4362.09,24718.52
ITEM-000597,ORD-00289,PROD-0080,3,47311.93,14193.58,127742.21
ITEM-000598,ORD-00289,PROD-0058,1,3021.89,302.19,2719.7
ITEM-000599,ORD-00289,PROD-0069,2,4275.33,855.07,7695.59
ITEM-000600,ORD-00289,PROD-0007,1,64234.24,6423.42,57810.82
ITEM-000601,ORD-00290,PROD-0035,2,32410.39,0.0,64820.78
ITEM-000602,ORD-00290,PROD-0046,1,1068.78,0.0,1068.78
ITEM-000603,ORD-00290,PROD-0055,5,3269.86,0.0,16349.3
ITEM-000604,ORD-00291,PROD-0038,4,15629.94,0.0,62519.76
ITEM-000605,ORD-00291,PROD-0004,5,104516.44,0.0,522582.2
ITEM-000606,ORD-00292,PROD-0055,1,3269.86,326.99,2942.87
ITEM-000607,ORD-00292,PROD-0039,1,738.18,73.82,664.36
ITEM-000608,ORD-00292,PROD-0003,1,32384.66,3238.47,29146.19
ITEM-000609,ORD-00293,PROD-0028,3,14434.11,0.0,43302.33
ITEM-000610,ORD-00294,PROD-0027,1,35192.66,3519.27,31673.39
ITEM-000611,ORD-00294,PROD-0016,4,13284.93,5313.97,47825.75
ITEM-000612,ORD-00295,PROD-0021,2,14237.71,2847.54,25627.88
ITEM-000613,ORD-00296,PROD-0019,1,13763.21,2064.48,11698.73
ITEM-000614,ORD-00296,PROD-0057,1,3014.34,452.15,2562.19
ITEM-000615,ORD-00296,PROD-0030,2,7630.74,2289.22,12972.26
ITEM-000616,ORD-00297,PROD-0005,3,93567.0,70175.25,210525.75
ITEM-000617,ORD-00297,PROD-0018,1,13595.1,3398.78,10196.32
ITEM-000618,ORD-00297,PROD-0073,1,11158.63,2789.66,8368.97
ITEM-000619,ORD-00298,PROD-0039,1,738.18,0.0,738.18
ITEM-000620,ORD-00298,PROD-0021,1,14237.71,0.0,14237.71
ITEM-000621,ORD-00298,PROD-0030,1,7630.74,0.0,7630.74
ITEM-000622,ORD-00299,PROD-0048,2,1883.43,0.0,3766.86
ITEM-000623,ORD-00299,PROD-0009,2,113999.83,0.0,227999.66
ITEM-000624,ORD-00299,PROD-0071,3,3798.51,0.0,11395.53
ITEM-000625,ORD-00299,PROD-0045,1,523.28,0.0,523.28
ITEM-000626,ORD-00299,PROD-0033,1,45327.59,0.0,45327.59
ITEM-000627,ORD-00300,PROD-0038,3,15629.94,9377.96,37511.86
ITEM-000628,ORD-00301,PROD-0033,2,45327.59,18131.04,72524.14
ITEM-000629,ORD-00301,PROD-0050,1,1843.01,368.6,1474.41
ITEM-000630,ORD-00301,PROD-0023,2,9803.45,3921.38,15685.52
ITEM-000631,ORD-00302,PROD-0037,2,31165.03,0.0,62330.06
ITEM-000632,ORD-00303,PROD-0063,1,3661.31,366.13,3295.18
ITEM-000633,ORD-00303,PROD-0035,1,32410.39,3241.04,29169.35
ITEM-000634,ORD-00303,PROD-0079,1,2367.89,236.79,2131.1
ITEM-000635,ORD-00303,PROD-0015,4,11857.0,4742.8,42685.2
ITEM-000636,ORD-00304,PROD-0010,2,29080.61,17448.37,40712.85
ITEM-000637,ORD-00304,PROD-0066,1,3066.74,920.02,2146.72
ITEM-000638,ORD-00304,PROD-0013,3,116727.16,105054.44,245127.04
ITEM-000639,ORD-00304,PROD-0052,1,814.65,244.4,570.25
ITEM-000640,ORD-00305,PROD-0030,2,7630.74,0.0,15261.48
ITEM-000641,ORD-00305,PROD-0039,1,738.18,0.0,738.18
ITEM-000642,ORD-00305,PROD-0036,2,29238.48,0.0,58476.96
ITEM-000643,ORD-00305,PROD-0062,3,4002.89,0.0,12008.67
ITEM-000644,ORD-00305,PROD-0050,1,1843.01,0.0,1843.01
ITEM-000645,ORD-00306,PROD-0058,1,3021.89,302.19,2719.7
ITEM-000646,ORD-00306,PROD-0037,5,31165.03,15582.51,140242.64
ITEM-000647,ORD-00307,PROD-0017,1,14949.48,1494.95,13454.53
ITEM-000648,ORD-00307,PROD-0069,2,4275.33,855.07,7695.59
ITEM-000649,ORD-00308,PROD-0026,5,6024.68,1506.17,28617.23
ITEM-000650,ORD-00308,PROD-0004,2,104516.44,10451.64,198581.24
ITEM-000651,ORD-00308,PROD-0020,2,7859.34,785.93,14932.75
ITEM-000652,ORD-00308,PROD-0055,2,3269.86,326.99,6212.73
ITEM-000653,ORD-00308,PROD-0045,1,523.28,26.16,497.12
ITEM-000654,ORD-00309,PROD-0015,1,11857.0,0.0,11857.0
ITEM-000655,ORD-00309,PROD-0072,1,3464.52,0.0,3464.52
ITEM-000656,ORD-00309,PROD-0025,1,13690.5,0.0,13690.5
ITEM-000657,ORD-00310,PROD-0054,5,4451.78,4451.78,17807.12
ITEM-000658,ORD-00310,PROD-0053,1,1974.19,394.84,1579.35
ITEM-000659,ORD-00310,PROD-0056,5,1266.18,1266.18,5064.72
ITEM-000660,ORD-00311,PROD-0031,3,43799.96,39419.96,91979.92
ITEM-000661,ORD-00311,PROD-0036,4,29238.48,35086.18,81867.74
ITEM-000662,ORD-00311,PROD-0023,1,9803.45,2941.03,6862.42
ITEM-000663,ORD-00312,PROD-0017,1,14949.48,2989.9,11959.58
ITEM-000664,ORD-00312,PROD-0018,2,13595.1,5438.04,21752.16
ITEM-000665,ORD-00312,PROD-0029,1,26905.65,5381.13,21524.52
ITEM-000666,ORD-00313,PROD-0027,1,35192.66,0.0,35192.66
ITEM-000667,ORD-00313,PROD-0057,1,3014.34,0.0,3014.34
ITEM-000668,ORD-00313,PROD-0055,1,3269.86,0.0,3269.86
ITEM-000669,ORD-00313,PROD-0071,2,3798.51,0.0,7597.02
ITEM-000670,ORD-00314,PROD-0058,2,3021.89,0.0,6043.78
ITEM-000671,ORD-00315,PROD-0039,1,738.18,184.54,553.64
ITEM-000672,ORD-00316,PROD-0036,1,29238.48,2923.85,26314.63
ITEM-000673,ORD-00316,PROD-0038,1,15629.94,1562.99,14066.95
ITEM-000674,ORD-00317,PROD-0045,1,523.28,78.49,444.79
ITEM-000675,ORD-00318,PROD-0051,4,1302.78,1563.34,3647.78
ITEM-000676,ORD-00319,PROD-0040,3,354.18,0.0,1062.54
ITEM-000677,ORD-00319,PROD-0018,1,13595.1,0.0,13595.1
ITEM-000678,ORD-00320,PROD-0071,1,3798.51,379.85,3418.66
ITEM-000679,ORD-00321,PROD-0017,1,14949.48,4484.84,10464.64
ITEM-000680,ORD-00321,PROD-0049,2,543.64,326.18,761.1
ITEM-000681,ORD-00322,PROD-0046,2,1068.78,0.0,2137.56
ITEM-000682,ORD-00322,PROD-0049,1,543.64,0.0,543.64
ITEM-000683,ORD-00322,PROD-0079,3,2367.89,0.0,7103.67
ITEM-000684,ORD-00323,PROD-0063,1,3661.31,732.26,2929.05
ITEM-000685,ORD-00323,PROD-0057,4,3014.34,2411.47,9645.89
ITEM-000686,ORD-00324,PROD-0039,1,738.18,0.0,738.18
ITEM-000687,ORD-00324,PROD-0078,4,14307.56,0.0,57230.24
ITEM-000688,ORD-00324,PROD-0006,5,78104.58,0.0,390522.9
ITEM-000689,ORD-00325,PROD-0071,2,3798.51,1139.55,6457.47
ITEM-000690,ORD-00325,PROD-0042,1,472.22,70.83,401.39
ITEM-000691,ORD-00325,PROD-0001,1,85654.19,12848.13,72806.06
ITEM-000692,ORD-00325,PROD-0023,2,9803.45,2941.03,16665.87
ITEM-000693,ORD-00326,PROD-0035,3,32410.39,24307.79,72923.38
ITEM-000694,ORD-00327,PROD-0033,1,45327.59,4532.76,40794.83
ITEM-000695,ORD-00327,PROD-0071,2,3798.51,759.7,6837.32
ITEM-000696,ORD-00327,PROD-0052,2,814.65,162.93,1466.37
ITEM-000697,ORD-00327,PROD-0062,2,4002.89,800.58,7205.2
ITEM-000698,ORD-00328,PROD-0031,5,43799.96,43799.96,175199.84
ITEM-000699,ORD-00329,PROD-0047,1,1537.69,0.0,1537.69
ITEM-000700,ORD-00330,PROD-0011,1,8972.23,897.22,8075.01
ITEM-000701,ORD-00330,PROD-0048,3,1883.43,565.03,5085.26
ITEM-000702,ORD-00330,PROD-0062,1,4002.89,400.29,3602.6
ITEM-000703,ORD-00331,PROD-0034,2,10118.15,1011.82,19224.48
ITEM-000704,ORD-00332,PROD-0068,1,10709.38,1606.41,9102.97
ITEM-000705,ORD-00332,PROD-0067,3,12793.32,5756.99,32622.97
ITEM-000706,ORD-00333,PROD-0018,3,13595.1,6117.8,34667.5
ITEM-000707,ORD-00334,PROD-0002,2,121819.8,0.0,243639.6
ITEM-000708,ORD-00335,PROD-0057,1,3014.34,150.72,2863.62
ITEM-000709,ORD-00336,PROD-0013,1,116727.16,11672.72,105054.44
ITEM-000710,ORD-00336,PROD-0066,2,3066.74,613.35,5520.13
ITEM-000711,ORD-00337,PROD-0065,1,3085.73,925.72,2160.01
ITEM-000712,ORD-00337,PROD-0007,2,64234.24,38540.54,89927.94
ITEM-000713,ORD-00337,PROD-0008,1,112318.49,33695.55,78622.94
ITEM-000714,ORD-00338,PROD-0040,1,354.18,88.55,265.63
ITEM-000715,ORD-00339,PROD-0012,4,51591.73,0.0,206366.92
ITEM-000716,ORD-00340,PROD-0056,1,1266.18,379.85,886.33
ITEM-000717,ORD-00341,PROD-0014,1,1370.35,0.0,1370.35
ITEM-000718,ORD-00341,PROD-0002,2,121819.8,0.0,243639.6
ITEM-000719,ORD-00342,PROD-0013,2,116727.16,11672.72,221781.6
ITEM-000720,ORD-00342,PROD-0006,1,78104.58,3905.23,74199.35
ITEM-000721,ORD-00343,PROD-0055,1,3269.86,653.97,2615.89
ITEM-000722,ORD-00343,PROD-0039,3,738.18,442.91,1771.63
ITEM-000723,ORD-00344,PROD-0053,1,1974.19,394.84,1579.35
ITEM-000724,ORD-00344,PROD-0071,1,3798.51,759.7,3038.81
ITEM-000725,ORD-00344,PROD-0001,2,85654.19,34261.68,137046.7
ITEM-000726,ORD-00345,PROD-0010,1,29080.61,5816.12,23264.49
ITEM-000727,ORD-00346,PROD-0026,1,6024.68,602.47,5422.21
ITEM-000728,ORD-00347,PROD-0024,1,855.93,213.98,641.95
ITEM-000729,ORD-00348,PROD-0065,1,3085.73,925.72,2160.01
ITEM-000730,ORD-00349,PROD-0043,4,1299.09,0.0,5196.36
ITEM-000731,ORD-00350,PROD-0042,4,472.22,188.89,1699.99
ITEM-000732,ORD-00351,PROD-0037,2,31165.03,0.0,62330.06
ITEM-000733,ORD-00352,PROD-0020,1,7859.34,785.93,7073.41
ITEM-000734,ORD-00353,PROD-0005,1,93567.0,0.0,93567.0
ITEM-000735,ORD-00353,PROD-0014,1,1370.35,0.0,1370.35
ITEM-000736,ORD-00354,PROD-0073,1,11158.63,1115.86,10042.77
ITEM-000737,ORD-00354,PROD-0019,3,13763.21,4128.96,37160.67
ITEM-000738,ORD-00354,PROD-0003,1,32384.66,3238.47,29146.19
ITEM-000739,ORD-00355,PROD-0067,1,12793.32,3198.33,9594.99
ITEM-000740,ORD-00356,PROD-0018,1,13595.1,0.0,13595.1
ITEM-000741,ORD-00357,PROD-0041,1,1147.18,114.72,1032.46
ITEM-000742,ORD-00358,PROD-0017,1,14949.48,1494.95,13454.53
ITEM-000743,ORD-00358,PROD-0024,2,855.93,171.19,1540.67
ITEM-000744,ORD-00358,PROD-0023,1,9803.45,980.35,8823.1
ITEM-000745,ORD-00358,PROD-0007,2,64234.24,12846.85,115621.63
ITEM-000746,ORD-00358,PROD-0048,2,1883.43,376.69,3390.17
ITEM-000747,ORD-00359,PROD-0010,1,29080.61,1454.03,27626.58
ITEM-000748,ORD-00360,PROD-0069,1,4275.33,0.0,4275.33
ITEM-000749,ORD-00361,PROD-0013,1,116727.16,0.0,116727.16
ITEM-000750,ORD-00362,PROD-0047,2,1537.69,307.54,2767.84
ITEM-000751,ORD-00362,PROD-0024,5,855.93,427.96,3851.69
ITEM-000752,ORD-00363,PROD-0028,1,14434.11,0.0,14434.11
ITEM-000753,ORD-00364,PROD-0033,2,45327.59,0.0,90655.18
ITEM-000754,ORD-00364,PROD-0043,1,1299.09,0.0,1299.09
ITEM-000755,ORD-00364,PROD-0053,1,1974.19,0.0,1974.19
ITEM-000756,ORD-00365,PROD-0052,1,814.65,0.0,814.65
ITEM-000757,ORD-00366,PROD-0079,3,2367.89,2131.1,4972.57
ITEM-000758,ORD-00366,PROD-0057,1,3014.34,904.3,2110.04
ITEM-000759,ORD-00366,PROD-0055,2,3269.86,1961.92,4577.8
ITEM-000760,ORD-00367,PROD-0025,1,13690.5,0.0,13690.5
ITEM-000761,ORD-00367,PROD-0035,1,32410.39,0.0,32410.39
ITEM-000762,ORD-00368,PROD-0046,3,1068.78,961.9,2244.44
ITEM-000763,ORD-00368,PROD-0032,2,27601.51,16560.91,38642.11
ITEM-000764,ORD-00368,PROD-0056,1,1266.18,379.85,886.33
ITEM-000765,ORD-00369,PROD-0032,2,27601.51,8280.45,46922.57
ITEM-000766,ORD-00369,PROD-0036,1,29238.48,4385.77,24852.71
ITEM-000767,ORD-00369,PROD-0074,2,23577.52,7073.26,40081.78
ITEM-000768,ORD-00369,PROD-0071,3,3798.51,1709.33,9686.2
ITEM-000769,ORD-00370,PROD-0012,1,51591.73,5159.17,46432.56
ITEM-000770,ORD-00371,PROD-0050,5,1843.01,921.5,8293.55
ITEM-000771,ORD-00372,PROD-0043,3,1299.09,0.0,3897.27
ITEM-000772,ORD-00372,PROD-0073,1,11158.63,0.0,11158.63
ITEM-000773,ORD-00373,PROD-0050,3,1843.01,276.45,5252.58
ITEM-000774,ORD-00373,PROD-0021,3,14237.71,2135.66,40577.47
ITEM-000775,ORD-00373,PROD-0048,2,1883.43,188.34,3578.52
ITEM-000776,ORD-00374,PROD-0054,1,4451.78,0.0,4451.78
ITEM-000777,ORD-00374,PROD-0039,1,738.18,0.0,738.18
ITEM-000778,ORD-00375,PROD-0029,1,26905.65,5381.13,21524.52
ITEM-000779,ORD-00375,PROD-0032,3,27601.51,16560.91,66243.62
ITEM-000780,ORD-00375,PROD-0052,3,814.65,488.79,1955.16
ITEM-000781,ORD-00375,PROD-0075,4,17455.24,13964.19,55856.77
ITEM-000782,ORD-00375,PROD-0048,4,1883.43,1506.74,6026.98
ITEM-000783,ORD-00376,PROD-0041,2,1147.18,0.0,2294.36
ITEM-000784,ORD-00377,PROD-0072,2,3464.52,692.9,6236.14
ITEM-000785,ORD-00378,PROD-0053,3,1974.19,888.39,5034.18
ITEM-000786,ORD-00378,PROD-0017,4,14949.48,8969.69,50828.23
ITEM-000787,ORD-00379,PROD-0044,1,1147.03,114.7,1032.33
ITEM-000788,ORD-00379,PROD-0032,1,27601.51,2760.15,24841.36
ITEM-000789,ORD-00380,PROD-0050,1,1843.01,0.0,1843.01
ITEM-000790,ORD-00380,PROD-0064,1,2018.49,0.0,2018.49
ITEM-000791,ORD-00380,PROD-0076,1,23557.35,0.0,23557.35
ITEM-000792,ORD-00380,PROD-0020,2,7859.34,0.0,15718.68
ITEM-000793,ORD-00381,PROD-0054,1,4451.78,0.0,4451.78
ITEM-000794,ORD-00381,PROD-0026,1,6024.68,0.0,6024.68
ITEM-000795,ORD-00381,PROD-0071,2,3798.51,0.0,7597.02
ITEM-000796,ORD-00381,PROD-0029,1,26905.65,0.0,26905.65
ITEM-000797,ORD-00382,PROD-0055,1,3269.86,0.0,3269.86
ITEM-000798,ORD-00383,PROD-0053,1,1974.19,197.42,1776.77
ITEM-000799,ORD-00383,PROD-0013,2,116727.16,23345.43,210108.89
ITEM-000800,ORD-00384,PROD-0061,2,3090.65,1236.26,4945.04
ITEM-000801,ORD-00385,PROD-0078,3,14307.56,10730.67,32192.01
ITEM-000802,ORD-00386,PROD-0010,1,29080.61,0.0,29080.61
ITEM-000803,ORD-00386,PROD-0054,1,4451.78,0.0,4451.78
ITEM-000804,ORD-00386,PROD-0013,4,116727.16,0.0,466908.64
ITEM-000805,ORD-00387,PROD-0051,4,1302.78,1042.22,4168.9
ITEM-000806,ORD-00388,PROD-0026,1,6024.68,0.0,6024.68
ITEM-000807,ORD-00388,PROD-0060,1,239.31,0.0,239.31
ITEM-000808,ORD-00389,PROD-0027,1,35192.66,8798.17,26394.49
ITEM-000809,ORD-00389,PROD-0061,1,3090.65,772.66,2317.99
ITEM-000810,ORD-00390,PROD-0001,1,85654.19,21413.55,64240.64
ITEM-000811,ORD-00390,PROD-0013,2,116727.16,58363.58,175090.74
ITEM-000812,ORD-00391,PROD-0071,4,3798.51,1519.4,13674.64
ITEM-000813,ORD-00391,PROD-0003,1,32384.66,3238.47,29146.19
ITEM-000814,ORD-00391,PROD-0072,1,3464.52,346.45,3118.07
ITEM-000815,ORD-00392,PROD-0017,5,14949.48,7474.74,67272.66
ITEM-000816,ORD-00393,PROD-0051,1,1302.78,0.0,1302.78
ITEM-000817,ORD-00393,PROD-0026,1,6024.68,0.0,6024.68
ITEM-000818,ORD-00393,PROD-0076,1,23557.35,0.0,23557.35
ITEM-000819,ORD-00393,PROD-0039,1,738.18,0.0,738.18
ITEM-000820,ORD-00393,PROD-0057,2,3014.34,0.0,6028.68
ITEM-000821,ORD-00394,PROD-0022,1,10152.93,507.65,9645.28
ITEM-000822,ORD-00394,PROD-0050,1,1843.01,92.15,1750.86
ITEM-000823,ORD-00394,PROD-0038,4,15629.94,3125.99,59393.77
ITEM-000824,ORD-00395,PROD-0014,1,1370.35,137.03,1233.32
ITEM-000825,ORD-00396,PROD-0075,1,17455.24,2618.29,14836.95
ITEM-000826,ORD-00396,PROD-0076,1,23557.35,3533.6,20023.75
ITEM-000827,ORD-00396,PROD-0039,2,738.18,221.45,1254.91
ITEM-000828,ORD-00397,PROD-0011,1,8972.23,2691.67,6280.56
ITEM-000829,ORD-00397,PROD-0015,1,11857.0,3557.1,8299.9
ITEM-000830,ORD-00398,PROD-0038,2,15629.94,9377.96,21881.92
ITEM-000831,ORD-00398,PROD-0073,1,11158.63,3347.59,7811.04
ITEM-000832,ORD-00398,PROD-0059,2,955.76,573.46,1338.06
ITEM-000833,ORD-00398,PROD-0012,1,51591.73,15477.52,36114.21
ITEM-000834,ORD-00399,PROD-0029,1,26905.65,2690.57,24215.08
ITEM-000835,ORD-00399,PROD-0028,1,14434.11,1443.41,12990.7
ITEM-000836,ORD-00399,PROD-0043,1,1299.09,129.91,1169.18
ITEM-000837,ORD-00399,PROD-0077,1,18535.55,1853.56,16681.99
ITEM-000838,ORD-00400,PROD-0074,1,23577.52,4715.5,18862.02
ITEM-000839,ORD-00400,PROD-0004,2,104516.44,41806.58,167226.3
ITEM-000840,ORD-00400,PROD-0015,2,11857.0,4742.8,18971.2
ITEM-000841,ORD-00401,PROD-0075,1,17455.24,1745.52,15709.72
ITEM-000842,ORD-00402,PROD-0025,1,13690.5,4107.15,9583.35
ITEM-000843,ORD-00402,PROD-0029,1,26905.65,8071.69,18833.96
ITEM-000844,ORD-00402,PROD-0030,1,7630.74,2289.22,5341.52
ITEM-000845,ORD-00403,PROD-0062,5,4002.89,3002.17,17012.28
ITEM-000846,ORD-00403,PROD-0027,1,35192.66,5278.9,29913.76
ITEM-000847,ORD-00404,PROD-0037,2,31165.03,9349.51,52980.55
ITEM-000848,ORD-00404,PROD-0006,2,78104.58,23431.37,132777.79
ITEM-000849,ORD-00404,PROD-0073,1,11158.63,1673.79,9484.84
ITEM-000850,ORD-00405,PROD-0010,3,29080.61,8724.18,78517.65
ITEM-000851,ORD-00406,PROD-0028,1,14434.11,3608.53,10825.58
ITEM-000852,ORD-00406,PROD-0005,1,93567.0,23391.75,70175.25
ITEM-000853,ORD-00407,PROD-0014,1,1370.35,342.59,1027.76
ITEM-000854,ORD-00407,PROD-0052,1,814.65,203.66,610.99
ITEM-000855,ORD-00408,PROD-0076,3,23557.35,7067.2,63604.85
ITEM-000856,ORD-00408,PROD-0011,1,8972.23,897.22,8075.01
ITEM-000857,ORD-00409,PROD-0021,4,14237.71,8542.63,48408.21
ITEM-000858,ORD-00410,PROD-0068,2,10709.38,2141.88,19276.88
ITEM-000859,ORD-00411,PROD-0054,5,4451.78,0.0,22258.9
ITEM-000860,ORD-00411,PROD-0016,2,13284.93,0.0,26569.86
ITEM-000861,ORD-00411,PROD-0052,1,814.65,0.0,814.65
ITEM-000862,ORD-00411,PROD-0070,2,26338.96,0.0,52677.92
ITEM-000863,ORD-00412,PROD-0038,1,15629.94,3125.99,12503.95
ITEM-000864,ORD-00413,PROD-0026,2,6024.68,0.0,12049.36
ITEM-000865,ORD-00413,PROD-0034,4,10118.15,0.0,40472.6
ITEM-000866,ORD-00413,PROD-0065,5,3085.73,0.0,15428.65
ITEM-000867,ORD-00413,PROD-0043,1,1299.09,0.0,1299.09
ITEM-000868,ORD-00413,PROD-0039,1,738.18,0.0,738.18
ITEM-000869,ORD-00414,PROD-0062,5,4002.89,0.0,20014.45
ITEM-000870,ORD-00414,PROD-0073,1,11158.63,0.0,11158.63
ITEM-000871,ORD-00415,PROD-0076,4,23557.35,28268.82,65960.58
ITEM-000872,ORD-00415,PROD-0013,1,116727.16,35018.15,81709.01
ITEM-000873,ORD-00415,PROD-0027,1,35192.66,10557.8,24634.86
ITEM-000874,ORD-00416,PROD-0013,1,116727.16,17509.07,99218.09
ITEM-000875,ORD-00416,PROD-0012,3,51591.73,23216.28,131558.91
ITEM-000876,ORD-00416,PROD-0064,3,2018.49,908.32,5147.15
ITEM-000877,ORD-00417,PROD-0040,4,354.18,425.02,991.7
ITEM-000878,ORD-00418,PROD-0018,2,13595.1,2719.02,24471.18
ITEM-000879,ORD-00418,PROD-0039,1,738.18,73.82,664.36
ITEM-000880,ORD-00418,PROD-0060,5,239.31,119.66,1076.89
ITEM-000881,ORD-00419,PROD-0012,1,51591.73,7738.76,43852.97
ITEM-000882,ORD-00419,PROD-0038,1,15629.94,2344.49,13285.45
ITEM-000883,ORD-00420,PROD-0039,1,738.18,147.64,590.54
ITEM-000884,ORD-00420,PROD-0041,1,1147.18,229.44,917.74
ITEM-000885,ORD-00421,PROD-0078,5,14307.56,0.0,71537.8
ITEM-000886,ORD-00421,PROD-0028,1,14434.11,0.0,14434.11
ITEM-000887,ORD-00422,PROD-0063,1,3661.31,0.0,3661.31
ITEM-000888,ORD-00422,PROD-0049,1,543.64,0.0,543.64
ITEM-000889,ORD-00423,PROD-0031,3,43799.96,39419.96,91979.92
ITEM-000890,ORD-00423,PROD-0071,1,3798.51,1139.55,2658.96
ITEM-000891,ORD-00424,PROD-0064,2,2018.49,403.7,3633.28
ITEM-000892,ORD-00424,PROD-0039,1,738.18,73.82,664.36
ITEM-000893,ORD-00424,PROD-0079,3,2367.89,710.37,6393.3
ITEM-000894,ORD-00424,PROD-0015,5,11857.0,5928.5,53356.5
ITEM-000895,ORD-00425,PROD-0020,1,7859.34,1964.84,5894.5
ITEM-000896,ORD-00426,PROD-0007,1,64234.24,6423.42,57810.82
ITEM-000897,ORD-00427,PROD-0043,1,1299.09,259.82,1039.27
ITEM-000898,ORD-00428,PROD-0077,2,18535.55,0.0,37071.1
ITEM-000899,ORD-00429,PROD-0024,1,855.93,0.0,855.93
ITEM-000900,ORD-00429,PROD-0050,1,1843.01,0.0,1843.01
ITEM-000901,ORD-00429,PROD-0009,1,113999.83,0.0,113999.83
ITEM-000902,ORD-00429,PROD-0053,1,1974.19,0.0,1974.19
ITEM-000903,ORD-00429,PROD-0071,3,3798.51,0.0,11395.53
ITEM-000904,ORD-00430,PROD-0040,1,354.18,53.13,301.05
ITEM-000905,ORD-00430,PROD-0010,2,29080.61,8724.18,49437.04
ITEM-000906,ORD-00431,PROD-0009,4,113999.83,0.0,455999.32
ITEM-000907,ORD-00432,PROD-0070,2,26338.96,2633.9,50044.02
ITEM-000908,ORD-00432,PROD-0077,1,18535.55,926.78,17608.77
ITEM-000909,ORD-00433,PROD-0046,1,1068.78,0.0,1068.78
ITEM-000910,ORD-00433,PROD-0055,1,3269.86,0.0,3269.86
ITEM-000911,ORD-00434,PROD-0077,5,18535.55,9267.77,83409.98
ITEM-000912,ORD-00434,PROD-0029,1,26905.65,2690.57,24215.08
ITEM-000913,ORD-00435,PROD-0044,1,1147.03,57.35,1089.68
ITEM-000914,ORD-00436,PROD-0052,1,814.65,244.4,570.25
ITEM-000915,ORD-00437,PROD-0065,1,3085.73,617.15,2468.58
ITEM-000916,ORD-00438,PROD-0024,1,855.93,0.0,855.93
ITEM-000917,ORD-00439,PROD-0059,1,955.76,238.94,716.82
ITEM-000918,ORD-00439,PROD-0020,3,7859.34,5894.51,17683.51
ITEM-000919,ORD-00439,PROD-0050,1,1843.01,460.75,1382.26
ITEM-000920,ORD-00440,PROD-0034,1,10118.15,505.91,9612.24
ITEM-000921,ORD-00441,PROD-0003,2,32384.66,9715.4,55053.92
ITEM-000922,ORD-00442,PROD-0036,1,29238.48,1461.92,27776.56
ITEM-000923,ORD-00443,PROD-0049,2,543.64,108.73,978.55
ITEM-000924,ORD-00444,PROD-0054,1,4451.78,1335.53,3116.25
ITEM-000925,ORD-00444,PROD-0024,3,855.93,770.34,1797.45
ITEM-000926,ORD-00444,PROD-0034,3,10118.15,9106.33,21248.12
ITEM-000927,ORD-00444,PROD-0006,1,78104.58,23431.37,54673.21
ITEM-000928,ORD-00444,PROD-0066,2,3066.74,1840.04,4293.44
ITEM-000929,ORD-00445,PROD-0053,1,1974.19,0.0,1974.19
ITEM-000930,ORD-00445,PROD-0070,1,26338.96,0.0,26338.96
ITEM-000931,ORD-00445,PROD-0077,5,18535.55,0.0,92677.75
ITEM-000932,ORD-00446,PROD-0063,1,3661.31,549.2,3112.11
ITEM-000933,ORD-00446,PROD-0018,1,13595.1,2039.27,11555.83
ITEM-000934,ORD-00446,PROD-0069,1,4275.33,641.3,3634.03
ITEM-000935,ORD-00447,PROD-0015,1,11857.0,0.0,11857.0
ITEM-000936,ORD-00447,PROD-0016,3,13284.93,0.0,39854.79
ITEM-000937,ORD-00448,PROD-0030,1,7630.74,0.0,7630.74
ITEM-000938,ORD-00449,PROD-0023,2,9803.45,1960.69,17646.21
ITEM-000939,ORD-00450,PROD-0069,1,4275.33,855.07,3420.26
ITEM-000940,ORD-00451,PROD-0020,2,7859.34,3929.67,11789.01
ITEM-000941,ORD-00452,PROD-0078,2,14307.56,0.0,28615.12
ITEM-000942,ORD-00453,PROD-0001,1,85654.19,8565.42,77088.77
ITEM-000943,ORD-00454,PROD-0071,1,3798.51,0.0,3798.51
ITEM-000944,ORD-00455,PROD-0015,1,11857.0,0.0,11857.0
ITEM-000945,ORD-00455,PROD-0030,3,7630.74,0.0,22892.22
ITEM-000946,ORD-00456,PROD-0032,3,27601.51,16560.91,66243.62
ITEM-000947,ORD-00456,PROD-0045,4,523.28,418.62,1674.5
ITEM-000948,ORD-00456,PROD-0004,1,104516.44,20903.29,83613.15
ITEM-000949,ORD-00457,PROD-0057,4,3014.34,3014.34,9043.02
ITEM-000950,ORD-00458,PROD-0068,2,10709.38,1070.94,20347.82
ITEM-000951,ORD-00459,PROD-0001,2,85654.19,0.0,171308.38
ITEM-000952,ORD-00459,PROD-0056,4,1266.18,0.0,5064.72
ITEM-000953,ORD-00459,PROD-0038,1,15629.94,0.0,15629.94
ITEM-000954,ORD-00459,PROD-0016,1,13284.93,0.0,13284.93
ITEM-000955,ORD-00460,PROD-0077,1,18535.55,926.78,17608.77
ITEM-000956,ORD-00460,PROD-0060,2,239.31,23.93,454.69
ITEM-000957,ORD-00460,PROD-0068,3,10709.38,1606.41,30521.73
ITEM-000958,ORD-00460,PROD-0031,1,43799.96,2190.0,41609.96
ITEM-000959,ORD-00460,PROD-0004,1,104516.44,5225.82,99290.62
ITEM-000960,ORD-00461,PROD-0043,1,1299.09,0.0,1299.09
ITEM-000961,ORD-00461,PROD-0032,2,27601.51,0.0,55203.02
ITEM-000962,ORD-00462,PROD-0017,1,14949.48,0.0,14949.48
ITEM-000963,ORD-00462,PROD-0066,2,3066.74,0.0,6133.48
ITEM-000964,ORD-00462,PROD-0013,3,116727.16,0.0,350181.48
ITEM-000965,ORD-00462,PROD-0034,1,10118.15,0.0,10118.15
ITEM-000966,ORD-00463,PROD-0017,1,14949.48,4484.84,10464.64
ITEM-000967,ORD-00463,PROD-0071,2,3798.51,2279.11,5317.91
ITEM-000968,ORD-00463,PROD-0005,2,93567.0,56140.2,130993.8
ITEM-000969,ORD-00463,PROD-0023,2,9803.45,5882.07,13724.83
ITEM-000970,ORD-00464,PROD-0029,3,26905.65,24215.09,56501.86
ITEM-000971,ORD-00465,PROD-0072,2,3464.52,0.0,6929.04
ITEM-000972,ORD-00465,PROD-0004,1,104516.44,0.0,104516.44
ITEM-000973,ORD-00466,PROD-0015,1,11857.0,0.0,11857.0
ITEM-000974,ORD-00466,PROD-0019,3,13763.21,0.0,41289.63
ITEM-000975,ORD-00467,PROD-0057,4,3014.34,0.0,12057.36
ITEM-000976,ORD-00467,PROD-0033,4,45327.59,0.0,181310.36
ITEM-000977,ORD-00468,PROD-0052,1,814.65,81.47,733.18
ITEM-000978,ORD-00468,PROD-0077,3,18535.55,5560.66,50045.99
ITEM-000979,ORD-00468,PROD-0074,2,23577.52,4715.5,42439.54
ITEM-000980,ORD-00469,PROD-0064,2,2018.49,403.7,3633.28
ITEM-000981,ORD-00469,PROD-0048,1,1883.43,188.34,1695.09
ITEM-000982,ORD-00469,PROD-0076,3,23557.35,7067.2,63604.85
ITEM-000983,ORD-00469,PROD-0074,1,23577.52,2357.75,21219.77
ITEM-000984,ORD-00469,PROD-0040,4,354.18,141.67,1275.05
ITEM-000985,ORD-00470,PROD-0054,2,4451.78,1780.71,7122.85
ITEM-000986,ORD-00471,PROD-0007,1,64234.24,9635.14,54599.1
ITEM-000987,ORD-00471,PROD-0039,1,738.18,110.73,627.45
ITEM-000988,ORD-00472,PROD-0070,1,26338.96,2633.9,23705.06
ITEM-000989,ORD-00472,PROD-0055,1,3269.86,326.99,2942.87
ITEM-000990,ORD-00473,PROD-0043,1,1299.09,324.77,974.32
ITEM-000991,ORD-00474,PROD-0058,3,3021.89,1813.13,7252.54
ITEM-000992,ORD-00475,PROD-0006,1,78104.58,7810.46,70294.12
ITEM-000993,ORD-00476,PROD-0057,1,3014.34,452.15,2562.19
ITEM-000994,ORD-00477,PROD-0054,2,4451.78,890.36,8013.2
ITEM-000995,ORD-00477,PROD-0072,2,3464.52,692.9,6236.14
ITEM-000996,ORD-00477,PROD-0009,1,113999.83,11399.98,102599.85
ITEM-000997,ORD-00477,PROD-0039,1,738.18,73.82,664.36
ITEM-000998,ORD-00478,PROD-0036,1,29238.48,0.0,29238.48
ITEM-000999,ORD-00479,PROD-0079,1,2367.89,710.37,1657.52
ITEM-001000,ORD-00479,PROD-0021,1,14237.71,4271.31,9966.4
ITEM-001001,ORD-00479,PROD-0051,3,1302.78,1172.5,2735.84
ITEM-001002,ORD-00480,PROD-0024,3,855.93,0.0,2567.79
ITEM-001003,ORD-00480,PROD-0042,3,472.22,0.0,1416.66
ITEM-001004,ORD-00481,PROD-0024,2,855.93,256.78,1455.08
ITEM-001005,ORD-00481,PROD-0031,4,43799.96,26279.98,148919.86
ITEM-001006,ORD-00482,PROD-0039,2,738.18,0.0,1476.36
ITEM-001007,ORD-00483,PROD-0036,2,29238.48,5847.7,52629.26
ITEM-001008,ORD-00483,PROD-0011,1,8972.23,897.22,8075.01
ITEM-001009,ORD-00483,PROD-0059,2,955.76,191.15,1720.37
ITEM-001010,ORD-00484,PROD-0051,2,1302.78,0.0,2605.56
ITEM-001011,ORD-00485,PROD-0044,1,1147.03,57.35,1089.68
ITEM-001012,ORD-00486,PROD-0075,4,17455.24,17455.24,52365.72
ITEM-001013,ORD-00487,PROD-0064,2,2018.49,807.4,3229.58
ITEM-001014,ORD-00488,PROD-0021,1,14237.71,2847.54,11390.17
ITEM-001015,ORD-00489,PROD-0008,1,112318.49,11231.85,101086.64
ITEM-001016,ORD-00490,PROD-0029,3,26905.65,0.0,80716.95
ITEM-001017,ORD-00490,PROD-0019,2,13763.21,0.0,27526.42
ITEM-001018,ORD-00490,PROD-0080,1,47311.93,0.0,47311.93
ITEM-001019,ORD-00491,PROD-0029,3,26905.65,0.0,80716.95
ITEM-001020,ORD-00492,PROD-0069,4,4275.33,4275.33,12825.99
ITEM-001021,ORD-00493,PROD-0050,1,1843.01,276.45,1566.56
ITEM-001022,ORD-00494,PROD-0018,2,13595.1,0.0,27190.2
ITEM-001023,ORD-00495,PROD-0080,2,47311.93,4731.19,89892.67
ITEM-001024,ORD-00496,PROD-0013,1,116727.16,11672.72,105054.44
ITEM-001025,ORD-00496,PROD-0063,1,3661.31,366.13,3295.18
ITEM-001026,ORD-00497,PROD-0017,1,14949.48,0.0,14949.48
ITEM-001027,ORD-00498,PROD-0060,2,239.31,0.0,478.62
ITEM-001028,ORD-00499,PROD-0016,2,13284.93,5313.97,21255.89
ITEM-001029,ORD-00499,PROD-0046,4,1068.78,855.02,3420.1
ITEM-001030,ORD-00499,PROD-0031,1,43799.96,8759.99,35039.97
ITEM-001031,ORD-00500,PROD-0001,1,85654.19,8565.42,77088.77
ITEM-001032,ORD-00501,PROD-0046,2,1068.78,0.0,2137.56
ITEM-001033,ORD-00501,PROD-0005,2,93567.0,0.0,187134.0
ITEM-001034,ORD-00501,PROD-0028,1,14434.11,0.0,14434.11
ITEM-001035,ORD-00501,PROD-0016,3,13284.93,0.0,39854.79
ITEM-001036,ORD-00501,PROD-0030,3,7630.74,0.0,22892.22
ITEM-001037,ORD-00502,PROD-0020,1,7859.34,1964.84,5894.5
ITEM-001038,ORD-00503,PROD-0075,1,17455.24,4363.81,13091.43
ITEM-001039,ORD-00504,PROD-0032,1,27601.51,5520.3,22081.21
ITEM-001040,ORD-00504,PROD-0028,1,14434.11,2886.82,11547.29
ITEM-001041,ORD-00505,PROD-0011,1,8972.23,2243.06,6729.17
ITEM-001042,ORD-00505,PROD-0078,1,14307.56,3576.89,10730.67
ITEM-001043,ORD-00506,PROD-0075,2,17455.24,0.0,34910.48
ITEM-001044,ORD-00507,PROD-0049,1,543.64,0.0,543.64
ITEM-001045,ORD-00507,PROD-0019,1,13763.21,0.0,13763.21
ITEM-001046,ORD-00508,PROD-0036,2,29238.48,2923.85,55553.11
ITEM-001047,ORD-00508,PROD-0064,1,2018.49,100.92,1917.57
ITEM-001048,ORD-00508,PROD-0009,5,113999.83,28499.96,541499.19
ITEM-001049,ORD-00509,PROD-0058,2,3021.89,1208.76,4835.02
ITEM-001050,ORD-00510,PROD-0019,1,13763.21,2064.48,11698.73
ITEM-001051,ORD-00510,PROD-0030,3,7630.74,3433.83,19458.39
ITEM-001052,ORD-00511,PROD-0028,1,14434.11,721.71,13712.4
ITEM-001053,ORD-00512,PROD-0050,2,1843.01,921.5,2764.52
ITEM-001054,ORD-00513,PROD-0069,1,4275.33,1068.83,3206.5
ITEM-001055,ORD-00513,PROD-0010,1,29080.61,7270.15,21810.46
ITEM-001056,ORD-00514,PROD-0037,1,31165.03,4674.75,26490.28
ITEM-001057,ORD-00514,PROD-0032,3,27601.51,12420.68,70383.85
ITEM-001058,ORD-00515,PROD-0038,4,15629.94,15629.94,46889.82
ITEM-001059,ORD-00516,PROD-0079,2,2367.89,473.58,4262.2
ITEM-001060,ORD-00517,PROD-0011,2,8972.23,3588.89,14355.57
ITEM-001061,ORD-00518,PROD-0055,1,3269.86,490.48,2779.38
ITEM-001062,ORD-00518,PROD-0054,1,4451.78,667.77,3784.01
ITEM-001063,ORD-00518,PROD-0044,4,1147.03,688.22,3899.9
ITEM-001064,ORD-00518,PROD-0008,1,112318.49,16847.77,95470.72
ITEM-001065,ORD-00518,PROD-0045,1,523.28,78.49,444.79
ITEM-001066,ORD-00519,PROD-0021,3,14237.71,6406.97,36306.16
ITEM-001067,ORD-00519,PROD-0071,2,3798.51,1139.55,6457.47
ITEM-001068,ORD-00519,PROD-0012,1,51591.73,7738.76,43852.97
ITEM-001069,ORD-00520,PROD-0010,3,29080.61,21810.46,65431.37
ITEM-001070,ORD-00521,PROD-0020,1,7859.34,0.0,7859.34
ITEM-001071,ORD-00521,PROD-0017,2,14949.48,0.0,29898.96
ITEM-001072,ORD-00522,PROD-0071,2,3798.51,1899.26,5697.76
ITEM-001073,ORD-00523,PROD-0050,2,1843.01,921.5,2764.52
ITEM-001074,ORD-00523,PROD-0062,1,4002.89,1000.72,3002.17
ITEM-001075,ORD-00524,PROD-0020,1,7859.34,785.93,7073.41
ITEM-001076,ORD-00525,PROD-0070,2,26338.96,15803.38,36874.54
ITEM-001077,ORD-00525,PROD-0046,1,1068.78,320.63,748.15
ITEM-001078,ORD-00526,PROD-0067,2,12793.32,2558.66,23027.98
ITEM-001079,ORD-00527,PROD-0048,1,1883.43,470.86,1412.57
ITEM-001080,ORD-00527,PROD-0054,1,4451.78,1112.94,3338.84
ITEM-001081,ORD-00528,PROD-0020,2,7859.34,3143.74,12574.94
ITEM-001082,ORD-00529,PROD-0006,1,78104.58,0.0,78104.58
ITEM-001083,ORD-00530,PROD-0059,2,955.76,477.88,1433.64
ITEM-001084,ORD-00530,PROD-0044,2,1147.03,573.51,1720.55
ITEM-001085,ORD-00530,PROD-0032,4,27601.51,27601.51,82804.53
ITEM-001086,ORD-00531,PROD-0032,2,27601.51,8280.45,46922.57
ITEM-001087,ORD-00532,PROD-0019,1,13763.21,0.0,13763.21
ITEM-001088,ORD-00533,PROD-0065,3,3085.73,1851.44,7405.75
ITEM-001089,ORD-00534,PROD-0027,1,35192.66,5278.9,29913.76
ITEM-001090,ORD-00535,PROD-0069,1,4275.33,1068.83,3206.5
ITEM-001091,ORD-00535,PROD-0034,2,10118.15,5059.07,15177.23
ITEM-001092,ORD-00536,PROD-0064,1,2018.49,201.85,1816.64
ITEM-001093,ORD-00537,PROD-0044,4,1147.03,458.81,4129.31
ITEM-001094,ORD-00537,PROD-0027,1,35192.66,3519.27,31673.39
ITEM-001095,ORD-00538,PROD-0036,2,29238.48,5847.7,52629.26
ITEM-001096,ORD-00539,PROD-0050,3,1843.01,1658.71,3870.32
ITEM-001097,ORD-00540,PROD-0055,1,3269.86,980.96,2288.9
ITEM-001098,ORD-00541,PROD-0057,3,3014.34,0.0,9043.02
ITEM-001099,ORD-00542,PROD-0048,1,1883.43,94.17,1789.26
ITEM-001100,ORD-00542,PROD-0009,1,113999.83,5699.99,108299.84
ITEM-001101,ORD-00542,PROD-0019,4,13763.21,2752.64,52300.2
ITEM-001102,ORD-00542,PROD-0063,1,3661.31,183.07,3478.24
ITEM-001103,ORD-00543,PROD-0032,2,27601.51,0.0,55203.02
ITEM-001104,ORD-00543,PROD-0063,1,3661.31,0.0,3661.31
ITEM-001105,ORD-00543,PROD-0047,3,1537.69,0.0,4613.07
ITEM-001106,ORD-00544,PROD-0053,2,1974.19,987.1,2961.28
ITEM-001107,ORD-00544,PROD-0034,2,10118.15,5059.07,15177.23
ITEM-001108,ORD-00545,PROD-0021,1,14237.71,2847.54,11390.17
ITEM-001109,ORD-00545,PROD-0022,3,10152.93,6091.76,24367.03
ITEM-001110,ORD-00546,PROD-0048,3,1883.43,565.03,5085.26
ITEM-001111,ORD-00547,PROD-0053,2,1974.19,592.26,3356.12
ITEM-001112,ORD-00548,PROD-0053,2,1974.19,592.26,3356.12
ITEM-001113,ORD-00549,PROD-0054,3,4451.78,0.0,13355.34
ITEM-001114,ORD-00549,PROD-0042,1,472.22,0.0,472.22
ITEM-001115,ORD-00549,PROD-0050,2,1843.01,0.0,3686.02
ITEM-001116,ORD-00549,PROD-0069,3,4275.33,0.0,12825.99
ITEM-001117,ORD-00549,PROD-0043,3,1299.09,0.0,3897.27
ITEM-001118,ORD-00550,PROD-0054,2,4451.78,0.0,8903.56
ITEM-001119,ORD-00550,PROD-0064,1,2018.49,0.0,2018.49
ITEM-001120,ORD-00550,PROD-0023,1,9803.45,0.0,9803.45
ITEM-001121,ORD-00551,PROD-0057,2,3014.34,1808.6,4220.08
ITEM-001122,ORD-00552,PROD-0035,3,32410.39,14584.68,82646.49
ITEM-001123,ORD-00553,PROD-0074,1,23577.52,0.0,23577.52
ITEM-001124,ORD-00554,PROD-0048,1,1883.43,470.86,1412.57
ITEM-001125,ORD-00554,PROD-0001,3,85654.19,64240.64,192721.93
ITEM-001126,ORD-00555,PROD-0064,1,2018.49,403.7,1614.79
ITEM-001127,ORD-00556,PROD-0001,1,85654.19,4282.71,81371.48
ITEM-001128,ORD-00556,PROD-0037,3,31165.03,4674.75,88820.34
ITEM-001129,ORD-00556,PROD-0045,1,523.28,26.16,497.12
ITEM-001130,ORD-00556,PROD-0064,3,2018.49,302.77,5752.7
ITEM-001131,ORD-00556,PROD-0073,1,11158.63,557.93,10600.7
ITEM-001132,ORD-00557,PROD-0059,1,955.76,0.0,955.76
ITEM-001133,ORD-00557,PROD-0004,2,104516.44,0.0,209032.88
ITEM-001134,ORD-00558,PROD-0012,1,51591.73,0.0,51591.73
ITEM-001135,ORD-00558,PROD-0038,2,15629.94,0.0,31259.88
ITEM-001136,ORD-00559,PROD-0019,2,13763.21,6881.6,20644.82
ITEM-001137,ORD-00559,PROD-0032,4,27601.51,27601.51,82804.53
ITEM-001138,ORD-00559,PROD-0025,2,13690.5,6845.25,20535.75
ITEM-001139,ORD-00559,PROD-0057,4,3014.34,3014.34,9043.02
ITEM-001140,ORD-00560,PROD-0035,1,32410.39,0.0,32410.39
ITEM-001141,ORD-00560,PROD-0041,4,1147.18,0.0,4588.72
ITEM-001142,ORD-00561,PROD-0057,1,3014.34,150.72,2863.62
ITEM-001143,ORD-00561,PROD-0002,1,121819.8,6090.99,115728.81
ITEM-001144,ORD-00562,PROD-0018,3,13595.1,12235.59,28549.71
ITEM-001145,ORD-00563,PROD-0067,1,12793.32,3198.33,9594.99
ITEM-001146,ORD-00563,PROD-0055,1,3269.86,817.47,2452.39
ITEM-001147,ORD-00563,PROD-0026,1,6024.68,1506.17,4518.51
ITEM-001148,ORD-00564,PROD-0020,4,7859.34,3143.74,28293.62
ITEM-001149,ORD-00564,PROD-0004,2,104516.44,20903.29,188129.59
ITEM-001150,ORD-00564,PROD-0007,2,64234.24,12846.85,115621.63
ITEM-001151,ORD-00565,PROD-0035,1,32410.39,1620.52,30789.87
ITEM-001152,ORD-00565,PROD-0017,1,14949.48,747.47,14202.01
ITEM-001153,ORD-00566,PROD-0070,2,26338.96,0.0,52677.92
ITEM-001154,ORD-00566,PROD-0027,1,35192.66,0.0,35192.66
ITEM-001155,ORD-00566,PROD-0028,4,14434.11,0.0,57736.44
ITEM-001156,ORD-00566,PROD-0055,2,3269.86,0.0,6539.72
ITEM-001157,ORD-00566,PROD-0058,4,3021.89,0.0,12087.56
ITEM-001158,ORD-00567,PROD-0078,1,14307.56,3576.89,10730.67
ITEM-001159,ORD-00567,PROD-0052,2,814.65,407.32,1221.98
ITEM-001160,ORD-00568,PROD-0027,1,35192.66,0.0,35192.66
ITEM-001161,ORD-00569,PROD-0033,3,45327.59,20397.42,115585.35
ITEM-001162,ORD-00569,PROD-0078,2,14307.56,4292.27,24322.85
ITEM-001163,ORD-00569,PROD-0037,1,31165.03,4674.75,26490.28
ITEM-001164,ORD-00569,PROD-0056,5,1266.18,949.64,5381.26
ITEM-001165,ORD-00570,PROD-0036,3,29238.48,17543.09,70172.35
ITEM-001166,ORD-00570,PROD-0073,1,11158.63,2231.73,8926.9
ITEM-001167,ORD-00570,PROD-0007,2,64234.24,25693.7,102774.78
ITEM-001168,ORD-00570,PROD-0015,3,11857.0,7114.2,28456.8
ITEM-001169,ORD-00571,PROD-0073,4,11158.63,4463.45,40171.07
ITEM-001170,ORD-00572,PROD-0001,1,85654.19,4282.71,81371.48
ITEM-001171,ORD-00573,PROD-0038,1,15629.94,4688.98,10940.96
ITEM-001172,ORD-00573,PROD-0051,4,1302.78,1563.34,3647.78
ITEM-001173,ORD-00573,PROD-0015,2,11857.0,7114.2,16599.8
ITEM-001174,ORD-00573,PROD-0061,4,3090.65,3708.78,8653.82
ITEM-001175,ORD-00574,PROD-0070,1,26338.96,7901.69,18437.27
ITEM-001176,ORD-00574,PROD-0007,2,64234.24,38540.54,89927.94
ITEM-001177,ORD-00575,PROD-0005,1,93567.0,0.0,93567.0
ITEM-001178,ORD-00575,PROD-0037,1,31165.03,0.0,31165.03
ITEM-001179,ORD-00576,PROD-0035,1,32410.39,0.0,32410.39
ITEM-001180,ORD-00577,PROD-0050,4,1843.01,1105.81,6266.23
ITEM-001181,ORD-00578,PROD-0028,3,14434.11,6495.35,36806.98
ITEM-001182,ORD-00579,PROD-0014,1,1370.35,137.03,1233.32
ITEM-001183,ORD-00580,PROD-0062,1,4002.89,400.29,3602.6
ITEM-001184,ORD-00580,PROD-0040,1,354.18,35.42,318.76
ITEM-001185,ORD-00581,PROD-0006,2,78104.58,7810.46,148398.7
ITEM-001186,ORD-00582,PROD-0052,2,814.65,244.4,1384.9
ITEM-001187,ORD-00583,PROD-0037,1,31165.03,3116.5,28048.53
ITEM-001188,ORD-00584,PROD-0058,1,3021.89,453.28,2568.61
ITEM-001189,ORD-00584,PROD-0071,1,3798.51,569.78,3228.73
ITEM-001190,ORD-00585,PROD-0005,1,93567.0,0.0,93567.0
ITEM-001191,ORD-00585,PROD-0020,2,7859.34,0.0,15718.68
ITEM-001192,ORD-00585,PROD-0060,2,239.31,0.0,478.62
ITEM-001193,ORD-00585,PROD-0014,2,1370.35,0.0,2740.7
ITEM-001194,ORD-00586,PROD-0014,1,1370.35,342.59,1027.76
ITEM-001195,ORD-00587,PROD-0067,4,12793.32,10234.66,40938.62
ITEM-001196,ORD-00588,PROD-0067,1,12793.32,1279.33,11513.99
ITEM-001197,ORD-00588,PROD-0055,2,3269.86,653.97,5885.75
ITEM-001198,ORD-00589,PROD-0050,1,1843.01,276.45,1566.56
ITEM-001199,ORD-00589,PROD-0057,2,3014.34,904.3,5124.38
ITEM-001200,ORD-00590,PROD-0026,1,6024.68,903.7,5120.98
ITEM-001201,ORD-00590,PROD-0021,1,14237.71,2135.66,12102.05
ITEM-001202,ORD-00591,PROD-0042,3,472.22,425.0,991.66
ITEM-001203,ORD-00592,PROD-0069,1,4275.33,641.3,3634.03
ITEM-001204,ORD-00593,PROD-0046,2,1068.78,534.39,1603.17
ITEM-001205,ORD-00594,PROD-0045,1,523.28,0.0,523.28
ITEM-001206,ORD-00595,PROD-0020,1,7859.34,1571.87,6287.47
ITEM-001207,ORD-00595,PROD-0070,1,26338.96,5267.79,21071.17
ITEM-001208,ORD-00596,PROD-0032,2,27601.51,0.0,55203.02
ITEM-001209,ORD-00597,PROD-0066,1,3066.74,306.67,2760.07
ITEM-001210,ORD-00597,PROD-0021,1,14237.71,1423.77,12813.94
ITEM-001211,ORD-00598,PROD-0013,4,116727.16,140072.59,326836.05
ITEM-001212,ORD-00598,PROD-0060,2,239.31,143.59,335.03
ITEM-001213,ORD-00599,PROD-0006,1,78104.58,3905.23,74199.35
ITEM-001214,ORD-00600,PROD-0035,4,32410.39,6482.08,123159.48
ITEM-001215,ORD-00601,PROD-0063,3,3661.31,2196.79,8787.14
ITEM-001216,ORD-00601,PROD-0078,1,14307.56,2861.51,11446.05
ITEM-001217,ORD-00602,PROD-0026,1,6024.68,1807.4,4217.28
ITEM-001218,ORD-00602,PROD-0001,1,85654.19,25696.26,59957.93
ITEM-001219,ORD-00602,PROD-0020,3,7859.34,7073.41,16504.61
ITEM-001220,ORD-00602,PROD-0066,1,3066.74,920.02,2146.72
ITEM-001221,ORD-00603,PROD-0056,3,1266.18,0.0,3798.54
ITEM-001222,ORD-00603,PROD-0076,1,23557.35,0.0,23557.35
ITEM-001223,ORD-00603,PROD-0072,1,3464.52,0.0,3464.52
ITEM-001224,ORD-00604,PROD-0008,1,112318.49,22463.7,89854.79
ITEM-001225,ORD-00604,PROD-0022,3,10152.93,6091.76,24367.03
ITEM-001226,ORD-00605,PROD-0039,1,738.18,36.91,701.27
ITEM-001227,ORD-00606,PROD-0001,4,85654.19,34261.68,308355.08
ITEM-001228,ORD-00606,PROD-0070,4,26338.96,10535.58,94820.26
ITEM-001229,ORD-00606,PROD-0060,1,239.31,23.93,215.38
ITEM-001230,ORD-00606,PROD-0025,2,13690.5,2738.1,24642.9
ITEM-001231,ORD-00606,PROD-0069,1,4275.33,427.53,3847.8
ITEM-001232,ORD-00607,PROD-0029,3,26905.65,4035.85,76681.1
ITEM-001233,ORD-00607,PROD-0072,3,3464.52,519.68,9873.88
ITEM-001234,ORD-00608,PROD-0061,1,3090.65,154.53,2936.12
ITEM-001235,ORD-00608,PROD-0059,1,955.76,47.79,907.97
ITEM-001236,ORD-00608,PROD-0015,2,11857.0,1185.7,22528.3
ITEM-001237,ORD-00608,PROD-0016,1,13284.93,664.25,12620.68
ITEM-001238,ORD-00608,PROD-0065,2,3085.73,308.57,5862.89
ITEM-001239,ORD-00609,PROD-0001,3,85654.19,64240.64,192721.93
ITEM-001240,ORD-00610,PROD-0057,4,3014.34,0.0,12057.36
ITEM-001241,ORD-00611,PROD-0007,3,64234.24,9635.14,183067.58
ITEM-001242,ORD-00612,PROD-0036,1,29238.48,7309.62,21928.86
ITEM-001243,ORD-00612,PROD-0019,1,13763.21,3440.8,10322.41
ITEM-001244,ORD-00612,PROD-0025,1,13690.5,3422.62,10267.88
ITEM-001245,ORD-00613,PROD-0007,2,64234.24,0.0,128468.48
ITEM-001246,ORD-00613,PROD-0045,1,523.28,0.0,523.28
ITEM-001247,ORD-00614,PROD-0058,3,3021.89,1359.85,7705.82
ITEM-001248,ORD-00614,PROD-0061,3,3090.65,1390.79,7881.16
ITEM-001249,ORD-00614,PROD-0013,3,116727.16,52527.22,297654.26
ITEM-001250,ORD-00615,PROD-0016,1,13284.93,0.0,13284.93
ITEM-001251,ORD-00615,PROD-0075,2,17455.24,0.0,34910.48
ITEM-001252,ORD-00615,PROD-0061,1,3090.65,0.0,3090.65
ITEM-001253,ORD-00615,PROD-0014,3,1370.35,0.0,4111.05
ITEM-001254,ORD-00616,PROD-0059,1,955.76,238.94,716.82
ITEM-001255,ORD-00616,PROD-0053,2,1974.19,987.1,2961.28
ITEM-001256,ORD-00617,PROD-0049,1,543.64,163.09,380.55
ITEM-001257,ORD-00617,PROD-0068,3,10709.38,9638.44,22489.7
ITEM-001258,ORD-00617,PROD-0031,1,43799.96,13139.99,30659.97
ITEM-001259,ORD-00618,PROD-0047,1,1537.69,0.0,1537.69
ITEM-001260,ORD-00618,PROD-0020,3,7859.34,0.0,23578.02
ITEM-001261,ORD-00619,PROD-0018,5,13595.1,13595.1,54380.4
ITEM-001262,ORD-00620,PROD-0047,1,1537.69,76.88,1460.81
ITEM-001263,ORD-00621,PROD-0026,1,6024.68,903.7,5120.98
ITEM-001264,ORD-00621,PROD-0024,1,855.93,128.39,727.54
ITEM-001265,ORD-00622,PROD-0034,1,10118.15,0.0,10118.15
ITEM-001266,ORD-00623,PROD-0002,1,121819.8,36545.94,85273.86
ITEM-001267,ORD-00623,PROD-0059,2,955.76,573.46,1338.06
ITEM-001268,ORD-00624,PROD-0032,1,27601.51,4140.23,23461.28
ITEM-001269,ORD-00624,PROD-0054,1,4451.78,667.77,3784.01
ITEM-001270,ORD-00625,PROD-0076,1,23557.35,4711.47,18845.88
ITEM-001271,ORD-00625,PROD-0015,4,11857.0,9485.6,37942.4
ITEM-001272,ORD-00626,PROD-0013,1,116727.16,11672.72,105054.44
ITEM-001273,ORD-00627,PROD-0020,1,7859.34,0.0,7859.34
ITEM-001274,ORD-00628,PROD-0005,1,93567.0,4678.35,88888.65
ITEM-001275,ORD-00629,PROD-0074,2,23577.52,14146.51,33008.53
ITEM-001276,ORD-00630,PROD-0060,2,239.31,47.86,430.76
ITEM-001277,ORD-00630,PROD-0044,3,1147.03,344.11,3096.98
ITEM-001278,ORD-00631,PROD-0027,2,35192.66,17596.33,52788.99
ITEM-001279,ORD-00631,PROD-0029,2,26905.65,13452.83,40358.47
ITEM-001280,ORD-00631,PROD-0041,1,1147.18,286.8,860.38
ITEM-001281,ORD-00631,PROD-0037,4,31165.03,31165.03,93495.09
ITEM-001282,ORD-00632,PROD-0014,2,1370.35,548.14,2192.56
ITEM-001283,ORD-00632,PROD-0037,1,31165.03,6233.01,24932.02
ITEM-001284,ORD-00633,PROD-0033,1,45327.59,4532.76,40794.83
ITEM-001285,ORD-00634,PROD-0065,3,3085.73,2314.3,6942.89
ITEM-001286,ORD-00634,PROD-0053,1,1974.19,493.55,1480.64
ITEM-001287,ORD-00634,PROD-0050,1,1843.01,460.75,1382.26
ITEM-001288,ORD-00634,PROD-0037,4,31165.03,31165.03,93495.09
ITEM-001289,ORD-00634,PROD-0031,4,43799.96,43799.96,131399.88
ITEM-001290,ORD-00635,PROD-0053,1,1974.19,0.0,1974.19
ITEM-001291,ORD-00635,PROD-0055,3,3269.86,0.0,9809.58
ITEM-001292,ORD-00636,PROD-0051,2,1302.78,130.28,2475.28
ITEM-001293,ORD-00637,PROD-0076,4,23557.35,28268.82,65960.58
ITEM-001294,ORD-00638,PROD-0064,3,2018.49,1816.64,4238.83
ITEM-001295,ORD-00638,PROD-0017,2,14949.48,8969.69,20929.27
ITEM-001296,ORD-00638,PROD-0038,2,15629.94,9377.96,21881.92
ITEM-001297,ORD-00638,PROD-0001,2,85654.19,51392.51,119915.87
ITEM-001298,ORD-00638,PROD-0006,1,78104.58,23431.37,54673.21
ITEM-001299,ORD-00639,PROD-0007,1,64234.24,3211.71,61022.53
ITEM-001300,ORD-00640,PROD-0049,1,543.64,163.09,380.55
ITEM-001301,ORD-00640,PROD-0003,2,32384.66,19430.8,45338.52
ITEM-001302,ORD-00641,PROD-0044,1,1147.03,286.76,860.27
ITEM-001303,ORD-00641,PROD-0036,1,29238.48,7309.62,21928.86
ITEM-001304,ORD-00642,PROD-0052,1,814.65,40.73,773.92
ITEM-001305,ORD-00642,PROD-0026,1,6024.68,301.23,5723.45
ITEM-001306,ORD-00642,PROD-0008,2,112318.49,11231.85,213405.13
ITEM-001307,ORD-00642,PROD-0031,1,43799.96,2190.0,41609.96
ITEM-001308,ORD-00643,PROD-0026,1,6024.68,602.47,5422.21
ITEM-001309,ORD-00643,PROD-0002,1,121819.8,12181.98,109637.82
ITEM-001310,ORD-00644,PROD-0076,3,23557.35,17668.01,53004.04
ITEM-001311,ORD-00644,PROD-0007,2,64234.24,32117.12,96351.36
ITEM-001312,ORD-00644,PROD-0068,1,10709.38,2677.34,8032.04
ITEM-001313,ORD-00645,PROD-0015,3,11857.0,0.0,35571.0
ITEM-001314,ORD-00645,PROD-0001,1,85654.19,0.0,85654.19
ITEM-001315,ORD-00646,PROD-0006,2,78104.58,7810.46,148398.7
ITEM-001316,ORD-00646,PROD-0023,4,9803.45,1960.69,37253.11
ITEM-001317,ORD-00646,PROD-0068,1,10709.38,535.47,10173.91
ITEM-001318,ORD-00647,PROD-0009,2,113999.83,68399.9,159599.76
ITEM-001319,ORD-00647,PROD-0043,1,1299.09,389.73,909.36
ITEM-001320,ORD-00647,PROD-0070,2,26338.96,15803.38,36874.54
ITEM-001321,ORD-00647,PROD-0077,1,18535.55,5560.66,12974.89
ITEM-001322,ORD-00647,PROD-0024,1,855.93,256.78,599.15
ITEM-001323,ORD-00648,PROD-0057,1,3014.34,0.0,3014.34
ITEM-001324,ORD-00649,PROD-0054,1,4451.78,1335.53,3116.25
ITEM-001325,ORD-00650,PROD-0004,3,104516.44,31354.93,282194.39
ITEM-001326,ORD-00650,PROD-0066,1,3066.74,306.67,2760.07
ITEM-001327,ORD-00651,PROD-0055,1,3269.86,980.96,2288.9
ITEM-001328,ORD-00651,PROD-0067,1,12793.32,3838.0,8955.32
ITEM-001329,ORD-00651,PROD-0009,2,113999.83,68399.9,159599.76
ITEM-001330,ORD-00651,PROD-0045,1,523.28,156.98,366.3
ITEM-001331,ORD-00651,PROD-0074,1,23577.52,7073.26,16504.26
ITEM-001332,ORD-00652,PROD-0045,4,523.28,313.97,1779.15
ITEM-001333,ORD-00653,PROD-0012,1,51591.73,2579.59,49012.14
ITEM-001334,ORD-00654,PROD-0071,4,3798.51,759.7,14434.34
ITEM-001335,ORD-00655,PROD-0032,3,27601.51,20701.13,62103.4
ITEM-001336,ORD-00655,PROD-0002,1,121819.8,30454.95,91364.85
ITEM-001337,ORD-00656,PROD-0078,1,14307.56,3576.89,10730.67
ITEM-001338,ORD-00656,PROD-0058,1,3021.89,755.47,2266.42
ITEM-001339,ORD-00656,PROD-0080,2,47311.93,23655.97,70967.89
ITEM-001340,ORD-00656,PROD-0065,5,3085.73,3857.16,11571.49
ITEM-001341,ORD-00657,PROD-0018,1,13595.1,1359.51,12235.59
ITEM-001342,ORD-00657,PROD-0055,5,3269.86,1634.93,14714.37
ITEM-001343,ORD-00657,PROD-0078,2,14307.56,2861.51,25753.61
ITEM-001344,ORD-00658,PROD-0004,3,104516.44,0.0,313549.32
ITEM-001345,ORD-00659,PROD-0063,1,3661.31,0.0,3661.31
ITEM-001346,ORD-00660,PROD-0013,1,116727.16,23345.43,93381.73
ITEM-001347,ORD-00660,PROD-0066,1,3066.74,613.35,2453.39
ITEM-001348,ORD-00661,PROD-0068,4,10709.38,0.0,42837.52
ITEM-001349,ORD-00661,PROD-0070,1,26338.96,0.0,26338.96
ITEM-001350,ORD-00661,PROD-0028,2,14434.11,0.0,28868.22
ITEM-001351,ORD-00661,PROD-0053,2,1974.19,0.0,3948.38
ITEM-001352,ORD-00662,PROD-0012,2,51591.73,10318.35,92865.11
ITEM-001353,ORD-00663,PROD-0021,1,14237.71,3559.43,10678.28
ITEM-001354,ORD-00664,PROD-0076,1,23557.35,2355.74,21201.61
ITEM-001355,ORD-00664,PROD-0021,1,14237.71,1423.77,12813.94
ITEM-001356,ORD-00665,PROD-0066,2,3066.74,306.67,5826.81
ITEM-001357,ORD-00665,PROD-0002,2,121819.8,12181.98,231457.62
ITEM-001358,ORD-00666,PROD-0051,4,1302.78,781.67,4429.45
ITEM-001359,ORD-00666,PROD-0011,5,8972.23,6729.17,38131.98
ITEM-001360,ORD-00667,PROD-0024,2,855.93,85.59,1626.27
ITEM-001361,ORD-00668,PROD-0069,1,4275.33,641.3,3634.03
ITEM-001362,ORD-00668,PROD-0078,1,14307.56,2146.13,12161.43
ITEM-001363,ORD-00669,PROD-0041,2,1147.18,573.59,1720.77
ITEM-001364,ORD-00669,PROD-0073,1,11158.63,2789.66,8368.97
ITEM-001365,ORD-00670,PROD-0062,1,4002.89,0.0,4002.89
ITEM-001366,ORD-00671,PROD-0042,5,472.22,118.06,2243.04
ITEM-001367,ORD-00672,PROD-0049,2,543.64,0.0,1087.28
ITEM-001368,ORD-00672,PROD-0038,1,15629.94,0.0,15629.94
ITEM-001369,ORD-00672,PROD-0004,2,104516.44,0.0,209032.88
ITEM-001370,ORD-00673,PROD-0069,1,4275.33,0.0,4275.33
ITEM-001371,ORD-00673,PROD-0004,1,104516.44,0.0,104516.44
ITEM-001372,ORD-00673,PROD-0041,4,1147.18,0.0,4588.72
ITEM-001373,ORD-00673,PROD-0010,3,29080.61,0.0,87241.83
ITEM-001374,ORD-00673,PROD-0038,1,15629.94,0.0,15629.94
ITEM-001375,ORD-00674,PROD-0025,1,13690.5,4107.15,9583.35
ITEM-001376,ORD-00674,PROD-0074,3,23577.52,21219.77,49512.79
ITEM-001377,ORD-00675,PROD-0046,1,1068.78,0.0,1068.78
ITEM-001378,ORD-00675,PROD-0051,1,1302.78,0.0,1302.78
ITEM-001379,ORD-00676,PROD-0011,3,8972.23,2691.67,24225.02
ITEM-001380,ORD-00676,PROD-0015,1,11857.0,1185.7,10671.3
ITEM-001381,ORD-00677,PROD-0008,3,112318.49,84238.87,252716.6
ITEM-001382,ORD-00677,PROD-0047,1,1537.69,384.42,1153.27
ITEM-001383,ORD-00678,PROD-0034,2,10118.15,2023.63,18212.67
ITEM-001384,ORD-00678,PROD-0035,2,32410.39,6482.08,58338.7
ITEM-001385,ORD-00679,PROD-0058,3,3021.89,0.0,9065.67
ITEM-001386,ORD-00679,PROD-0072,1,3464.52,0.0,3464.52
ITEM-001387,ORD-00680,PROD-0007,2,64234.24,0.0,128468.48
ITEM-001388,ORD-00680,PROD-0030,3,7630.74,0.0,22892.22
ITEM-001389,ORD-00681,PROD-0003,1,32384.66,3238.47,29146.19
ITEM-001390,ORD-00681,PROD-0016,3,13284.93,3985.48,35869.31
ITEM-001391,ORD-00682,PROD-0002,1,121819.8,0.0,121819.8
ITEM-001392,ORD-00683,PROD-0005,1,93567.0,23391.75,70175.25
ITEM-001393,ORD-00683,PROD-0064,2,2018.49,1009.25,3027.73
ITEM-001394,ORD-00684,PROD-0052,1,814.65,203.66,610.99
ITEM-001395,ORD-00684,PROD-0077,3,18535.55,13901.66,41704.99
ITEM-001396,ORD-00684,PROD-0045,1,523.28,130.82,392.46
ITEM-001397,ORD-00684,PROD-0020,1,7859.34,1964.84,5894.5
ITEM-001398,ORD-00684,PROD-0024,1,855.93,213.98,641.95
ITEM-001399,ORD-00685,PROD-0050,4,1843.01,1474.41,5897.63
ITEM-001400,ORD-00685,PROD-0022,1,10152.93,2030.59,8122.34
ITEM-001401,ORD-00686,PROD-0026,4,6024.68,0.0,24098.72
ITEM-001402,ORD-00686,PROD-0003,2,32384.66,0.0,64769.32
ITEM-001403,ORD-00686,PROD-0018,1,13595.1,0.0,13595.1
ITEM-001404,ORD-00686,PROD-0034,1,10118.15,0.0,10118.15
ITEM-001405,ORD-00686,PROD-0023,3,9803.45,0.0,29410.35
ITEM-001406,ORD-00687,PROD-0031,4,43799.96,17519.98,157679.86
ITEM-001407,ORD-00687,PROD-0061,2,3090.65,618.13,5563.17
ITEM-001408,ORD-00688,PROD-0004,2,104516.44,20903.29,188129.59
ITEM-001409,ORD-00689,PROD-0012,3,51591.73,30955.04,123820.15
ITEM-001410,ORD-00690,PROD-0040,1,354.18,70.84,283.34
ITEM-001411,ORD-00690,PROD-0051,1,1302.78,260.56,1042.22
ITEM-001412,ORD-00690,PROD-0077,3,18535.55,11121.33,44485.32
ITEM-001413,ORD-00691,PROD-0007,2,64234.24,25693.7,102774.78
ITEM-001414,ORD-00691,PROD-0049,1,543.64,108.73,434.91
ITEM-001415,ORD-00692,PROD-0039,1,738.18,221.45,516.73
ITEM-001416,ORD-00693,PROD-0033,1,45327.59,4532.76,40794.83
ITEM-001417,ORD-00694,PROD-0049,2,543.64,108.73,978.55
ITEM-001418,ORD-00695,PROD-0069,1,4275.33,0.0,4275.33
ITEM-001419,ORD-00695,PROD-0054,2,4451.78,0.0,8903.56
ITEM-001420,ORD-00695,PROD-0046,1,1068.78,0.0,1068.78
ITEM-001421,ORD-00695,PROD-0066,1,3066.74,0.0,3066.74
ITEM-001422,ORD-00696,PROD-0030,2,7630.74,2289.22,12972.26
ITEM-001423,ORD-00697,PROD-0071,3,3798.51,3418.66,7976.87
ITEM-001424,ORD-00697,PROD-0055,1,3269.86,980.96,2288.9
ITEM-001425,ORD-00697,PROD-0021,5,14237.71,21356.56,49831.99
ITEM-001426,ORD-00697,PROD-0054,3,4451.78,4006.6,9348.74
ITEM-001427,ORD-00698,PROD-0031,1,43799.96,2190.0,41609.96
ITEM-001428,ORD-00698,PROD-0020,2,7859.34,785.93,14932.75
ITEM-001429,ORD-00699,PROD-0047,1,1537.69,153.77,1383.92
ITEM-001430,ORD-00699,PROD-0068,4,10709.38,4283.75,38553.77
ITEM-001431,ORD-00700,PROD-0038,3,15629.94,2344.49,44545.33
ITEM-001432,ORD-00700,PROD-0032,2,27601.51,2760.15,52442.87
ITEM-001433,ORD-00700,PROD-0021,1,14237.71,711.89,13525.82
ITEM-001434,ORD-00700,PROD-0053,3,1974.19,296.13,5626.44
ITEM-001435,ORD-00701,PROD-0032,3,27601.51,8280.45,74524.08
ITEM-001436,ORD-00702,PROD-0077,1,18535.55,5560.66,12974.89
ITEM-001437,ORD-00702,PROD-0044,1,1147.03,344.11,802.92
ITEM-001438,ORD-00702,PROD-0069,2,4275.33,2565.2,5985.46
ITEM-001439,ORD-00703,PROD-0008,1,112318.49,0.0,112318.49
ITEM-001440,ORD-00704,PROD-0077,1,18535.55,2780.33,15755.22
ITEM-001441,ORD-00704,PROD-0023,1,9803.45,1470.52,8332.93
ITEM-001442,ORD-00704,PROD-0069,2,4275.33,1282.6,7268.06
ITEM-001443,ORD-00705,PROD-0059,1,955.76,286.73,669.03
ITEM-001444,ORD-00706,PROD-0078,3,14307.56,12876.8,30045.88
ITEM-001445,ORD-00707,PROD-0060,1,239.31,0.0,239.31
ITEM-001446,ORD-00707,PROD-0058,2,3021.89,0.0,6043.78
ITEM-001447,ORD-00708,PROD-0076,2,23557.35,7067.2,40047.5
ITEM-001448,ORD-00708,PROD-0041,5,1147.18,860.39,4875.51
ITEM-001449,ORD-00708,PROD-0035,1,32410.39,4861.56,27548.83
ITEM-001450,ORD-00708,PROD-0045,2,523.28,156.98,889.58
ITEM-001451,ORD-00709,PROD-0054,1,4451.78,0.0,4451.78
ITEM-001452,ORD-00710,PROD-0045,1,523.28,0.0,523.28
ITEM-001453,ORD-00710,PROD-0015,2,11857.0,0.0,23714.0
ITEM-001454,ORD-00711,PROD-0001,5,85654.19,0.0,428270.95
ITEM-001455,ORD-00711,PROD-0039,1,738.18,0.0,738.18
ITEM-001456,ORD-00712,PROD-0072,1,3464.52,0.0,3464.52
ITEM-001457,ORD-00713,PROD-0030,4,7630.74,3052.3,27470.66
ITEM-001458,ORD-00714,PROD-0060,2,239.31,0.0,478.62
ITEM-001459,ORD-00715,PROD-0030,2,7630.74,763.07,14498.41
ITEM-001460,ORD-00715,PROD-0029,3,26905.65,4035.85,76681.1
ITEM-001461,ORD-00715,PROD-0063,1,3661.31,183.07,3478.24
ITEM-001462,ORD-00716,PROD-0013,1,116727.16,23345.43,93381.73
ITEM-001463,ORD-00717,PROD-0046,2,1068.78,213.76,1923.8
ITEM-001464,ORD-00718,PROD-0022,1,10152.93,3045.88,7107.05
ITEM-001465,ORD-00719,PROD-0059,3,955.76,0.0,2867.28
ITEM-001466,ORD-00720,PROD-0056,3,1266.18,1139.56,2658.98
ITEM-001467,ORD-00721,PROD-0024,3,855.93,513.56,2054.23
ITEM-001468,ORD-00722,PROD-0007,2,64234.24,0.0,128468.48
ITEM-001469,ORD-00723,PROD-0068,2,10709.38,1070.94,20347.82
ITEM-001470,ORD-00723,PROD-0025,2,13690.5,1369.05,26011.95
ITEM-001471,ORD-00724,PROD-0044,5,1147.03,860.27,4874.88
ITEM-001472,ORD-00725,PROD-0056,5,1266.18,1899.27,4431.63
ITEM-001473,ORD-00726,PROD-0011,1,8972.23,0.0,8972.23
ITEM-001474,ORD-00726,PROD-0075,1,17455.24,0.0,17455.24
ITEM-001475,ORD-00726,PROD-0030,2,7630.74,0.0,15261.48
ITEM-001476,ORD-00727,PROD-0045,2,523.28,209.31,837.25
ITEM-001477,ORD-00727,PROD-0046,2,1068.78,427.51,1710.05
ITEM-001478,ORD-00727,PROD-0041,4,1147.18,917.74,3670.98
ITEM-001479,ORD-00727,PROD-0029,1,26905.65,5381.13,21524.52
ITEM-001480,ORD-00728,PROD-0070,1,26338.96,1316.95,25022.01
ITEM-001481,ORD-00728,PROD-0014,1,1370.35,68.52,1301.83
ITEM-001482,ORD-00729,PROD-0050,5,1843.01,1382.26,7832.79
ITEM-001483,ORD-00729,PROD-0013,1,116727.16,17509.07,99218.09
ITEM-001484,ORD-00730,PROD-0041,3,1147.18,344.15,3097.39
ITEM-001485,ORD-00731,PROD-0055,2,3269.86,0.0,6539.72
ITEM-001486,ORD-00732,PROD-0022,4,10152.93,6091.76,34519.96
ITEM-001487,ORD-00732,PROD-0055,1,3269.86,490.48,2779.38
ITEM-001488,ORD-00732,PROD-0033,1,45327.59,6799.14,38528.45
ITEM-001489,ORD-00733,PROD-0068,2,10709.38,1070.94,20347.82
ITEM-001490,ORD-00733,PROD-0016,3,13284.93,1992.74,37862.05
ITEM-001491,ORD-00734,PROD-0021,2,14237.71,2847.54,25627.88
ITEM-001492,ORD-00734,PROD-0002,4,121819.8,48727.92,438551.28
ITEM-001493,ORD-00735,PROD-0030,2,7630.74,1526.15,13735.33
ITEM-001494,ORD-00735,PROD-0011,1,8972.23,897.22,8075.01
ITEM-001495,ORD-00736,PROD-0031,4,43799.96,26279.98,148919.86
ITEM-001496,ORD-00737,PROD-0010,2,29080.61,0.0,58161.22
ITEM-001497,ORD-00737,PROD-0056,4,1266.18,0.0,5064.72
ITEM-001498,ORD-00738,PROD-0005,2,93567.0,18713.4,168420.6
ITEM-001499,ORD-00739,PROD-0076,4,23557.35,0.0,94229.4
ITEM-001500,ORD-00739,PROD-0070,1,26338.96,0.0,26338.96
ITEM-001501,ORD-00739,PROD-0019,2,13763.21,0.0,27526.42
ITEM-001502,ORD-00740,PROD-0057,4,3014.34,3014.34,9043.02
ITEM-001503,ORD-00740,PROD-0030,5,7630.74,9538.42,28615.28
ITEM-001504,ORD-00740,PROD-0013,1,116727.16,29181.79,87545.37
ITEM-001505,ORD-00741,PROD-0068,1,10709.38,2141.88,8567.5
ITEM-001506,ORD-00741,PROD-0072,1,3464.52,692.9,2771.62
ITEM-001507,ORD-00741,PROD-0005,4,93567.0,74853.6,299414.4
ITEM-001508,ORD-00742,PROD-0020,1,7859.34,392.97,7466.37
ITEM-001509,ORD-00742,PROD-0008,2,112318.49,11231.85,213405.13
ITEM-001510,ORD-00743,PROD-0039,1,738.18,147.64,590.54
ITEM-001511,ORD-00744,PROD-0019,1,13763.21,3440.8,10322.41
ITEM-001512,ORD-00744,PROD-0071,1,3798.51,949.63,2848.88
ITEM-001513,ORD-00744,PROD-0023,1,9803.45,2450.86,7352.59
ITEM-001514,ORD-00744,PROD-0031,3,43799.96,32849.97,98549.91
ITEM-001515,ORD-00745,PROD-0060,2,239.31,71.79,406.83
ITEM-001516,ORD-00745,PROD-0024,1,855.93,128.39,727.54
ITEM-001517,ORD-00746,PROD-0038,2,15629.94,1562.99,29696.89
ITEM-001518,ORD-00746,PROD-0076,2,23557.35,2355.74,44758.96
ITEM-001519,ORD-00746,PROD-0004,1,104516.44,5225.82,99290.62
ITEM-001520,ORD-00747,PROD-0026,2,6024.68,3614.81,8434.55
ITEM-001521,ORD-00748,PROD-0079,1,2367.89,473.58,1894.31
ITEM-001522,ORD-00749,PROD-0011,1,8972.23,448.61,8523.62
ITEM-001523,ORD-00749,PROD-0005,1,93567.0,4678.35,88888.65
ITEM-001524,ORD-00749,PROD-0021,2,14237.71,1423.77,27051.65
ITEM-001525,ORD-00749,PROD-0075,1,17455.24,872.76,16582.48
ITEM-001526,ORD-00750,PROD-0075,4,17455.24,10473.14,59347.82
ITEM-001527,ORD-00750,PROD-0015,4,11857.0,7114.2,40313.8
ITEM-001528,ORD-00751,PROD-0050,3,1843.01,0.0,5529.03
ITEM-001529,ORD-00751,PROD-0044,4,1147.03,0.0,4588.12
ITEM-001530,ORD-00752,PROD-0021,2,14237.71,4271.31,24204.11
ITEM-001531,ORD-00753,PROD-0019,2,13763.21,2752.64,24773.78
ITEM-001532,ORD-00753,PROD-0079,2,2367.89,473.58,4262.2
ITEM-001533,ORD-00753,PROD-0011,1,8972.23,897.22,8075.01
ITEM-001534,ORD-00754,PROD-0020,2,7859.34,2357.8,13360.88
ITEM-001535,ORD-00754,PROD-0021,1,14237.71,2135.66,12102.05
ITEM-001536,ORD-00754,PROD-0013,2,116727.16,35018.15,198436.17
ITEM-001537,ORD-00755,PROD-0042,1,472.22,0.0,472.22
ITEM-001538,ORD-00756,PROD-0056,1,1266.18,379.85,886.33
ITEM-001539,ORD-00756,PROD-0062,1,4002.89,1200.87,2802.02
ITEM-001540,ORD-00757,PROD-0066,2,3066.74,1226.7,4906.78
ITEM-001541,ORD-00758,PROD-0057,1,3014.34,301.43,2712.91
ITEM-001542,ORD-00758,PROD-0038,2,15629.94,3125.99,28133.89
ITEM-001543,ORD-00759,PROD-0011,3,8972.23,6729.17,20187.52
ITEM-001544,ORD-00759,PROD-0048,1,1883.43,470.86,1412.57
ITEM-001545,ORD-00760,PROD-0007,1,64234.24,0.0,64234.24
ITEM-001546,ORD-00761,PROD-0001,2,85654.19,42827.1,128481.28
ITEM-001547,ORD-00761,PROD-0017,2,14949.48,7474.74,22424.22
ITEM-001548,ORD-00761,PROD-0049,1,543.64,135.91,407.73
ITEM-001549,ORD-00761,PROD-0067,1,12793.32,3198.33,9594.99
ITEM-001550,ORD-00761,PROD-0032,4,27601.51,27601.51,82804.53
ITEM-001551,ORD-00762,PROD-0008,2,112318.49,67391.09,157245.89
ITEM-001552,ORD-00762,PROD-0022,2,10152.93,6091.76,14214.1
ITEM-001553,ORD-00763,PROD-0051,1,1302.78,0.0,1302.78
ITEM-001554,ORD-00763,PROD-0007,3,64234.24,0.0,192702.72
ITEM-001555,ORD-00764,PROD-0078,3,14307.56,0.0,42922.68
ITEM-001556,ORD-00765,PROD-0035,2,32410.39,0.0,64820.78
ITEM-001557,ORD-00765,PROD-0053,1,1974.19,0.0,1974.19
ITEM-001558,ORD-00765,PROD-0059,1,955.76,0.0,955.76
ITEM-001559,ORD-00766,PROD-0019,2,13763.21,0.0,27526.42
ITEM-001560,ORD-00766,PROD-0031,1,43799.96,0.0,43799.96
ITEM-001561,ORD-00766,PROD-0055,1,3269.86,0.0,3269.86
ITEM-001562,ORD-00767,PROD-0071,2,3798.51,0.0,7597.02
ITEM-001563,ORD-00768,PROD-0010,3,29080.61,8724.18,78517.65
ITEM-001564,ORD-00768,PROD-0007,1,64234.24,6423.42,57810.82
ITEM-001565,ORD-00769,PROD-0036,1,29238.48,2923.85,26314.63
ITEM-001566,ORD-00770,PROD-0040,1,354.18,53.13,301.05
ITEM-001567,ORD-00771,PROD-0031,2,43799.96,4380.0,83219.92
ITEM-001568,ORD-00772,PROD-0047,1,1537.69,153.77,1383.92
ITEM-001569,ORD-00772,PROD-0031,3,43799.96,13139.99,118259.89
ITEM-001570,ORD-00773,PROD-0010,1,29080.61,2908.06,26172.55
ITEM-001571,ORD-00773,PROD-0050,3,1843.01,552.9,4976.13
ITEM-001572,ORD-00773,PROD-0067,1,12793.32,1279.33,11513.99
ITEM-001573,ORD-00774,PROD-0002,2,121819.8,24363.96,219275.64
ITEM-001574,ORD-00774,PROD-0031,2,43799.96,8759.99,78839.93
ITEM-001575,ORD-00775,PROD-0062,2,4002.89,400.29,7605.49
ITEM-001576,ORD-00775,PROD-0032,2,27601.51,2760.15,52442.87
ITEM-001577,ORD-00776,PROD-0066,2,3066.74,0.0,6133.48
ITEM-001578,ORD-00776,PROD-0076,2,23557.35,0.0,47114.7
ITEM-001579,ORD-00777,PROD-0024,1,855.93,85.59,770.34
ITEM-001580,ORD-00777,PROD-0006,1,78104.58,7810.46,70294.12
ITEM-001581,ORD-00778,PROD-0013,3,116727.16,0.0,350181.48
ITEM-001582,ORD-00779,PROD-0002,1,121819.8,24363.96,97455.84
ITEM-001583,ORD-00779,PROD-0059,1,955.76,191.15,764.61
ITEM-001584,ORD-00779,PROD-0015,3,11857.0,7114.2,28456.8
ITEM-001585,ORD-00779,PROD-0056,3,1266.18,759.71,3038.83
ITEM-001586,ORD-00779,PROD-0031,2,43799.96,17519.98,70079.94
ITEM-001587,ORD-00780,PROD-0042,1,472.22,0.0,472.22
ITEM-001588,ORD-00780,PROD-0014,1,1370.35,0.0,1370.35
ITEM-001589,ORD-00780,PROD-0024,1,855.93,0.0,855.93
ITEM-001590,ORD-00781,PROD-0075,1,17455.24,5236.57,12218.67
ITEM-001591,ORD-00781,PROD-0011,2,8972.23,5383.34,12561.12
ITEM-001592,ORD-00781,PROD-0080,1,47311.93,14193.58,33118.35
ITEM-001593,ORD-00782,PROD-0054,2,4451.78,1780.71,7122.85
ITEM-001594,ORD-00782,PROD-0078,1,14307.56,2861.51,11446.05
ITEM-001595,ORD-00782,PROD-0061,1,3090.65,618.13,2472.52
ITEM-001596,ORD-00782,PROD-0019,1,13763.21,2752.64,11010.57
ITEM-001597,ORD-00783,PROD-0055,1,3269.86,0.0,3269.86
ITEM-001598,ORD-00784,PROD-0058,2,3021.89,0.0,6043.78
ITEM-001599,ORD-00785,PROD-0065,3,3085.73,925.72,8331.47
ITEM-001600,ORD-00785,PROD-0054,1,4451.78,445.18,4006.6
ITEM-001601,ORD-00785,PROD-0019,1,13763.21,1376.32,12386.89
ITEM-001602,ORD-00786,PROD-0052,3,814.65,0.0,2443.95
ITEM-001603,ORD-00787,PROD-0057,2,3014.34,301.43,5727.25
ITEM-001604,ORD-00788,PROD-0048,1,1883.43,470.86,1412.57
ITEM-001605,ORD-00788,PROD-0047,1,1537.69,384.42,1153.27
ITEM-001606,ORD-00788,PROD-0064,3,2018.49,1513.87,4541.6
ITEM-001607,ORD-00788,PROD-0027,2,35192.66,17596.33,52788.99
ITEM-001608,ORD-00789,PROD-0006,1,78104.58,19526.15,58578.43
ITEM-001609,ORD-00789,PROD-0022,2,10152.93,5076.47,15229.39
ITEM-001610,ORD-00789,PROD-0018,2,13595.1,6797.55,20392.65
ITEM-001611,ORD-00790,PROD-0049,1,543.64,0.0,543.64
ITEM-001612,ORD-00790,PROD-0009,1,113999.83,0.0,113999.83
ITEM-001613,ORD-00790,PROD-0039,1,738.18,0.0,738.18
ITEM-001614,ORD-00790,PROD-0051,1,1302.78,0.0,1302.78
ITEM-001615,ORD-00790,PROD-0023,2,9803.45,0.0,19606.9
ITEM-001616,ORD-00791,PROD-0059,1,955.76,95.58,860.18
ITEM-001617,ORD-00792,PROD-0039,1,738.18,73.82,664.36
ITEM-001618,ORD-00793,PROD-0048,1,1883.43,188.34,1695.09
ITEM-001619,ORD-00793,PROD-0024,1,855.93,85.59,770.34
ITEM-001620,ORD-00794,PROD-0069,1,4275.33,427.53,3847.8
ITEM-001621,ORD-00794,PROD-0054,4,4451.78,1780.71,16026.41
ITEM-001622,ORD-00795,PROD-0004,3,104516.44,0.0,313549.32
ITEM-001623,ORD-00796,PROD-0049,2,543.64,217.46,869.82
ITEM-001624,ORD-00797,PROD-0076,4,23557.35,18845.88,75383.52
ITEM-001625,ORD-00797,PROD-0066,4,3066.74,2453.39,9813.57
ITEM-001626,ORD-00798,PROD-0071,2,3798.51,1139.55,6457.47
ITEM-001627,ORD-00799,PROD-0001,1,85654.19,0.0,85654.19
ITEM-001628,ORD-00799,PROD-0004,2,104516.44,0.0,209032.88
ITEM-001629,ORD-00799,PROD-0036,2,29238.48,0.0,58476.96
ITEM-001630,ORD-00799,PROD-0070,1,26338.96,0.0,26338.96
ITEM-001631,ORD-00799,PROD-0029,1,26905.65,0.0,26905.65
ITEM-001632,ORD-00800,PROD-0045,2,523.28,156.98,889.58
ITEM-001633,ORD-00800,PROD-0074,1,23577.52,3536.63,20040.89
ITEM-001634,ORD-00800,PROD-0024,5,855.93,641.95,3637.7
ITEM-001635,ORD-00801,PROD-0077,1,18535.55,2780.33,15755.22
ITEM-001636,ORD-00801,PROD-0015,2,11857.0,3557.1,20156.9
ITEM-001637,ORD-00801,PROD-0022,1,10152.93,1522.94,8629.99
ITEM-001638,ORD-00801,PROD-0062,1,4002.89,600.43,3402.46
ITEM-001639,ORD-00801,PROD-0008,1,112318.49,16847.77,95470.72
ITEM-001640,ORD-00802,PROD-0019,2,13763.21,5505.28,22021.14
ITEM-001641,ORD-00803,PROD-0058,1,3021.89,0.0,3021.89
ITEM-001642,ORD-00804,PROD-0036,1,29238.48,0.0,29238.48
ITEM-001643,ORD-00804,PROD-0062,1,4002.89,0.0,4002.89
ITEM-001644,ORD-00805,PROD-0015,1,11857.0,2964.25,8892.75
ITEM-001645,ORD-00806,PROD-0052,3,814.65,366.59,2077.36
ITEM-001646,ORD-00806,PROD-0007,1,64234.24,9635.14,54599.1
ITEM-001647,ORD-00807,PROD-0068,2,10709.38,2141.88,19276.88
ITEM-001648,ORD-00807,PROD-0079,3,2367.89,710.37,6393.3
ITEM-001649,ORD-00808,PROD-0033,1,45327.59,2266.38,43061.21
ITEM-001650,ORD-00808,PROD-0074,1,23577.52,1178.88,22398.64
ITEM-001651,ORD-00809,PROD-0080,1,47311.93,7096.79,40215.14
ITEM-001652,ORD-00809,PROD-0077,1,18535.55,2780.33,15755.22
ITEM-001653,ORD-00810,PROD-0014,1,1370.35,411.11,959.24
ITEM-001654,ORD-00810,PROD-0063,3,3661.31,3295.18,7688.75
ITEM-001655,ORD-00810,PROD-0016,3,13284.93,11956.44,27898.35
ITEM-001656,ORD-00810,PROD-0015,5,11857.0,17785.5,41499.5
ITEM-001657,ORD-00811,PROD-0013,2,116727.16,23345.43,210108.89
ITEM-001658,ORD-00812,PROD-0014,1,1370.35,0.0,1370.35
ITEM-001659,ORD-00812,PROD-0002,1,121819.8,0.0,121819.8
ITEM-001660,ORD-00813,PROD-0041,3,1147.18,688.31,2753.23
ITEM-001661,ORD-00813,PROD-0053,1,1974.19,394.84,1579.35
ITEM-001662,ORD-00814,PROD-0013,2,116727.16,0.0,233454.32
ITEM-001663,ORD-00814,PROD-0022,5,10152.93,0.0,50764.65
ITEM-001664,ORD-00815,PROD-0046,1,1068.78,106.88,961.9
ITEM-001665,ORD-00816,PROD-0054,1,4451.78,222.59,4229.19
ITEM-001666,ORD-00817,PROD-0078,1,14307.56,0.0,14307.56
ITEM-001667,ORD-00817,PROD-0053,4,1974.19,0.0,7896.76
ITEM-001668,ORD-00818,PROD-0012,3,51591.73,0.0,154775.19
ITEM-001669,ORD-00818,PROD-0074,1,23577.52,0.0,23577.52
ITEM-001670,ORD-00819,PROD-0076,2,23557.35,14134.41,32980.29
ITEM-001671,ORD-00819,PROD-0075,4,17455.24,20946.29,48874.67
ITEM-001672,ORD-00819,PROD-0007,2,64234.24,38540.54,89927.94
ITEM-001673,ORD-00819,PROD-0051,1,1302.78,390.83,911.95
ITEM-001674,ORD-00820,PROD-0002,1,121819.8,36545.94,85273.86
ITEM-001675,ORD-00821,PROD-0064,1,2018.49,605.55,1412.94
ITEM-001676,ORD-00821,PROD-0045,2,523.28,313.97,732.59
ITEM-001677,ORD-00822,PROD-0050,1,1843.01,460.75,1382.26
ITEM-001678,ORD-00823,PROD-0025,1,13690.5,3422.62,10267.88
ITEM-001679,ORD-00823,PROD-0054,3,4451.78,3338.84,10016.5
ITEM-001680,ORD-00823,PROD-0016,1,13284.93,3321.23,9963.7
ITEM-001681,ORD-00823,PROD-0031,2,43799.96,21899.98,65699.94
ITEM-001682,ORD-00823,PROD-0010,3,29080.61,21810.46,65431.37
ITEM-001683,ORD-00824,PROD-0078,3,14307.56,10730.67,32192.01
ITEM-001684,ORD-00825,PROD-0021,2,14237.71,0.0,28475.42
ITEM-001685,ORD-00826,PROD-0048,2,1883.43,0.0,3766.86
ITEM-001686,ORD-00826,PROD-0067,1,12793.32,0.0,12793.32
ITEM-001687,ORD-00826,PROD-0043,1,1299.09,0.0,1299.09
ITEM-001688,ORD-00827,PROD-0031,1,43799.96,10949.99,32849.97
ITEM-001689,ORD-00827,PROD-0077,3,18535.55,13901.66,41704.99
ITEM-001690,ORD-00827,PROD-0076,5,23557.35,29446.69,88340.06
ITEM-001691,ORD-00827,PROD-0071,1,3798.51,949.63,2848.88
ITEM-001692,ORD-00827,PROD-0016,2,13284.93,6642.47,19927.39
ITEM-001693,ORD-00828,PROD-0042,3,472.22,354.17,1062.49
ITEM-001694,ORD-00829,PROD-0014,3,1370.35,0.0,4111.05
ITEM-001695,ORD-00829,PROD-0057,2,3014.34,0.0,6028.68
ITEM-001696,ORD-00829,PROD-0035,1,32410.39,0.0,32410.39
ITEM-001697,ORD-00829,PROD-0009,2,113999.83,0.0,227999.66
ITEM-001698,ORD-00830,PROD-0033,4,45327.59,45327.59,135982.77
ITEM-001699,ORD-00830,PROD-0064,1,2018.49,504.62,1513.87
ITEM-001700,ORD-00830,PROD-0054,2,4451.78,2225.89,6677.67
ITEM-001701,ORD-00830,PROD-0023,1,9803.45,2450.86,7352.59
ITEM-001702,ORD-00831,PROD-0005,1,93567.0,9356.7,84210.3
ITEM-001703,ORD-00832,PROD-0030,2,7630.74,0.0,15261.48
ITEM-001704,ORD-00832,PROD-0074,1,23577.52,0.0,23577.52
ITEM-001705,ORD-00833,PROD-0027,2,35192.66,3519.27,66866.05
ITEM-001706,ORD-00834,PROD-0041,1,1147.18,114.72,1032.46
ITEM-001707,ORD-00834,PROD-0030,1,7630.74,763.07,6867.67
ITEM-001708,ORD-00835,PROD-0078,4,14307.56,5723.02,51507.22
ITEM-001709,ORD-00835,PROD-0032,3,27601.51,8280.45,74524.08
ITEM-001710,ORD-00835,PROD-0002,2,121819.8,24363.96,219275.64
ITEM-001711,ORD-00836,PROD-0044,1,1147.03,57.35,1089.68
ITEM-001712,ORD-00836,PROD-0080,2,47311.93,4731.19,89892.67
ITEM-001713,ORD-00837,PROD-0040,4,354.18,354.18,1062.54
ITEM-001714,ORD-00837,PROD-0047,2,1537.69,768.85,2306.53
ITEM-001715,ORD-00838,PROD-0036,2,29238.48,17543.09,40933.87
ITEM-001716,ORD-00838,PROD-0005,2,93567.0,56140.2,130993.8
ITEM-001717,ORD-00839,PROD-0023,1,9803.45,490.17,9313.28
ITEM-001718,ORD-00839,PROD-0014,2,1370.35,137.03,2603.67
ITEM-001719,ORD-00840,PROD-0043,2,1299.09,389.73,2208.45
ITEM-001720,ORD-00840,PROD-0012,1,51591.73,7738.76,43852.97
ITEM-001721,ORD-00840,PROD-0054,1,4451.78,667.77,3784.01
ITEM-001722,ORD-00840,PROD-0052,5,814.65,610.99,3462.26
ITEM-001723,ORD-00841,PROD-0055,1,3269.86,0.0,3269.86
ITEM-001724,ORD-00841,PROD-0058,2,3021.89,0.0,6043.78
ITEM-001725,ORD-00842,PROD-0029,2,26905.65,0.0,53811.3
ITEM-001726,ORD-00843,PROD-0024,1,855.93,0.0,855.93
ITEM-001727,ORD-00843,PROD-0040,2,354.18,0.0,708.36
ITEM-001728,ORD-00843,PROD-0017,3,14949.48,0.0,44848.44
ITEM-001729,ORD-00843,PROD-0022,3,10152.93,0.0,30458.79
ITEM-001730,ORD-00843,PROD-0035,1,32410.39,0.0,32410.39
ITEM-001731,ORD-00844,PROD-0053,2,1974.19,987.1,2961.28
ITEM-001732,ORD-00844,PROD-0032,1,27601.51,6900.38,20701.13
ITEM-001733,ORD-00844,PROD-0024,1,855.93,213.98,641.95
ITEM-001734,ORD-00845,PROD-0070,1,26338.96,3950.84,22388.12
ITEM-001735,ORD-00846,PROD-0038,1,15629.94,781.5,14848.44
ITEM-001736,ORD-00846,PROD-0035,5,32410.39,8102.6,153949.35
ITEM-001737,ORD-00846,PROD-0022,3,10152.93,1522.94,28935.85
ITEM-001738,ORD-00847,PROD-0004,1,104516.44,0.0,104516.44
ITEM-001739,ORD-00848,PROD-0048,1,1883.43,0.0,1883.43
ITEM-001740,ORD-00849,PROD-0057,1,3014.34,0.0,3014.34
ITEM-001741,ORD-00849,PROD-0053,4,1974.19,0.0,7896.76
ITEM-001742,ORD-00850,PROD-0066,1,3066.74,0.0,3066.74
ITEM-001743,ORD-00851,PROD-0044,1,1147.03,0.0,1147.03
ITEM-001744,ORD-00852,PROD-0079,3,2367.89,710.37,6393.3
ITEM-001745,ORD-00853,PROD-0040,1,354.18,70.84,283.34
ITEM-001746,ORD-00854,PROD-0070,2,26338.96,0.0,52677.92
ITEM-001747,ORD-00855,PROD-0025,1,13690.5,4107.15,9583.35
ITEM-001748,ORD-00856,PROD-0018,1,13595.1,2039.27,11555.83
ITEM-001749,ORD-00857,PROD-0012,2,51591.73,10318.35,92865.11
ITEM-001750,ORD-00858,PROD-0066,1,3066.74,0.0,3066.74
ITEM-001751,ORD-00858,PROD-0023,1,9803.45,0.0,9803.45
ITEM-001752,ORD-00859,PROD-0010,1,29080.61,5816.12,23264.49
ITEM-001753,ORD-00859,PROD-0004,2,104516.44,41806.58,167226.3
ITEM-001754,ORD-00859,PROD-0026,1,6024.68,1204.94,4819.74
ITEM-001755,ORD-00859,PROD-0041,2,1147.18,458.87,1835.49
ITEM-001756,ORD-00860,PROD-0005,2,93567.0,18713.4,168420.6
ITEM-001757,ORD-00860,PROD-0023,1,9803.45,980.35,8823.1
ITEM-001758,ORD-00860,PROD-0031,2,43799.96,8759.99,78839.93
ITEM-001759,ORD-00860,PROD-0062,5,4002.89,2001.44,18013.01
ITEM-001760,ORD-00860,PROD-0049,2,543.64,108.73,978.55
ITEM-001761,ORD-00861,PROD-0073,1,11158.63,1115.86,10042.77
ITEM-001762,ORD-00861,PROD-0045,1,523.28,52.33,470.95
ITEM-001763,ORD-00861,PROD-0030,2,7630.74,1526.15,13735.33
ITEM-001764,ORD-00862,PROD-0009,2,113999.83,0.0,227999.66
ITEM-001765,ORD-00863,PROD-0025,2,13690.5,6845.25,20535.75
ITEM-001766,ORD-00863,PROD-0078,3,14307.56,10730.67,32192.01
ITEM-001767,ORD-00864,PROD-0040,2,354.18,106.25,602.11
ITEM-001768,ORD-00864,PROD-0017,3,14949.48,6727.27,38121.17
ITEM-001769,ORD-00864,PROD-0036,1,29238.48,4385.77,24852.71
ITEM-001770,ORD-00865,PROD-0023,2,9803.45,1960.69,17646.21
ITEM-001771,ORD-00866,PROD-0053,1,1974.19,0.0,1974.19
ITEM-001772,ORD-00867,PROD-0067,1,12793.32,2558.66,10234.66
ITEM-001773,ORD-00867,PROD-0069,1,4275.33,855.07,3420.26
ITEM-001774,ORD-00867,PROD-0078,1,14307.56,2861.51,11446.05
ITEM-001775,ORD-00868,PROD-0068,1,10709.38,0.0,10709.38
ITEM-001776,ORD-00869,PROD-0033,3,45327.59,0.0,135982.77
ITEM-001777,ORD-00869,PROD-0005,1,93567.0,0.0,93567.0
ITEM-001778,ORD-00869,PROD-0065,1,3085.73,0.0,3085.73
ITEM-001779,ORD-00869,PROD-0056,1,1266.18,0.0,1266.18
ITEM-001780,ORD-00870,PROD-0023,4,9803.45,11764.14,27449.66
ITEM-001781,ORD-00870,PROD-0050,2,1843.01,1105.81,2580.21
ITEM-001782,ORD-00870,PROD-0080,1,47311.93,14193.58,33118.35
ITEM-001783,ORD-00871,PROD-0027,3,35192.66,0.0,105577.98
ITEM-001784,ORD-00871,PROD-0044,1,1147.03,0.0,1147.03
ITEM-001785,ORD-00872,PROD-0021,5,14237.71,21356.56,49831.99
ITEM-001786,ORD-00872,PROD-0072,2,3464.52,2078.71,4850.33
ITEM-001787,ORD-00872,PROD-0067,3,12793.32,11513.99,26865.97
ITEM-001788,ORD-00872,PROD-0080,4,47311.93,56774.32,132473.4
ITEM-001789,ORD-00873,PROD-0002,1,121819.8,12181.98,109637.82
ITEM-001790,ORD-00873,PROD-0032,4,27601.51,11040.6,99365.44
ITEM-001791,ORD-00873,PROD-0073,3,11158.63,3347.59,30128.3
ITEM-001792,ORD-00874,PROD-0042,1,472.22,0.0,472.22
ITEM-001793,ORD-00874,PROD-0027,1,35192.66,0.0,35192.66
ITEM-001794,ORD-00875,PROD-0052,1,814.65,0.0,814.65
ITEM-001795,ORD-00875,PROD-0043,3,1299.09,0.0,3897.27
ITEM-001796,ORD-00875,PROD-0006,2,78104.58,0.0,156209.16
ITEM-001797,ORD-00875,PROD-0034,1,10118.15,0.0,10118.15
ITEM-001798,ORD-00876,PROD-0076,1,23557.35,7067.2,16490.15
ITEM-001799,ORD-00876,PROD-0044,2,1147.03,688.22,1605.84
ITEM-001800,ORD-00876,PROD-0036,1,29238.48,8771.54,20466.94
ITEM-001801,ORD-00877,PROD-0037,2,31165.03,0.0,62330.06
ITEM-001802,ORD-00877,PROD-0079,1,2367.89,0.0,2367.89
ITEM-001803,ORD-00877,PROD-0052,1,814.65,0.0,814.65
ITEM-001804,ORD-00877,PROD-0049,2,543.64,0.0,1087.28
ITEM-001805,ORD-00878,PROD-0059,1,955.76,47.79,907.97
ITEM-001806,ORD-00878,PROD-0003,1,32384.66,1619.23,30765.43
ITEM-001807,ORD-00879,PROD-0003,1,32384.66,4857.7,27526.96
ITEM-001808,ORD-00879,PROD-0056,3,1266.18,569.78,3228.76
ITEM-001809,ORD-00879,PROD-0075,2,17455.24,5236.57,29673.91
ITEM-001810,ORD-00880,PROD-0011,1,8972.23,448.61,8523.62
ITEM-001811,ORD-00880,PROD-0004,5,104516.44,26129.11,496453.09
ITEM-001812,ORD-00880,PROD-0028,2,14434.11,1443.41,27424.81
ITEM-001813,ORD-00880,PROD-0068,4,10709.38,2141.88,40695.64
ITEM-001814,ORD-00881,PROD-0051,1,1302.78,0.0,1302.78
ITEM-001815,ORD-00882,PROD-0056,2,1266.18,0.0,2532.36
ITEM-001816,ORD-00883,PROD-0044,1,1147.03,344.11,802.92
ITEM-001817,ORD-00884,PROD-0055,1,3269.86,0.0,3269.86
ITEM-001818,ORD-00884,PROD-0003,2,32384.66,0.0,64769.32
ITEM-001819,ORD-00884,PROD-0013,1,116727.16,0.0,116727.16
ITEM-001820,ORD-00885,PROD-0024,2,855.93,427.96,1283.9
ITEM-001821,ORD-00885,PROD-0027,2,35192.66,17596.33,52788.99
ITEM-001822,ORD-00885,PROD-0037,1,31165.03,7791.26,23373.77
ITEM-001823,ORD-00885,PROD-0048,2,1883.43,941.72,2825.14
ITEM-001824,ORD-00886,PROD-0036,1,29238.48,0.0,29238.48
ITEM-001825,ORD-00887,PROD-0043,1,1299.09,194.86,1104.23
ITEM-001826,ORD-00887,PROD-0053,1,1974.19,296.13,1678.06
ITEM-001827,ORD-00887,PROD-0074,1,23577.52,3536.63,20040.89
ITEM-001828,ORD-00887,PROD-0030,2,7630.74,2289.22,12972.26
ITEM-001829,ORD-00888,PROD-0023,1,9803.45,1960.69,7842.76
ITEM-001830,ORD-00888,PROD-0072,2,3464.52,1385.81,5543.23
ITEM-001831,ORD-00888,PROD-0056,2,1266.18,506.47,2025.89
ITEM-001832,ORD-00888,PROD-0010,4,29080.61,23264.49,93057.95
ITEM-001833,ORD-00889,PROD-0016,3,13284.93,0.0,39854.79
ITEM-001834,ORD-00889,PROD-0039,1,738.18,0.0,738.18
ITEM-001835,ORD-00889,PROD-0005,5,93567.0,0.0,467835.0
ITEM-001836,ORD-00890,PROD-0031,1,43799.96,4380.0,39419.96
ITEM-001837,ORD-00890,PROD-0069,2,4275.33,855.07,7695.59
ITEM-001838,ORD-00891,PROD-0023,3,9803.45,4411.55,24998.8
ITEM-001839,ORD-00891,PROD-0049,1,543.64,81.55,462.09
ITEM-001840,ORD-00892,PROD-0010,2,29080.61,17448.37,40712.85
ITEM-001841,ORD-00892,PROD-0053,3,1974.19,1776.77,4145.8
ITEM-001842,ORD-00892,PROD-0032,1,27601.51,8280.45,19321.06
ITEM-001843,ORD-00892,PROD-0067,2,12793.32,7675.99,17910.65
ITEM-001844,ORD-00892,PROD-0037,1,31165.03,9349.51,21815.52
ITEM-001845,ORD-00893,PROD-0042,2,472.22,94.44,850.0
ITEM-001846,ORD-00894,PROD-0011,1,8972.23,897.22,8075.01
ITEM-001847,ORD-00895,PROD-0019,1,13763.21,4128.96,9634.25
ITEM-001848,ORD-00896,PROD-0077,1,18535.55,1853.56,16681.99
ITEM-001849,ORD-00896,PROD-0043,3,1299.09,389.73,3507.54
ITEM-001850,ORD-00897,PROD-0001,2,85654.19,51392.51,119915.87
ITEM-001851,ORD-00897,PROD-0038,2,15629.94,9377.96,21881.92
ITEM-001852,ORD-00898,PROD-0063,1,3661.31,549.2,3112.11
ITEM-001853,ORD-00899,PROD-0061,4,3090.65,3090.65,9271.95
ITEM-001854,ORD-00899,PROD-0007,1,64234.24,16058.56,48175.68
ITEM-001855,ORD-00900,PROD-0007,2,64234.24,32117.12,96351.36
ITEM-001856,ORD-00900,PROD-0025,1,13690.5,3422.62,10267.88
ITEM-001857,ORD-00901,PROD-0037,1,31165.03,7791.26,23373.77
ITEM-001858,ORD-00902,PROD-0052,3,814.65,733.18,1710.77
ITEM-001859,ORD-00902,PROD-0066,1,3066.74,920.02,2146.72
ITEM-001860,ORD-00903,PROD-0032,2,27601.51,0.0,55203.02
ITEM-001861,ORD-00903,PROD-0030,2,7630.74,0.0,15261.48
ITEM-001862,ORD-00903,PROD-0014,1,1370.35,0.0,1370.35
ITEM-001863,ORD-00904,PROD-0057,2,3014.34,0.0,6028.68
ITEM-001864,ORD-00905,PROD-0007,1,64234.24,9635.14,54599.1
ITEM-001865,ORD-00906,PROD-0016,4,13284.93,10627.94,42511.78
ITEM-001866,ORD-00907,PROD-0046,1,1068.78,0.0,1068.78
ITEM-001867,ORD-00908,PROD-0023,1,9803.45,0.0,9803.45
ITEM-001868,ORD-00908,PROD-0053,1,1974.19,0.0,1974.19
ITEM-001869,ORD-00908,PROD-0018,2,13595.1,0.0,27190.2
ITEM-001870,ORD-00908,PROD-0050,2,1843.01,0.0,3686.02
ITEM-001871,ORD-00909,PROD-0071,1,3798.51,189.93,3608.58
ITEM-001872,ORD-00909,PROD-0078,1,14307.56,715.38,13592.18
ITEM-001873,ORD-00910,PROD-0048,2,1883.43,0.0,3766.86
ITEM-001874,ORD-00910,PROD-0079,2,2367.89,0.0,4735.78
ITEM-001875,ORD-00910,PROD-0035,4,32410.39,0.0,129641.56
ITEM-001876,ORD-00911,PROD-0043,1,1299.09,129.91,1169.18
ITEM-001877,ORD-00911,PROD-0018,1,13595.1,1359.51,12235.59
ITEM-001878,ORD-00911,PROD-0076,2,23557.35,4711.47,42403.23
ITEM-001879,ORD-00912,PROD-0004,1,104516.44,0.0,104516.44
ITEM-001880,ORD-00912,PROD-0031,1,43799.96,0.0,43799.96
ITEM-001881,ORD-00912,PROD-0061,1,3090.65,0.0,3090.65
ITEM-001882,ORD-00913,PROD-0020,1,7859.34,392.97,7466.37
ITEM-001883,ORD-00914,PROD-0054,1,4451.78,667.77,3784.01
ITEM-001884,ORD-00914,PROD-0060,1,239.31,35.9,203.41
ITEM-001885,ORD-00914,PROD-0046,1,1068.78,160.32,908.46
ITEM-001886,ORD-00914,PROD-0011,1,8972.23,1345.83,7626.4
ITEM-001887,ORD-00915,PROD-0061,3,3090.65,0.0,9271.95
ITEM-001888,ORD-00916,PROD-0027,2,35192.66,7038.53,63346.79
ITEM-001889,ORD-00916,PROD-0008,1,112318.49,11231.85,101086.64
ITEM-001890,ORD-00917,PROD-0006,2,78104.58,0.0,156209.16
ITEM-001891,ORD-00918,PROD-0005,3,93567.0,0.0,280701.0
ITEM-001892,ORD-00919,PROD-0046,2,1068.78,106.88,2030.68
ITEM-001893,ORD-00920,PROD-0038,2,15629.94,1562.99,29696.89
ITEM-001894,ORD-00921,PROD-0068,5,10709.38,0.0,53546.9
ITEM-001895,ORD-00922,PROD-0055,1,3269.86,653.97,2615.89
ITEM-001896,ORD-00922,PROD-0047,1,1537.69,307.54,1230.15
ITEM-001897,ORD-00922,PROD-0032,1,27601.51,5520.3,22081.21
ITEM-001898,ORD-00923,PROD-0053,5,1974.19,0.0,9870.95
ITEM-001899,ORD-00923,PROD-0056,2,1266.18,0.0,2532.36
ITEM-001900,ORD-00924,PROD-0002,1,121819.8,30454.95,91364.85
ITEM-001901,ORD-00924,PROD-0005,5,93567.0,116958.75,350876.25
ITEM-001902,ORD-00924,PROD-0034,2,10118.15,5059.07,15177.23
ITEM-001903,ORD-00924,PROD-0060,1,239.31,59.83,179.48
ITEM-001904,ORD-00925,PROD-0040,3,354.18,318.76,743.78
ITEM-001905,ORD-00925,PROD-0075,1,17455.24,5236.57,12218.67
ITEM-001906,ORD-00925,PROD-0047,2,1537.69,922.61,2152.77
ITEM-001907,ORD-00926,PROD-0065,2,3085.73,0.0,6171.46
ITEM-001908,ORD-00926,PROD-0073,3,11158.63,0.0,33475.89
ITEM-001909,ORD-00926,PROD-0076,5,23557.35,0.0,117786.75
ITEM-001910,ORD-00927,PROD-0014,2,1370.35,685.17,2055.53
ITEM-001911,ORD-00928,PROD-0028,2,14434.11,1443.41,27424.81
ITEM-001912,ORD-00929,PROD-0036,1,29238.48,1461.92,27776.56
ITEM-001913,ORD-00929,PROD-0052,1,814.65,40.73,773.92
ITEM-001914,ORD-00930,PROD-0058,1,3021.89,453.28,2568.61
ITEM-001915,ORD-00931,PROD-0053,2,1974.19,394.84,3553.54
ITEM-001916,ORD-00932,PROD-0036,2,29238.48,0.0,58476.96
ITEM-001917,ORD-00932,PROD-0060,1,239.31,0.0,239.31
ITEM-001918,ORD-00933,PROD-0050,4,1843.01,1843.01,5529.03
ITEM-001919,ORD-00933,PROD-0071,2,3798.51,1899.26,5697.76
ITEM-001920,ORD-00934,PROD-0048,2,1883.43,188.34,3578.52
ITEM-001921,ORD-00935,PROD-0044,5,1147.03,1720.55,4014.6
ITEM-001922,ORD-00936,PROD-0003,2,32384.66,6476.93,58292.39
ITEM-001923,ORD-00936,PROD-0068,1,10709.38,1070.94,9638.44
ITEM-001924,ORD-00937,PROD-0030,2,7630.74,3815.37,11446.11
ITEM-001925,ORD-00937,PROD-0001,1,85654.19,21413.55,64240.64
ITEM-001926,ORD-00937,PROD-0024,1,855.93,213.98,641.95
ITEM-001927,ORD-00938,PROD-0003,1,32384.66,8096.16,24288.5
ITEM-001928,ORD-00939,PROD-0031,1,43799.96,0.0,43799.96
ITEM-001929,ORD-00939,PROD-0080,4,47311.93,0.0,189247.72
ITEM-001930,ORD-00939,PROD-0069,1,4275.33,0.0,4275.33
ITEM-001931,ORD-00940,PROD-0009,1,113999.83,34199.95,79799.88
ITEM-001932,ORD-00941,PROD-0050,1,1843.01,0.0,1843.01
ITEM-001933,ORD-00942,PROD-0040,1,354.18,17.71,336.47
ITEM-001934,ORD-00943,PROD-0071,2,3798.51,1139.55,6457.47
ITEM-001935,ORD-00944,PROD-0059,2,955.76,0.0,1911.52
ITEM-001936,ORD-00945,PROD-0022,1,10152.93,0.0,10152.93
ITEM-001937,ORD-00945,PROD-0034,3,10118.15,0.0,30354.45
ITEM-001938,ORD-00946,PROD-0001,2,85654.19,34261.68,137046.7
ITEM-001939,ORD-00946,PROD-0025,1,13690.5,2738.1,10952.4
ITEM-001940,ORD-00946,PROD-0042,1,472.22,94.44,377.78
ITEM-001941,ORD-00947,PROD-0022,2,10152.93,3045.88,17259.98
ITEM-001942,ORD-00947,PROD-0029,3,26905.65,12107.54,68609.41
ITEM-001943,ORD-00947,PROD-0065,5,3085.73,2314.3,13114.35
ITEM-001944,ORD-00947,PROD-0062,2,4002.89,1200.87,6804.91
ITEM-001945,ORD-00948,PROD-0053,1,1974.19,296.13,1678.06
ITEM-001946,ORD-00948,PROD-0040,1,354.18,53.13,301.05
ITEM-001947,ORD-00948,PROD-0064,1,2018.49,302.77,1715.72
ITEM-001948,ORD-00949,PROD-0047,1,1537.69,153.77,1383.92
ITEM-001949,ORD-00950,PROD-0002,1,121819.8,12181.98,109637.82
ITEM-001950,ORD-00950,PROD-0019,1,13763.21,1376.32,12386.89
ITEM-001951,ORD-00951,PROD-0054,3,4451.78,3338.84,10016.5
ITEM-001952,ORD-00952,PROD-0011,1,8972.23,0.0,8972.23
ITEM-001953,ORD-00952,PROD-0045,2,523.28,0.0,1046.56
ITEM-001954,ORD-00953,PROD-0069,2,4275.33,855.07,7695.59
ITEM-001955,ORD-00953,PROD-0047,2,1537.69,307.54,2767.84
ITEM-001956,ORD-00954,PROD-0078,1,14307.56,1430.76,12876.8
ITEM-001957,ORD-00954,PROD-0042,2,472.22,94.44,850.0
ITEM-001958,ORD-00955,PROD-0074,1,23577.52,4715.5,18862.02
ITEM-001959,ORD-00955,PROD-0067,4,12793.32,10234.66,40938.62
ITEM-001960,ORD-00956,PROD-0010,5,29080.61,7270.15,138132.9
ITEM-001961,ORD-00956,PROD-0022,1,10152.93,507.65,9645.28
ITEM-001962,ORD-00956,PROD-0071,3,3798.51,569.78,10825.75
ITEM-001963,ORD-00957,PROD-0015,1,11857.0,0.0,11857.0
ITEM-001964,ORD-00957,PROD-0049,2,543.64,0.0,1087.28
ITEM-001965,ORD-00957,PROD-0059,1,955.76,0.0,955.76
ITEM-001966,ORD-00958,PROD-0013,2,116727.16,23345.43,210108.89
ITEM-001967,ORD-00959,PROD-0074,1,23577.52,1178.88,22398.64
ITEM-001968,ORD-00960,PROD-0006,1,78104.58,0.0,78104.58
ITEM-001969,ORD-00960,PROD-0008,1,112318.49,0.0,112318.49
ITEM-001970,ORD-00960,PROD-0026,1,6024.68,0.0,6024.68
ITEM-001971,ORD-00960,PROD-0069,1,4275.33,0.0,4275.33
ITEM-001972,ORD-00961,PROD-0023,1,9803.45,2450.86,7352.59
ITEM-001973,ORD-00961,PROD-0040,2,354.18,177.09,531.27
ITEM-001974,ORD-00961,PROD-0021,1,14237.71,3559.43,10678.28
ITEM-001975,ORD-00962,PROD-0031,3,43799.96,19709.98,111689.9
ITEM-001976,ORD-00962,PROD-0007,2,64234.24,19270.27,109198.21
ITEM-001977,ORD-00963,PROD-0009,2,113999.83,22799.97,205199.69
ITEM-001978,ORD-00964,PROD-0025,1,13690.5,0.0,13690.5
ITEM-001979,ORD-00965,PROD-0038,1,15629.94,3907.49,11722.45
ITEM-001980,ORD-00965,PROD-0052,4,814.65,814.65,2443.95
ITEM-001981,ORD-00965,PROD-0012,1,51591.73,12897.93,38693.8
ITEM-001982,ORD-00965,PROD-0026,1,6024.68,1506.17,4518.51
ITEM-001983,ORD-00965,PROD-0032,1,27601.51,6900.38,20701.13
ITEM-001984,ORD-00966,PROD-0029,1,26905.65,0.0,26905.65
ITEM-001985,ORD-00967,PROD-0040,1,354.18,53.13,301.05
ITEM-001986,ORD-00968,PROD-0069,2,4275.33,1710.13,6840.53
ITEM-001987,ORD-00968,PROD-0012,1,51591.73,10318.35,41273.38
ITEM-001988,ORD-00969,PROD-0053,1,1974.19,394.84,1579.35
ITEM-001989,ORD-00970,PROD-0041,1,1147.18,344.15,803.03
ITEM-001990,ORD-00970,PROD-0059,3,955.76,860.18,2007.1
ITEM-001991,ORD-00971,PROD-0040,5,354.18,177.09,1593.81
ITEM-001992,ORD-00971,PROD-0042,1,472.22,47.22,425.0
ITEM-001993,ORD-00972,PROD-0024,1,855.93,0.0,855.93
ITEM-001994,ORD-00972,PROD-0077,1,18535.55,0.0,18535.55
ITEM-001995,ORD-00972,PROD-0076,2,23557.35,0.0,47114.7
ITEM-001996,ORD-00973,PROD-0035,1,32410.39,3241.04,29169.35
ITEM-001997,ORD-00973,PROD-0044,2,1147.03,229.41,2064.65
ITEM-001998,ORD-00973,PROD-0020,4,7859.34,3143.74,28293.62
ITEM-001999,ORD-00973,PROD-0008,4,112318.49,44927.4,404346.56
ITEM-002000,ORD-00974,PROD-0003,4,32384.66,25907.73,103630.91
ITEM-002001,ORD-00974,PROD-0054,2,4451.78,1780.71,7122.85
ITEM-002002,ORD-00974,PROD-0014,5,1370.35,1370.35,5481.4
ITEM-002003,ORD-00975,PROD-0079,1,2367.89,0.0,2367.89
ITEM-002004,ORD-00976,PROD-0068,2,10709.38,0.0,21418.76
ITEM-002005,ORD-00977,PROD-0033,1,45327.59,0.0,45327.59
ITEM-002006,ORD-00978,PROD-0052,1,814.65,81.47,733.18
ITEM-002007,ORD-00978,PROD-0069,2,4275.33,855.07,7695.59
ITEM-002008,ORD-00978,PROD-0019,1,13763.21,1376.32,12386.89
ITEM-002009,ORD-00979,PROD-0064,4,2018.49,807.4,7266.56
ITEM-002010,ORD-00979,PROD-0046,1,1068.78,106.88,961.9
ITEM-002011,ORD-00980,PROD-0049,2,543.64,326.18,761.1
ITEM-002012,ORD-00980,PROD-0080,1,47311.93,14193.58,33118.35
ITEM-002013,ORD-00981,PROD-0068,1,10709.38,0.0,10709.38
ITEM-002014,ORD-00982,PROD-0074,3,23577.52,7073.26,63659.3
ITEM-002015,ORD-00983,PROD-0001,2,85654.19,0.0,171308.38
ITEM-002016,ORD-00983,PROD-0002,1,121819.8,0.0,121819.8
ITEM-002017,ORD-00983,PROD-0045,3,523.28,0.0,1569.84
ITEM-002018,ORD-00984,PROD-0046,1,1068.78,0.0,1068.78
ITEM-002019,ORD-00984,PROD-0064,1,2018.49,0.0,2018.49
ITEM-002020,ORD-00985,PROD-0007,1,64234.24,9635.14,54599.1
ITEM-002021,ORD-00985,PROD-0026,1,6024.68,903.7,5120.98
ITEM-002022,ORD-00986,PROD-0060,1,239.31,23.93,215.38
ITEM-002023,ORD-00986,PROD-0035,1,32410.39,3241.04,29169.35
ITEM-002024,ORD-00986,PROD-0072,3,3464.52,1039.36,9354.2
ITEM-002025,ORD-00986,PROD-0044,2,1147.03,229.41,2064.65
ITEM-002026,ORD-00986,PROD-0079,4,2367.89,947.16,8524.4
ITEM-002027,ORD-00987,PROD-0045,1,523.28,26.16,497.12
ITEM-002028,ORD-00988,PROD-0006,1,78104.58,3905.23,74199.35
ITEM-002029,ORD-00989,PROD-0003,1,32384.66,0.0,32384.66
ITEM-002030,ORD-00989,PROD-0019,2,13763.21,0.0,27526.42
ITEM-002031,ORD-00989,PROD-0067,1,12793.32,0.0,12793.32
ITEM-002032,ORD-00989,PROD-0052,4,814.65,0.0,3258.6
ITEM-002033,ORD-00989,PROD-0049,1,543.64,0.0,543.64
ITEM-002034,ORD-00990,PROD-0046,3,1068.78,0.0,3206.34
ITEM-002035,ORD-00991,PROD-0034,5,10118.15,5059.07,45531.68
ITEM-002036,ORD-00991,PROD-0058,1,3021.89,302.19,2719.7
ITEM-002037,ORD-00991,PROD-0052,2,814.65,162.93,1466.37
ITEM-002038,ORD-00991,PROD-0078,1,14307.56,1430.76,12876.8
ITEM-002039,ORD-00992,PROD-0065,5,3085.73,2314.3,13114.35
ITEM-002040,ORD-00993,PROD-0043,1,1299.09,0.0,1299.09
ITEM-002041,ORD-00993,PROD-0056,2,1266.18,0.0,2532.36
ITEM-002042,ORD-00994,PROD-0013,4,116727.16,46690.86,420217.78
ITEM-002043,ORD-00995,PROD-0046,1,1068.78,0.0,1068.78
ITEM-002044,ORD-00996,PROD-0066,2,3066.74,0.0,6133.48
ITEM-002045,ORD-00997,PROD-0066,2,3066.74,0.0,6133.48
ITEM-002046,ORD-00997,PROD-0057,1,3014.34,0.0,3014.34
ITEM-002047,ORD-00998,PROD-0079,3,2367.89,1065.55,6038.12
ITEM-002048,ORD-00998,PROD-0080,1,47311.93,7096.79,40215.14
ITEM-002049,ORD-00999,PROD-0007,1,64234.24,3211.71,61022.53
ITEM-002050,ORD-01000,PROD-0018,3,13595.1,0.0,40785.3
ITEM-002051,ORD-01001,PROD-0012,5,51591.73,0.0,257958.65
ITEM-002052,ORD-01002,PROD-0025,1,13690.5,2738.1,10952.4
ITEM-002053,ORD-01002,PROD-0072,1,3464.52,692.9,2771.62
ITEM-002054,ORD-01002,PROD-0049,3,543.64,326.18,1304.74
ITEM-002055,ORD-01003,PROD-0058,4,3021.89,1208.76,10878.8
ITEM-002056,ORD-01004,PROD-0074,2,23577.52,14146.51,33008.53
ITEM-002057,ORD-01005,PROD-0003,1,32384.66,1619.23,30765.43
ITEM-002058,ORD-01006,PROD-0033,3,45327.59,6799.14,129183.63
ITEM-002059,ORD-01007,PROD-0042,2,472.22,94.44,850.0
ITEM-002060,ORD-01007,PROD-0032,5,27601.51,13800.75,124206.8
ITEM-002061,ORD-01008,PROD-0040,2,354.18,70.84,637.52
ITEM-002062,ORD-01008,PROD-0010,3,29080.61,8724.18,78517.65
ITEM-002063,ORD-01009,PROD-0073,2,11158.63,2231.73,20085.53
ITEM-002064,ORD-01010,PROD-0030,1,7630.74,763.07,6867.67
ITEM-002065,ORD-01010,PROD-0040,1,354.18,35.42,318.76
ITEM-002066,ORD-01010,PROD-0057,1,3014.34,301.43,2712.91
ITEM-002067,ORD-01010,PROD-0017,2,14949.48,2989.9,26909.06
ITEM-002068,ORD-01010,PROD-0072,1,3464.52,346.45,3118.07
ITEM-002069,ORD-01011,PROD-0073,2,11158.63,1115.86,21201.4
ITEM-002070,ORD-01011,PROD-0043,1,1299.09,64.95,1234.14
ITEM-002071,ORD-01012,PROD-0064,1,2018.49,605.55,1412.94
ITEM-002072,ORD-01012,PROD-0002,2,121819.8,73091.88,170547.72
ITEM-002073,ORD-01012,PROD-0072,2,3464.52,2078.71,4850.33
ITEM-002074,ORD-01013,PROD-0068,1,10709.38,535.47,10173.91
ITEM-002075,ORD-01013,PROD-0053,2,1974.19,197.42,3750.96
ITEM-002076,ORD-01013,PROD-0043,2,1299.09,129.91,2468.27
ITEM-002077,ORD-01014,PROD-0069,2,4275.33,855.07,7695.59
ITEM-002078,ORD-01015,PROD-0021,4,14237.71,5695.08,51255.76
ITEM-002079,ORD-01015,PROD-0068,3,10709.38,3212.81,28915.33
ITEM-002080,ORD-01015,PROD-0022,1,10152.93,1015.29,9137.64
ITEM-002081,ORD-01015,PROD-0069,1,4275.33,427.53,3847.8
ITEM-002082,ORD-01016,PROD-0027,1,35192.66,5278.9,29913.76
ITEM-002083,ORD-01017,PROD-0066,2,3066.74,1226.7,4906.78
ITEM-002084,ORD-01017,PROD-0044,2,1147.03,458.81,1835.25
ITEM-002085,ORD-01017,PROD-0055,3,3269.86,1961.92,7847.66
ITEM-002086,ORD-01017,PROD-0069,1,4275.33,855.07,3420.26
ITEM-002087,ORD-01018,PROD-0064,1,2018.49,605.55,1412.94
ITEM-002088,ORD-01018,PROD-0065,4,3085.73,3702.88,8640.04
ITEM-002089,ORD-01019,PROD-0071,1,3798.51,379.85,3418.66
ITEM-002090,ORD-01020,PROD-0036,1,29238.48,0.0,29238.48
ITEM-002091,ORD-01020,PROD-0074,1,23577.52,0.0,23577.52
ITEM-002092,ORD-01020,PROD-0042,2,472.22,0.0,944.44
ITEM-002093,ORD-01020,PROD-0061,1,3090.65,0.0,3090.65
ITEM-002094,ORD-01020,PROD-0043,1,1299.09,0.0,1299.09
ITEM-002095,ORD-01021,PROD-0043,2,1299.09,0.0,2598.18
ITEM-002096,ORD-01021,PROD-0077,1,18535.55,0.0,18535.55
ITEM-002097,ORD-01021,PROD-0021,2,14237.71,0.0,28475.42
ITEM-002098,ORD-01021,PROD-0065,1,3085.73,0.0,3085.73
ITEM-002099,ORD-01022,PROD-0009,2,113999.83,22799.97,205199.69
ITEM-002100,ORD-01023,PROD-0068,1,10709.38,2141.88,8567.5
ITEM-002101,ORD-01024,PROD-0021,3,14237.71,6406.97,36306.16
ITEM-002102,ORD-01024,PROD-0055,3,3269.86,1471.44,8338.14
ITEM-002103,ORD-01024,PROD-0057,2,3014.34,904.3,5124.38
ITEM-002104,ORD-01024,PROD-0042,3,472.22,212.5,1204.16
ITEM-002105,ORD-01025,PROD-0055,1,3269.86,980.96,2288.9
ITEM-002106,ORD-01025,PROD-0033,1,45327.59,13598.28,31729.31
ITEM-002107,ORD-01026,PROD-0041,3,1147.18,344.15,3097.39
ITEM-002108,ORD-01026,PROD-0010,3,29080.61,8724.18,78517.65
ITEM-002109,ORD-01027,PROD-0015,1,11857.0,3557.1,8299.9
ITEM-002110,ORD-01027,PROD-0079,2,2367.89,1420.73,3315.05
ITEM-002111,ORD-01028,PROD-0002,2,121819.8,60909.9,182729.7
ITEM-002112,ORD-01028,PROD-0007,1,64234.24,16058.56,48175.68
ITEM-002113,ORD-01029,PROD-0024,1,855.93,85.59,770.34
ITEM-002114,ORD-01029,PROD-0008,1,112318.49,11231.85,101086.64
ITEM-002115,ORD-01029,PROD-0015,1,11857.0,1185.7,10671.3
ITEM-002116,ORD-01030,PROD-0042,2,472.22,236.11,708.33
ITEM-002117,ORD-01030,PROD-0074,1,23577.52,5894.38,17683.14
ITEM-002118,ORD-01030,PROD-0061,4,3090.65,3090.65,9271.95
ITEM-002119,ORD-01031,PROD-0068,1,10709.38,535.47,10173.91
ITEM-002120,ORD-01032,PROD-0028,3,14434.11,6495.35,36806.98
ITEM-002121,ORD-01032,PROD-0040,2,354.18,106.25,602.11
ITEM-002122,ORD-01033,PROD-0053,1,1974.19,0.0,1974.19
ITEM-002123,ORD-01033,PROD-0071,2,3798.51,0.0,7597.02
ITEM-002124,ORD-01034,PROD-0056,3,1266.18,1139.56,2658.98
ITEM-002125,ORD-01034,PROD-0007,3,64234.24,57810.82,134891.9
ITEM-002126,ORD-01034,PROD-0011,5,8972.23,13458.34,31402.81
ITEM-002127,ORD-01035,PROD-0027,1,35192.66,0.0,35192.66
ITEM-002128,ORD-01036,PROD-0001,1,85654.19,21413.55,64240.64
ITEM-002129,ORD-01037,PROD-0029,3,26905.65,8071.7,72645.25
ITEM-002130,ORD-01037,PROD-0057,2,3014.34,602.87,5425.81
ITEM-002131,ORD-01037,PROD-0031,1,43799.96,4380.0,39419.96
ITEM-002132,ORD-01037,PROD-0048,2,1883.43,376.69,3390.17
ITEM-002133,ORD-01038,PROD-0045,1,523.28,0.0,523.28
ITEM-002134,ORD-01039,PROD-0003,1,32384.66,0.0,32384.66
ITEM-002135,ORD-01040,PROD-0051,2,1302.78,260.56,2345.0
ITEM-002136,ORD-01040,PROD-0006,1,78104.58,7810.46,70294.12
ITEM-002137,ORD-01041,PROD-0052,2,814.65,325.86,1303.44
ITEM-002138,ORD-01041,PROD-0018,2,13595.1,5438.04,21752.16
ITEM-002139,ORD-01041,PROD-0064,1,2018.49,403.7,1614.79
ITEM-002140,ORD-01041,PROD-0007,2,64234.24,25693.7,102774.78
ITEM-002141,ORD-01042,PROD-0080,1,47311.93,2365.6,44946.33
ITEM-002142,ORD-01042,PROD-0074,2,23577.52,2357.75,44797.29
ITEM-002143,ORD-01042,PROD-0009,2,113999.83,11399.98,216599.68
ITEM-002144,ORD-01043,PROD-0045,2,523.28,0.0,1046.56
ITEM-002145,ORD-01043,PROD-0053,4,1974.19,0.0,7896.76
ITEM-002146,ORD-01043,PROD-0057,1,3014.34,0.0,3014.34
ITEM-002147,ORD-01044,PROD-0006,5,78104.58,58578.43,331944.47
ITEM-002148,ORD-01044,PROD-0022,3,10152.93,4568.82,25889.97
ITEM-002149,ORD-01045,PROD-0042,3,472.22,0.0,1416.66
ITEM-002150,ORD-01045,PROD-0028,2,14434.11,0.0,28868.22
ITEM-002151,ORD-01045,PROD-0072,1,3464.52,0.0,3464.52
ITEM-002152,ORD-01045,PROD-0032,3,27601.51,0.0,82804.53
ITEM-002153,ORD-01046,PROD-0012,1,51591.73,15477.52,36114.21
ITEM-002154,ORD-01046,PROD-0021,1,14237.71,4271.31,9966.4
ITEM-002155,ORD-01047,PROD-0078,1,14307.56,1430.76,12876.8
ITEM-002156,ORD-01048,PROD-0066,1,3066.74,306.67,2760.07
ITEM-002157,ORD-01048,PROD-0035,1,32410.39,3241.04,29169.35
ITEM-002158,ORD-01049,PROD-0079,3,2367.89,0.0,7103.67
ITEM-002159,ORD-01049,PROD-0003,3,32384.66,0.0,97153.98
ITEM-002160,ORD-01050,PROD-0073,2,11158.63,0.0,22317.26
ITEM-002161,ORD-01051,PROD-0078,1,14307.56,2861.51,11446.05
ITEM-002162,ORD-01051,PROD-0065,1,3085.73,617.15,2468.58
ITEM-002163,ORD-01051,PROD-0009,1,113999.83,22799.97,91199.86
ITEM-002164,ORD-01051,PROD-0059,2,955.76,382.3,1529.22
ITEM-002165,ORD-01052,PROD-0013,3,116727.16,0.0,350181.48
ITEM-002166,ORD-01053,PROD-0022,1,10152.93,0.0,10152.93
ITEM-002167,ORD-01053,PROD-0044,1,1147.03,0.0,1147.03
ITEM-002168,ORD-01054,PROD-0080,3,47311.93,28387.16,113548.63
ITEM-002169,ORD-01054,PROD-0070,3,26338.96,15803.38,63213.5
ITEM-002170,ORD-01054,PROD-0023,2,9803.45,3921.38,15685.52
ITEM-002171,ORD-01054,PROD-0067,2,12793.32,5117.33,20469.31
ITEM-002172,ORD-01055,PROD-0061,1,3090.65,0.0,3090.65
ITEM-002173,ORD-01055,PROD-0035,1,32410.39,0.0,32410.39
ITEM-002174,ORD-01056,PROD-0041,2,1147.18,0.0,2294.36
ITEM-002175,ORD-01057,PROD-0003,1,32384.66,3238.47,29146.19
ITEM-002176,ORD-01058,PROD-0079,1,2367.89,473.58,1894.31
ITEM-002177,ORD-01059,PROD-0027,5,35192.66,17596.33,158366.97
ITEM-002178,ORD-01059,PROD-0040,1,354.18,35.42,318.76
ITEM-002179,ORD-01059,PROD-0029,1,26905.65,2690.57,24215.08
ITEM-002180,ORD-01060,PROD-0044,3,1147.03,0.0,3441.09
ITEM-002181,ORD-01060,PROD-0053,1,1974.19,0.0,1974.19
ITEM-002182,ORD-01061,PROD-0001,3,85654.19,0.0,256962.57
ITEM-002183,ORD-01062,PROD-0079,3,2367.89,0.0,7103.67
ITEM-002184,ORD-01063,PROD-0052,4,814.65,162.93,3095.67
ITEM-002185,ORD-01064,PROD-0039,1,738.18,221.45,516.73
ITEM-002186,ORD-01064,PROD-0015,1,11857.0,3557.1,8299.9
ITEM-002187,ORD-01065,PROD-0016,2,13284.93,3985.48,22584.38
ITEM-002188,ORD-01065,PROD-0007,1,64234.24,9635.14,54599.1
ITEM-002189,ORD-01066,PROD-0033,3,45327.59,0.0,135982.77
ITEM-002190,ORD-01066,PROD-0060,2,239.31,0.0,478.62
ITEM-002191,ORD-01066,PROD-0059,1,955.76,0.0,955.76
ITEM-002192,ORD-01066,PROD-0030,2,7630.74,0.0,15261.48
ITEM-002193,ORD-01067,PROD-0034,1,10118.15,505.91,9612.24
ITEM-002194,ORD-01067,PROD-0069,1,4275.33,213.77,4061.56
ITEM-002195,ORD-01067,PROD-0062,1,4002.89,200.14,3802.75
ITEM-002196,ORD-01068,PROD-0044,1,1147.03,0.0,1147.03
ITEM-002197,ORD-01068,PROD-0052,2,814.65,0.0,1629.3
ITEM-002198,ORD-01068,PROD-0033,2,45327.59,0.0,90655.18
ITEM-002199,ORD-01068,PROD-0014,1,1370.35,0.0,1370.35
ITEM-002200,ORD-01068,PROD-0029,1,26905.65,0.0,26905.65
ITEM-002201,ORD-01069,PROD-0048,1,1883.43,0.0,1883.43
ITEM-002202,ORD-01069,PROD-0060,2,239.31,0.0,478.62
ITEM-002203,ORD-01070,PROD-0019,2,13763.21,0.0,27526.42
ITEM-002204,ORD-01071,PROD-0045,2,523.28,0.0,1046.56
ITEM-002205,ORD-01071,PROD-0071,1,3798.51,0.0,3798.51
ITEM-002206,ORD-01071,PROD-0003,1,32384.66,0.0,32384.66
ITEM-002207,ORD-01071,PROD-0075,4,17455.24,0.0,69820.96
ITEM-002208,ORD-01071,PROD-0063,1,3661.31,0.0,3661.31
ITEM-002209,ORD-01072,PROD-0006,3,78104.58,0.0,234313.74
ITEM-002210,ORD-01072,PROD-0020,4,7859.34,0.0,31437.36
ITEM-002211,ORD-01073,PROD-0034,1,10118.15,0.0,10118.15
ITEM-002212,ORD-01073,PROD-0016,1,13284.93,0.0,13284.93
ITEM-002213,ORD-01073,PROD-0025,2,13690.5,0.0,27381.0
ITEM-002214,ORD-01074,PROD-0039,1,738.18,73.82,664.36
ITEM-002215,ORD-01074,PROD-0057,1,3014.34,301.43,2712.91
ITEM-002216,ORD-01075,PROD-0052,3,814.65,244.4,2199.55
ITEM-002217,ORD-01076,PROD-0057,1,3014.34,0.0,3014.34
ITEM-002218,ORD-01076,PROD-0013,3,116727.16,0.0,350181.48
ITEM-002219,ORD-01076,PROD-0033,3,45327.59,0.0,135982.77
ITEM-002220,ORD-01076,PROD-0064,1,2018.49,0.0,2018.49
ITEM-002221,ORD-01076,PROD-0076,1,23557.35,0.0,23557.35
ITEM-002222,ORD-01077,PROD-0041,1,1147.18,0.0,1147.18
ITEM-002223,ORD-01077,PROD-0074,1,23577.52,0.0,23577.52
ITEM-002224,ORD-01078,PROD-0064,2,2018.49,605.55,3431.43
ITEM-002225,ORD-01078,PROD-0037,1,31165.03,4674.75,26490.28
ITEM-002226,ORD-01078,PROD-0048,1,1883.43,282.51,1600.92
ITEM-002227,ORD-01079,PROD-0078,3,14307.56,4292.27,38630.41
ITEM-002228,ORD-01080,PROD-0010,1,29080.61,0.0,29080.61
ITEM-002229,ORD-01081,PROD-0004,3,104516.44,15677.47,297871.85
ITEM-002230,ORD-01081,PROD-0006,1,78104.58,3905.23,74199.35
ITEM-002231,ORD-01082,PROD-0050,1,1843.01,184.3,1658.71
ITEM-002232,ORD-01083,PROD-0035,1,32410.39,0.0,32410.39
ITEM-002233,ORD-01083,PROD-0074,1,23577.52,0.0,23577.52
ITEM-002234,ORD-01083,PROD-0005,2,93567.0,0.0,187134.0
ITEM-002235,ORD-01084,PROD-0041,1,1147.18,286.8,860.38
ITEM-002236,ORD-01084,PROD-0013,3,116727.16,87545.37,262636.11
ITEM-002237,ORD-01084,PROD-0051,2,1302.78,651.39,1954.17
ITEM-002238,ORD-01084,PROD-0020,3,7859.34,5894.51,17683.51
ITEM-002239,ORD-01085,PROD-0075,1,17455.24,1745.52,15709.72
ITEM-002240,ORD-01085,PROD-0055,2,3269.86,653.97,5885.75
ITEM-002241,ORD-01086,PROD-0026,3,6024.68,4518.51,13555.53
ITEM-002242,ORD-01087,PROD-0031,3,43799.96,13139.99,118259.89
ITEM-002243,ORD-01087,PROD-0048,3,1883.43,565.03,5085.26
ITEM-002244,ORD-01088,PROD-0077,1,18535.55,926.78,17608.77
ITEM-002245,ORD-01088,PROD-0053,1,1974.19,98.71,1875.48
ITEM-002246,ORD-01088,PROD-0006,1,78104.58,3905.23,74199.35
ITEM-002247,ORD-01089,PROD-0035,5,32410.39,32410.39,129641.56
ITEM-002248,ORD-01089,PROD-0011,1,8972.23,1794.45,7177.78
ITEM-002249,ORD-01090,PROD-0014,3,1370.35,616.66,3494.39
ITEM-002250,ORD-01091,PROD-0010,1,29080.61,5816.12,23264.49
ITEM-002251,ORD-01091,PROD-0035,2,32410.39,12964.16,51856.62
ITEM-002252,ORD-01092,PROD-0040,1,354.18,17.71,336.47
ITEM-002253,ORD-01092,PROD-0022,1,10152.93,507.65,9645.28
ITEM-002254,ORD-01092,PROD-0064,2,2018.49,201.85,3835.13
ITEM-002255,ORD-01092,PROD-0079,1,2367.89,118.39,2249.5
ITEM-002256,ORD-01093,PROD-0073,1,11158.63,0.0,11158.63
ITEM-002257,ORD-01093,PROD-0053,3,1974.19,0.0,5922.57
ITEM-002258,ORD-01094,PROD-0035,2,32410.39,19446.23,45374.55
ITEM-002259,ORD-01095,PROD-0002,2,121819.8,0.0,243639.6
ITEM-002260,ORD-01096,PROD-0030,3,7630.74,3433.83,19458.39
ITEM-002261,ORD-01096,PROD-0047,1,1537.69,230.65,1307.04
ITEM-002262,ORD-01096,PROD-0056,1,1266.18,189.93,1076.25
ITEM-002263,ORD-01096,PROD-0072,1,3464.52,519.68,2944.84
ITEM-002264,ORD-01097,PROD-0024,4,855.93,513.56,2910.16
ITEM-002265,ORD-01097,PROD-0054,1,4451.78,667.77,3784.01
ITEM-002266,ORD-01097,PROD-0031,2,43799.96,13139.99,74459.93
ITEM-002267,ORD-01098,PROD-0009,1,113999.83,11399.98,102599.85
ITEM-002268,ORD-01099,PROD-0067,1,12793.32,1279.33,11513.99
ITEM-002269,ORD-01099,PROD-0050,2,1843.01,368.6,3317.42
ITEM-002270,ORD-01100,PROD-0017,2,14949.48,2989.9,26909.06
ITEM-002271,ORD-01101,PROD-0022,3,10152.93,6091.76,24367.03
ITEM-002272,ORD-01101,PROD-0010,1,29080.61,5816.12,23264.49
ITEM-002273,ORD-01101,PROD-0034,1,10118.15,2023.63,8094.52
ITEM-002274,ORD-01101,PROD-0042,1,472.22,94.44,377.78
ITEM-002275,ORD-01101,PROD-0021,2,14237.71,5695.08,22780.34
ITEM-002276,ORD-01102,PROD-0019,3,13763.21,4128.96,37160.67
ITEM-002277,ORD-01102,PROD-0043,3,1299.09,389.73,3507.54
ITEM-002278,ORD-01103,PROD-0041,1,1147.18,0.0,1147.18
ITEM-002279,ORD-01104,PROD-0035,1,32410.39,6482.08,25928.31
ITEM-002280,ORD-01105,PROD-0028,1,14434.11,721.71,13712.4
ITEM-002281,ORD-01106,PROD-0041,1,1147.18,0.0,1147.18
ITEM-002282,ORD-01106,PROD-0036,1,29238.48,0.0,29238.48
ITEM-002283,ORD-01107,PROD-0069,1,4275.33,213.77,4061.56
ITEM-002284,ORD-01107,PROD-0044,1,1147.03,57.35,1089.68
ITEM-002285,ORD-01108,PROD-0066,2,3066.74,1533.37,4600.11
ITEM-002286,ORD-01108,PROD-0003,1,32384.66,8096.16,24288.5
ITEM-002287,ORD-01109,PROD-0070,1,26338.96,0.0,26338.96
ITEM-002288,ORD-01110,PROD-0057,2,3014.34,301.43,5727.25
ITEM-002289,ORD-01110,PROD-0055,3,3269.86,490.48,9319.1
ITEM-002290,ORD-01111,PROD-0036,4,29238.48,17543.09,99410.83
ITEM-002291,ORD-01111,PROD-0064,1,2018.49,302.77,1715.72
ITEM-002292,ORD-01112,PROD-0022,4,10152.93,6091.76,34519.96
ITEM-002293,ORD-01112,PROD-0004,1,104516.44,15677.47,88838.97
ITEM-002294,ORD-01113,PROD-0026,1,6024.68,602.47,5422.21
ITEM-002295,ORD-01113,PROD-0032,5,27601.51,13800.75,124206.8
ITEM-002296,ORD-01114,PROD-0015,2,11857.0,2371.4,21342.6
ITEM-002297,ORD-01114,PROD-0024,4,855.93,342.37,3081.35
ITEM-002298,ORD-01114,PROD-0057,1,3014.34,301.43,2712.91
ITEM-002299,ORD-01114,PROD-0022,1,10152.93,1015.29,9137.64
ITEM-002300,ORD-01115,PROD-0051,1,1302.78,390.83,911.95
ITEM-002301,ORD-01115,PROD-0038,1,15629.94,4688.98,10940.96
ITEM-002302,ORD-01116,PROD-0002,1,121819.8,6090.99,115728.81
ITEM-002303,ORD-01116,PROD-0054,5,4451.78,1112.94,21145.96
ITEM-002304,ORD-01116,PROD-0062,1,4002.89,200.14,3802.75
ITEM-002305,ORD-01117,PROD-0019,1,13763.21,3440.8,10322.41
ITEM-002306,ORD-01117,PROD-0078,1,14307.56,3576.89,10730.67
ITEM-002307,ORD-01118,PROD-0009,1,113999.83,11399.98,102599.85
ITEM-002308,ORD-01118,PROD-0054,1,4451.78,445.18,4006.6
ITEM-002309,ORD-01119,PROD-0037,2,31165.03,3116.5,59213.56
ITEM-002310,ORD-01120,PROD-0051,2,1302.78,521.11,2084.45
ITEM-002311,ORD-01120,PROD-0072,1,3464.52,692.9,2771.62
ITEM-002312,ORD-01120,PROD-0007,1,64234.24,12846.85,51387.39
ITEM-002313,ORD-01121,PROD-0006,4,78104.58,78104.58,234313.74
ITEM-002314,ORD-01121,PROD-0029,2,26905.65,13452.83,40358.47
ITEM-002315,ORD-01122,PROD-0039,2,738.18,295.27,1181.09
ITEM-002316,ORD-01123,PROD-0033,1,45327.59,6799.14,38528.45
ITEM-002317,ORD-01123,PROD-0079,1,2367.89,355.18,2012.71
ITEM-002318,ORD-01123,PROD-0055,2,3269.86,980.96,5558.76
ITEM-002319,ORD-01124,PROD-0042,2,472.22,94.44,850.0
ITEM-002320,ORD-01124,PROD-0030,1,7630.74,763.07,6867.67
ITEM-002321,ORD-01125,PROD-0033,5,45327.59,67991.38,158646.57
ITEM-002322,ORD-01125,PROD-0073,2,11158.63,6695.18,15622.08
ITEM-002323,ORD-01125,PROD-0005,3,93567.0,84210.3,196490.7
ITEM-002324,ORD-01126,PROD-0030,1,7630.74,1144.61,6486.13
ITEM-002325,ORD-01126,PROD-0039,3,738.18,332.18,1882.36
ITEM-002326,ORD-01127,PROD-0077,1,18535.55,0.0,18535.55
ITEM-002327,ORD-01127,PROD-0058,3,3021.89,0.0,9065.67
ITEM-002328,ORD-01127,PROD-0007,2,64234.24,0.0,128468.48
ITEM-002329,ORD-01127,PROD-0016,1,13284.93,0.0,13284.93
ITEM-002330,ORD-01127,PROD-0071,1,3798.51,0.0,3798.51
ITEM-002331,ORD-01128,PROD-0075,1,17455.24,1745.52,15709.72
ITEM-002332,ORD-01128,PROD-0051,1,1302.78,130.28,1172.5
ITEM-002333,ORD-01129,PROD-0016,5,13284.93,6642.47,59782.18
ITEM-002334,ORD-01130,PROD-0009,2,113999.83,22799.97,205199.69
ITEM-002335,ORD-01130,PROD-0077,3,18535.55,5560.66,50045.99
ITEM-002336,ORD-01130,PROD-0032,1,27601.51,2760.15,24841.36
ITEM-002337,ORD-01130,PROD-0051,1,1302.78,130.28,1172.5
ITEM-002338,ORD-01131,PROD-0018,1,13595.1,1359.51,12235.59
ITEM-002339,ORD-01131,PROD-0023,2,9803.45,1960.69,17646.21
ITEM-002340,ORD-01131,PROD-0015,3,11857.0,3557.1,32013.9
ITEM-002341,ORD-01132,PROD-0066,1,3066.74,0.0,3066.74
ITEM-002342,ORD-01132,PROD-0059,1,955.76,0.0,955.76
ITEM-002343,ORD-01133,PROD-0078,1,14307.56,1430.76,12876.8
ITEM-002344,ORD-01134,PROD-0048,3,1883.43,1130.06,4520.23
ITEM-002345,ORD-01134,PROD-0070,3,26338.96,15803.38,63213.5
ITEM-002346,ORD-01134,PROD-0030,1,7630.74,1526.15,6104.59
ITEM-002347,ORD-01135,PROD-0011,1,8972.23,897.22,8075.01
ITEM-002348,ORD-01135,PROD-0001,1,85654.19,8565.42,77088.77
ITEM-002349,ORD-01135,PROD-0053,3,1974.19,592.26,5330.31
ITEM-002350,ORD-01136,PROD-0062,1,4002.89,1200.87,2802.02
ITEM-002351,ORD-01136,PROD-0040,1,354.18,106.25,247.93
ITEM-002352,ORD-01136,PROD-0044,2,1147.03,688.22,1605.84
ITEM-002353,ORD-01136,PROD-0033,1,45327.59,13598.28,31729.31
ITEM-002354,ORD-01137,PROD-0021,2,14237.71,0.0,28475.42
ITEM-002355,ORD-01138,PROD-0012,1,51591.73,5159.17,46432.56
ITEM-002356,ORD-01139,PROD-0025,2,13690.5,0.0,27381.0
ITEM-002357,ORD-01139,PROD-0012,1,51591.73,0.0,51591.73
ITEM-002358,ORD-01140,PROD-0075,1,17455.24,0.0,17455.24
ITEM-002359,ORD-01140,PROD-0062,3,4002.89,0.0,12008.67
ITEM-002360,ORD-01140,PROD-0073,2,11158.63,0.0,22317.26
ITEM-002361,ORD-01140,PROD-0002,1,121819.8,0.0,121819.8
ITEM-002362,ORD-01140,PROD-0029,4,26905.65,0.0,107622.6
ITEM-002363,ORD-01141,PROD-0063,2,3661.31,732.26,6590.36
ITEM-002364,ORD-01142,PROD-0045,1,523.28,52.33,470.95
ITEM-002365,ORD-01143,PROD-0008,1,112318.49,0.0,112318.49
ITEM-002366,ORD-01143,PROD-0074,1,23577.52,0.0,23577.52
ITEM-002367,ORD-01144,PROD-0049,5,543.64,135.91,2582.29
ITEM-002368,ORD-01144,PROD-0001,1,85654.19,4282.71,81371.48
ITEM-002369,ORD-01144,PROD-0043,3,1299.09,194.86,3702.41
ITEM-002370,ORD-01144,PROD-0012,3,51591.73,7738.76,147036.43
ITEM-002371,ORD-01145,PROD-0076,1,23557.35,4711.47,18845.88
ITEM-002372,ORD-01145,PROD-0042,1,472.22,94.44,377.78
ITEM-002373,ORD-01146,PROD-0015,1,11857.0,0.0,11857.0
ITEM-002374,ORD-01146,PROD-0072,3,3464.52,0.0,10393.56
ITEM-002375,ORD-01147,PROD-0056,1,1266.18,0.0,1266.18
ITEM-002376,ORD-01147,PROD-0008,1,112318.49,0.0,112318.49
ITEM-002377,ORD-01148,PROD-0076,3,23557.35,7067.2,63604.85
ITEM-002378,ORD-01149,PROD-0030,2,7630.74,763.07,14498.41
ITEM-002379,ORD-01149,PROD-0011,1,8972.23,448.61,8523.62
ITEM-002380,ORD-01150,PROD-0030,1,7630.74,1144.61,6486.13
ITEM-002381,ORD-01151,PROD-0054,2,4451.78,890.36,8013.2
ITEM-002382,ORD-01152,PROD-0058,4,3021.89,2417.51,9670.05
ITEM-002383,ORD-01152,PROD-0043,1,1299.09,259.82,1039.27
ITEM-002384,ORD-01152,PROD-0064,3,2018.49,1211.09,4844.38
ITEM-002385,ORD-01153,PROD-0001,1,85654.19,17130.84,68523.35
ITEM-002386,ORD-01154,PROD-0069,3,4275.33,0.0,12825.99
ITEM-002387,ORD-01155,PROD-0057,3,3014.34,452.15,8590.87
ITEM-002388,ORD-01155,PROD-0028,2,14434.11,1443.41,27424.81
ITEM-002389,ORD-01156,PROD-0050,1,1843.01,0.0,1843.01
ITEM-002390,ORD-01156,PROD-0003,1,32384.66,0.0,32384.66
ITEM-002391,ORD-01156,PROD-0044,3,1147.03,0.0,3441.09
ITEM-002392,ORD-01156,PROD-0038,2,15629.94,0.0,31259.88
ITEM-002393,ORD-01156,PROD-0021,4,14237.71,0.0,56950.84
ITEM-002394,ORD-01157,PROD-0039,3,738.18,442.91,1771.63
ITEM-002395,ORD-01157,PROD-0062,1,4002.89,800.58,3202.31
ITEM-002396,ORD-01157,PROD-0053,1,1974.19,394.84,1579.35
ITEM-002397,ORD-01158,PROD-0074,1,23577.52,5894.38,17683.14
ITEM-002398,ORD-01158,PROD-0061,2,3090.65,1545.33,4635.97
ITEM-002399,ORD-01158,PROD-0051,1,1302.78,325.69,977.09
ITEM-002400,ORD-01158,PROD-0040,1,354.18,88.55,265.63
ITEM-002401,ORD-01158,PROD-0058,1,3021.89,755.47,2266.42
ITEM-002402,ORD-01159,PROD-0059,1,955.76,95.58,860.18
ITEM-002403,ORD-01159,PROD-0020,2,7859.34,1571.87,14146.81
ITEM-002404,ORD-01160,PROD-0065,1,3085.73,0.0,3085.73
ITEM-002405,ORD-01161,PROD-0004,2,104516.44,41806.58,167226.3
ITEM-002406,ORD-01161,PROD-0027,1,35192.66,7038.53,28154.13
ITEM-002407,ORD-01161,PROD-0075,2,17455.24,6982.1,27928.38
ITEM-002408,ORD-01161,PROD-0002,2,121819.8,48727.92,194911.68
ITEM-002409,ORD-01162,PROD-0054,1,4451.78,1335.53,3116.25
ITEM-002410,ORD-01163,PROD-0076,1,23557.35,0.0,23557.35
ITEM-002411,ORD-01163,PROD-0077,3,18535.55,0.0,55606.65
ITEM-002412,ORD-01164,PROD-0053,1,1974.19,493.55,1480.64
ITEM-002413,ORD-01164,PROD-0009,1,113999.83,28499.96,85499.87
ITEM-002414,ORD-01165,PROD-0071,1,3798.51,189.93,3608.58
ITEM-002415,ORD-01165,PROD-0061,3,3090.65,463.6,8808.35
ITEM-002416,ORD-01166,PROD-0057,1,3014.34,150.72,2863.62
ITEM-002417,ORD-01166,PROD-0059,1,955.76,47.79,907.97
ITEM-002418,ORD-01167,PROD-0027,2,35192.66,14077.06,56308.26
ITEM-002419,ORD-01168,PROD-0053,1,1974.19,98.71,1875.48
ITEM-002420,ORD-01168,PROD-0019,2,13763.21,1376.32,26150.1
ITEM-002421,ORD-01168,PROD-0049,3,543.64,81.55,1549.37
ITEM-002422,ORD-01168,PROD-0029,3,26905.65,4035.85,76681.1
ITEM-002423,ORD-01169,PROD-0009,3,113999.83,34199.95,307799.54
ITEM-002424,ORD-01169,PROD-0011,5,8972.23,4486.11,40375.04
ITEM-002425,ORD-01169,PROD-0008,1,112318.49,11231.85,101086.64
ITEM-002426,ORD-01169,PROD-0057,2,3014.34,602.87,5425.81
ITEM-002427,ORD-01170,PROD-0024,1,855.93,0.0,855.93
ITEM-002428,ORD-01170,PROD-0005,5,93567.0,0.0,467835.0
ITEM-002429,ORD-01171,PROD-0022,1,10152.93,1522.94,8629.99
ITEM-002430,ORD-01171,PROD-0037,1,31165.03,4674.75,26490.28
ITEM-002431,ORD-01172,PROD-0031,3,43799.96,19709.98,111689.9
ITEM-002432,ORD-01172,PROD-0007,1,64234.24,9635.14,54599.1
ITEM-002433,ORD-01173,PROD-0030,1,7630.74,381.54,7249.2
ITEM-002434,ORD-01173,PROD-0033,1,45327.59,2266.38,43061.21
ITEM-002435,ORD-01174,PROD-0004,2,104516.44,20903.29,188129.59
ITEM-002436,ORD-01174,PROD-0049,5,543.64,271.82,2446.38
ITEM-002437,ORD-01175,PROD-0001,1,85654.19,8565.42,77088.77
ITEM-002438,ORD-01175,PROD-0052,1,814.65,81.47,733.18
ITEM-002439,ORD-01175,PROD-0079,1,2367.89,236.79,2131.1
ITEM-002440,ORD-01176,PROD-0051,3,1302.78,586.25,3322.09
ITEM-002441,ORD-01176,PROD-0042,2,472.22,141.67,802.77
ITEM-002442,ORD-01177,PROD-0065,1,3085.73,0.0,3085.73
ITEM-002443,ORD-01178,PROD-0007,3,64234.24,57810.82,134891.9
ITEM-002444,ORD-01178,PROD-0005,3,93567.0,84210.3,196490.7
ITEM-002445,ORD-01179,PROD-0068,4,10709.38,0.0,42837.52
ITEM-002446,ORD-01180,PROD-0037,1,31165.03,4674.75,26490.28
ITEM-002447,ORD-01180,PROD-0069,4,4275.33,2565.2,14536.12
ITEM-002448,ORD-01181,PROD-0015,5,11857.0,11857.0,47428.0
ITEM-002449,ORD-01182,PROD-0067,1,12793.32,0.0,12793.32
ITEM-002450,ORD-01182,PROD-0002,1,121819.8,0.0,121819.8
ITEM-002451,ORD-01183,PROD-0019,5,13763.21,3440.8,65375.25
ITEM-002452,ORD-01183,PROD-0068,1,10709.38,535.47,10173.91
ITEM-002453,ORD-01183,PROD-0001,5,85654.19,21413.55,406857.4
ITEM-002454,ORD-01183,PROD-0042,5,472.22,118.06,2243.04
ITEM-002455,ORD-01183,PROD-0032,1,27601.51,1380.08,26221.43
ITEM-002456,ORD-01184,PROD-0062,2,4002.89,400.29,7605.49
ITEM-002457,ORD-01184,PROD-0072,2,3464.52,346.45,6582.59
ITEM-002458,ORD-01184,PROD-0055,1,3269.86,163.49,3106.37
ITEM-002459,ORD-01185,PROD-0024,1,855.93,0.0,855.93
ITEM-002460,ORD-01186,PROD-0017,1,14949.48,747.47,14202.01
ITEM-002461,ORD-01186,PROD-0022,1,10152.93,507.65,9645.28
ITEM-002462,ORD-01186,PROD-0016,1,13284.93,664.25,12620.68
ITEM-002463,ORD-01187,PROD-0012,1,51591.73,0.0,51591.73
ITEM-002464,ORD-01187,PROD-0080,1,47311.93,0.0,47311.93
ITEM-002465,ORD-01187,PROD-0042,1,472.22,0.0,472.22
ITEM-002466,ORD-01187,PROD-0072,2,3464.52,0.0,6929.04
ITEM-002467,ORD-01188,PROD-0017,3,14949.48,4484.84,40363.6
ITEM-002468,ORD-01188,PROD-0070,2,26338.96,5267.79,47410.13
ITEM-002469,ORD-01189,PROD-0021,1,14237.71,4271.31,9966.4
ITEM-002470,ORD-01189,PROD-0067,3,12793.32,11513.99,26865.97
ITEM-002471,ORD-01189,PROD-0064,1,2018.49,605.55,1412.94
ITEM-002472,ORD-01190,PROD-0040,3,354.18,265.63,796.91
ITEM-002473,ORD-01190,PROD-0073,1,11158.63,2789.66,8368.97
ITEM-002474,ORD-01190,PROD-0047,3,1537.69,1153.27,3459.8
ITEM-002475,ORD-01191,PROD-0074,1,23577.52,4715.5,18862.02
ITEM-002476,ORD-01191,PROD-0051,1,1302.78,260.56,1042.22
ITEM-002477,ORD-01192,PROD-0025,3,13690.5,10267.88,30803.62
ITEM-002478,ORD-01193,PROD-0065,1,3085.73,0.0,3085.73
ITEM-002479,ORD-01193,PROD-0001,1,85654.19,0.0,85654.19
ITEM-002480,ORD-01194,PROD-0006,1,78104.58,3905.23,74199.35
ITEM-002481,ORD-01195,PROD-0044,1,1147.03,229.41,917.62
ITEM-002482,ORD-01195,PROD-0011,1,8972.23,1794.45,7177.78
ITEM-002483,ORD-01196,PROD-0001,2,85654.19,0.0,171308.38
ITEM-002484,ORD-01196,PROD-0011,1,8972.23,0.0,8972.23
ITEM-002485,ORD-01197,PROD-0035,1,32410.39,3241.04,29169.35
ITEM-002486,ORD-01198,PROD-0064,2,2018.49,1211.09,2825.89
ITEM-002487,ORD-01199,PROD-0009,3,113999.83,102599.85,239399.64
ITEM-002488,ORD-01199,PROD-0008,1,112318.49,33695.55,78622.94
ITEM-002489,ORD-01200,PROD-0060,2,239.31,143.59,335.03
ITEM-002490,ORD-01200,PROD-0041,1,1147.18,344.15,803.03
ITEM-002491,ORD-01201,PROD-0022,1,10152.93,0.0,10152.93
ITEM-002492,ORD-01202,PROD-0058,1,3021.89,0.0,3021.89
ITEM-002493,ORD-01202,PROD-0033,3,45327.59,0.0,135982.77
ITEM-002494,ORD-01203,PROD-0051,1,1302.78,0.0,1302.78
ITEM-002495,ORD-01204,PROD-0044,2,1147.03,229.41,2064.65
ITEM-002496,ORD-01204,PROD-0038,4,15629.94,6251.98,56267.78
ITEM-002497,ORD-01205,PROD-0026,5,6024.68,4518.51,25604.89
ITEM-002498,ORD-01205,PROD-0002,2,121819.8,36545.94,207093.66
ITEM-002499,ORD-01205,PROD-0074,1,23577.52,3536.63,20040.89
ITEM-002500,ORD-01206,PROD-0072,2,3464.52,2078.71,4850.33
ITEM-002501,ORD-01206,PROD-0028,1,14434.11,4330.23,10103.88
ITEM-002502,ORD-01206,PROD-0051,1,1302.78,390.83,911.95
ITEM-002503,ORD-01206,PROD-0069,1,4275.33,1282.6,2992.73
ITEM-002504,ORD-01207,PROD-0058,5,3021.89,3777.36,11332.09
ITEM-002505,ORD-01208,PROD-0018,1,13595.1,1359.51,12235.59
ITEM-002506,ORD-01209,PROD-0069,1,4275.33,641.3,3634.03
ITEM-002507,ORD-01210,PROD-0080,1,47311.93,0.0,47311.93
ITEM-002508,ORD-01210,PROD-0059,1,955.76,0.0,955.76
ITEM-002509,ORD-01210,PROD-0001,1,85654.19,0.0,85654.19
ITEM-002510,ORD-01211,PROD-0078,2,14307.56,8584.54,20030.58
ITEM-002511,ORD-01211,PROD-0062,1,4002.89,1200.87,2802.02
ITEM-002512,ORD-01212,PROD-0010,2,29080.61,17448.37,40712.85
ITEM-002513,ORD-01213,PROD-0072,1,3464.52,0.0,3464.52
ITEM-002514,ORD-01214,PROD-0046,1,1068.78,213.76,855.02
ITEM-002515,ORD-01214,PROD-0017,1,14949.48,2989.9,11959.58
ITEM-002516,ORD-01214,PROD-0031,2,43799.96,17519.98,70079.94
ITEM-002517,ORD-01215,PROD-0035,3,32410.39,24307.79,72923.38
ITEM-002518,ORD-01215,PROD-0074,2,23577.52,11788.76,35366.28
ITEM-002519,ORD-01215,PROD-0026,2,6024.68,3012.34,9037.02
ITEM-002520,ORD-01216,PROD-0014,2,1370.35,0.0,2740.7
ITEM-002521,ORD-01216,PROD-0044,4,1147.03,0.0,4588.12
ITEM-002522,ORD-01217,PROD-0042,3,472.22,354.17,1062.49
ITEM-002523,ORD-01217,PROD-0016,3,13284.93,9963.7,29891.09
ITEM-002524,ORD-01217,PROD-0010,2,29080.61,14540.31,43620.91
ITEM-002525,ORD-01217,PROD-0055,1,3269.86,817.47,2452.39
ITEM-002526,ORD-01218,PROD-0003,1,32384.66,3238.47,29146.19
ITEM-002527,ORD-01218,PROD-0060,4,239.31,95.72,861.52
ITEM-002528,ORD-01219,PROD-0015,5,11857.0,8892.75,50392.25
ITEM-002529,ORD-01220,PROD-0024,2,855.93,85.59,1626.27
ITEM-002530,ORD-01220,PROD-0039,1,738.18,36.91,701.27
ITEM-002531,ORD-01220,PROD-0072,1,3464.52,173.23,3291.29
ITEM-002532,ORD-01220,PROD-0060,2,239.31,23.93,454.69
ITEM-002533,ORD-01220,PROD-0031,2,43799.96,4380.0,83219.92
ITEM-002534,ORD-01221,PROD-0009,1,113999.83,0.0,113999.83
ITEM-002535,ORD-01221,PROD-0023,2,9803.45,0.0,19606.9
ITEM-002536,ORD-01222,PROD-0061,1,3090.65,0.0,3090.65
ITEM-002537,ORD-01222,PROD-0058,4,3021.89,0.0,12087.56
ITEM-002538,ORD-01222,PROD-0031,1,43799.96,0.0,43799.96
ITEM-002539,ORD-01222,PROD-0056,1,1266.18,0.0,1266.18
ITEM-002540,ORD-01222,PROD-0060,1,239.31,0.0,239.31
ITEM-002541,ORD-01223,PROD-0044,2,1147.03,0.0,2294.06
ITEM-002542,ORD-01223,PROD-0039,1,738.18,0.0,738.18
ITEM-002543,ORD-01224,PROD-0078,1,14307.56,0.0,14307.56
ITEM-002544,ORD-01224,PROD-0049,1,543.64,0.0,543.64
ITEM-002545,ORD-01225,PROD-0040,3,354.18,53.13,1009.41
ITEM-002546,ORD-01225,PROD-0029,2,26905.65,2690.57,51120.73
ITEM-002547,ORD-01225,PROD-0067,2,12793.32,1279.33,24307.31
ITEM-002548,ORD-01225,PROD-0006,3,78104.58,11715.69,222598.05
ITEM-002549,ORD-01226,PROD-0069,2,4275.33,427.53,8123.13
ITEM-002550,ORD-01227,PROD-0017,1,14949.48,0.0,14949.48
ITEM-002551,ORD-01227,PROD-0038,3,15629.94,0.0,46889.82
ITEM-002552,ORD-01228,PROD-0004,2,104516.44,20903.29,188129.59
ITEM-002553,ORD-01228,PROD-0007,1,64234.24,6423.42,57810.82
ITEM-002554,ORD-01228,PROD-0073,1,11158.63,1115.86,10042.77
ITEM-002555,ORD-01228,PROD-0037,1,31165.03,3116.5,28048.53
ITEM-002556,ORD-01228,PROD-0002,1,121819.8,12181.98,109637.82
ITEM-002557,ORD-01229,PROD-0022,1,10152.93,0.0,10152.93
ITEM-002558,ORD-01230,PROD-0018,1,13595.1,0.0,13595.1
ITEM-002559,ORD-01230,PROD-0017,2,14949.48,0.0,29898.96
ITEM-002560,ORD-01231,PROD-0029,1,26905.65,4035.85,22869.8
ITEM-002561,ORD-01231,PROD-0053,3,1974.19,888.39,5034.18
ITEM-002562,ORD-01231,PROD-0077,2,18535.55,5560.66,31510.44
ITEM-002563,ORD-01231,PROD-0030,1,7630.74,1144.61,6486.13
ITEM-002564,ORD-01232,PROD-0008,1,112318.49,11231.85,101086.64
ITEM-002565,ORD-01232,PROD-0013,1,116727.16,11672.72,105054.44
ITEM-002566,ORD-01232,PROD-0043,4,1299.09,519.64,4676.72
ITEM-002567,ORD-01233,PROD-0059,1,955.76,47.79,907.97
ITEM-002568,ORD-01234,PROD-0040,4,354.18,354.18,1062.54
ITEM-002569,ORD-01235,PROD-0043,1,1299.09,129.91,1169.18
ITEM-002570,ORD-01236,PROD-0002,4,121819.8,0.0,487279.2
ITEM-002571,ORD-01236,PROD-0009,3,113999.83,0.0,341999.49
ITEM-002572,ORD-01236,PROD-0067,1,12793.32,0.0,12793.32
ITEM-002573,ORD-01236,PROD-0035,1,32410.39,0.0,32410.39
ITEM-002574,ORD-01236,PROD-0017,2,14949.48,0.0,29898.96
ITEM-002575,ORD-01237,PROD-0058,1,3021.89,302.19,2719.7
ITEM-002576,ORD-01237,PROD-0040,2,354.18,70.84,637.52
ITEM-002577,ORD-01237,PROD-0021,1,14237.71,1423.77,12813.94
ITEM-002578,ORD-01238,PROD-0042,2,472.22,0.0,944.44
ITEM-002579,ORD-01238,PROD-0079,4,2367.89,0.0,9471.56
ITEM-002580,ORD-01238,PROD-0054,1,4451.78,0.0,4451.78
ITEM-002581,ORD-01239,PROD-0011,1,8972.23,1794.45,7177.78
ITEM-002582,ORD-01239,PROD-0046,2,1068.78,427.51,1710.05
ITEM-002583,ORD-01240,PROD-0022,2,10152.93,1015.29,19290.57
ITEM-002584,ORD-01240,PROD-0056,1,1266.18,63.31,1202.87
ITEM-002585,ORD-01240,PROD-0021,3,14237.71,2135.66,40577.47
ITEM-002586,ORD-01241,PROD-0002,2,121819.8,36545.94,207093.66
ITEM-002587,ORD-01241,PROD-0006,1,78104.58,11715.69,66388.89
ITEM-002588,ORD-01242,PROD-0074,2,23577.52,7073.26,40081.78
ITEM-002589,ORD-01242,PROD-0005,2,93567.0,28070.1,159063.9
ITEM-002590,ORD-01243,PROD-0059,1,955.76,238.94,716.82
ITEM-002591,ORD-01243,PROD-0053,3,1974.19,1480.64,4441.93
ITEM-002592,ORD-01244,PROD-0019,1,13763.21,0.0,13763.21
ITEM-002593,ORD-01245,PROD-0042,1,472.22,47.22,425.0
ITEM-002594,ORD-01245,PROD-0041,4,1147.18,458.87,4129.85
ITEM-002595,ORD-01246,PROD-0037,1,31165.03,0.0,31165.03
ITEM-002596,ORD-01246,PROD-0023,2,9803.45,0.0,19606.9
ITEM-002597,ORD-01246,PROD-0032,2,27601.51,0.0,55203.02
ITEM-002598,ORD-01247,PROD-0008,5,112318.49,84238.87,477353.58
ITEM-002599,ORD-01247,PROD-0056,3,1266.18,569.78,3228.76
ITEM-002600,ORD-01247,PROD-0057,1,3014.34,452.15,2562.19
ITEM-002601,ORD-01248,PROD-0080,1,47311.93,9462.39,37849.54
ITEM-002602,ORD-01248,PROD-0026,1,6024.68,1204.94,4819.74
ITEM-002603,ORD-01249,PROD-0076,1,23557.35,4711.47,18845.88
ITEM-002604,ORD-01249,PROD-0003,3,32384.66,19430.8,77723.18
ITEM-002605,ORD-01250,PROD-0076,1,23557.35,3533.6,20023.75
ITEM-002606,ORD-01250,PROD-0024,1,855.93,128.39,727.54
ITEM-002607,ORD-01250,PROD-0045,2,523.28,156.98,889.58
ITEM-002608,ORD-01251,PROD-0026,1,6024.68,903.7,5120.98
ITEM-002609,ORD-01252,PROD-0066,1,3066.74,920.02,2146.72
ITEM-002610,ORD-01252,PROD-0013,4,116727.16,140072.59,326836.05
ITEM-002611,ORD-01252,PROD-0029,1,26905.65,8071.69,18833.96
ITEM-002612,ORD-01253,PROD-0027,1,35192.66,3519.27,31673.39
ITEM-002613,ORD-01254,PROD-0055,1,3269.86,163.49,3106.37
ITEM-002614,ORD-01254,PROD-0040,1,354.18,17.71,336.47
ITEM-002615,ORD-01254,PROD-0013,1,116727.16,5836.36,110890.8
ITEM-002616,ORD-01254,PROD-0023,2,9803.45,980.35,18626.55
ITEM-002617,ORD-01254,PROD-0020,2,7859.34,785.93,14932.75
ITEM-002618,ORD-01255,PROD-0059,1,955.76,95.58,860.18
ITEM-002619,ORD-01256,PROD-0045,1,523.28,104.66,418.62
ITEM-002620,ORD-01257,PROD-0052,3,814.65,610.99,1832.96
ITEM-002621,ORD-01257,PROD-0007,1,64234.24,16058.56,48175.68
ITEM-002622,ORD-01257,PROD-0017,3,14949.48,11212.11,33636.33
ITEM-002623,ORD-01257,PROD-0032,1,27601.51,6900.38,20701.13
ITEM-002624,ORD-01258,PROD-0046,1,1068.78,0.0,1068.78
ITEM-002625,ORD-01259,PROD-0007,1,64234.24,9635.14,54599.1
ITEM-002626,ORD-01259,PROD-0076,2,23557.35,7067.2,40047.5
ITEM-002627,ORD-01259,PROD-0035,2,32410.39,9723.12,55097.66
ITEM-002628,ORD-01259,PROD-0020,1,7859.34,1178.9,6680.44
ITEM-002629,ORD-01260,PROD-0040,1,354.18,0.0,354.18
ITEM-002630,ORD-01261,PROD-0021,3,14237.71,4271.31,38441.82
ITEM-002631,ORD-01261,PROD-0048,3,1883.43,565.03,5085.26
ITEM-002632,ORD-01262,PROD-0030,2,7630.74,3815.37,11446.11
ITEM-002633,ORD-01263,PROD-0063,2,3661.31,732.26,6590.36
ITEM-002634,ORD-01263,PROD-0067,3,12793.32,3838.0,34541.96
ITEM-002635,ORD-01263,PROD-0010,3,29080.61,8724.18,78517.65
ITEM-002636,ORD-01264,PROD-0045,2,523.28,0.0,1046.56
ITEM-002637,ORD-01264,PROD-0003,1,32384.66,0.0,32384.66
ITEM-002638,ORD-01264,PROD-0029,5,26905.65,0.0,134528.25
ITEM-002639,ORD-01265,PROD-0009,1,113999.83,11399.98,102599.85
ITEM-002640,ORD-01265,PROD-0079,1,2367.89,236.79,2131.1
ITEM-002641,ORD-01265,PROD-0061,3,3090.65,927.2,8344.75
ITEM-002642,ORD-01265,PROD-0015,1,11857.0,1185.7,10671.3
ITEM-002643,ORD-01266,PROD-0051,5,1302.78,977.09,5536.81
ITEM-002644,ORD-01266,PROD-0056,2,1266.18,379.85,2152.51
ITEM-002645,ORD-01266,PROD-0030,1,7630.74,1144.61,6486.13
ITEM-002646,ORD-01266,PROD-0023,1,9803.45,1470.52,8332.93
ITEM-002647,ORD-01267,PROD-0056,1,1266.18,0.0,1266.18
ITEM-002648,ORD-01268,PROD-0010,2,29080.61,5816.12,52345.1
ITEM-002649,ORD-01268,PROD-0069,4,4275.33,1710.13,15391.19
ITEM-002650,ORD-01269,PROD-0031,1,43799.96,10949.99,32849.97
ITEM-002651,ORD-01269,PROD-0041,3,1147.18,860.38,2581.16
ITEM-002652,ORD-01269,PROD-0017,1,14949.48,3737.37,11212.11
ITEM-002653,ORD-01270,PROD-0041,1,1147.18,0.0,1147.18
ITEM-002654,ORD-01270,PROD-0006,2,78104.58,0.0,156209.16
ITEM-002655,ORD-01270,PROD-0038,2,15629.94,0.0,31259.88
ITEM-002656,ORD-01270,PROD-0020,2,7859.34,0.0,15718.68
ITEM-002657,ORD-01271,PROD-0054,2,4451.78,890.36,8013.2
ITEM-002658,ORD-01272,PROD-0010,1,29080.61,0.0,29080.61
ITEM-002659,ORD-01272,PROD-0040,1,354.18,0.0,354.18
ITEM-002660,ORD-01273,PROD-0004,1,104516.44,26129.11,78387.33
ITEM-002661,ORD-01273,PROD-0065,1,3085.73,771.43,2314.3
ITEM-002662,ORD-01273,PROD-0006,1,78104.58,19526.15,58578.43
ITEM-002663,ORD-01273,PROD-0076,3,23557.35,17668.01,53004.04
ITEM-002664,ORD-01273,PROD-0005,2,93567.0,46783.5,140350.5
ITEM-002665,ORD-01274,PROD-0028,1,14434.11,2165.12,12268.99
ITEM-002666,ORD-01274,PROD-0077,2,18535.55,5560.66,31510.44
ITEM-002667,ORD-01274,PROD-0020,2,7859.34,2357.8,13360.88
ITEM-002668,ORD-01275,PROD-0077,1,18535.55,0.0,18535.55
ITEM-002669,ORD-01276,PROD-0051,2,1302.78,260.56,2345.0
ITEM-002670,ORD-01277,PROD-0032,2,27601.51,0.0,55203.02
ITEM-002671,ORD-01278,PROD-0066,1,3066.74,306.67,2760.07
ITEM-002672,ORD-01279,PROD-0046,2,1068.78,0.0,2137.56
ITEM-002673,ORD-01279,PROD-0012,2,51591.73,0.0,103183.46
ITEM-002674,ORD-01280,PROD-0077,2,18535.55,1853.56,35217.54
ITEM-002675,ORD-01280,PROD-0006,1,78104.58,3905.23,74199.35
ITEM-002676,ORD-01280,PROD-0045,5,523.28,130.82,2485.58
ITEM-002677,ORD-01280,PROD-0005,3,93567.0,14035.05,266665.95
ITEM-002678,ORD-01281,PROD-0021,1,14237.71,4271.31,9966.4
ITEM-002679,ORD-01281,PROD-0049,2,543.64,326.18,761.1
ITEM-002680,ORD-01282,PROD-0020,2,7859.34,3143.74,12574.94
ITEM-002681,ORD-01283,PROD-0001,2,85654.19,34261.68,137046.7
ITEM-002682,ORD-01284,PROD-0015,1,11857.0,0.0,11857.0
ITEM-002683,ORD-01284,PROD-0038,1,15629.94,0.0,15629.94
ITEM-002684,ORD-01284,PROD-0058,1,3021.89,0.0,3021.89
ITEM-002685,ORD-01284,PROD-0020,1,7859.34,0.0,7859.34
ITEM-002686,ORD-01284,PROD-0025,1,13690.5,0.0,13690.5
ITEM-002687,ORD-01285,PROD-0004,1,104516.44,0.0,104516.44
ITEM-002688,ORD-01285,PROD-0069,1,4275.33,0.0,4275.33
ITEM-002689,ORD-01285,PROD-0029,1,26905.65,0.0,26905.65
ITEM-002690,ORD-01286,PROD-0077,1,18535.55,3707.11,14828.44
ITEM-002691,ORD-01286,PROD-0075,1,17455.24,3491.05,13964.19
ITEM-002692,ORD-01286,PROD-0073,5,11158.63,11158.63,44634.52
ITEM-002693,ORD-01286,PROD-0048,2,1883.43,753.37,3013.49
ITEM-002694,ORD-01287,PROD-0060,4,239.31,287.17,670.07
ITEM-002695,ORD-01288,PROD-0062,1,4002.89,200.14,3802.75
ITEM-002696,ORD-01289,PROD-0056,1,1266.18,63.31,1202.87
ITEM-002697,ORD-01290,PROD-0054,1,4451.78,667.77,3784.01
ITEM-002698,ORD-01290,PROD-0058,3,3021.89,1359.85,7705.82
ITEM-002699,ORD-01291,PROD-0063,4,3661.31,4393.57,10251.67
ITEM-002700,ORD-01292,PROD-0039,1,738.18,184.54,553.64
ITEM-002701,ORD-01293,PROD-0078,3,14307.56,8584.54,34338.14
ITEM-002702,ORD-01294,PROD-0027,4,35192.66,14077.06,126693.58
ITEM-002703,ORD-01294,PROD-0039,1,738.18,73.82,664.36
ITEM-002704,ORD-01294,PROD-0032,1,27601.51,2760.15,24841.36
ITEM-002705,ORD-01295,PROD-0057,2,3014.34,0.0,6028.68
ITEM-002706,ORD-01295,PROD-0027,1,35192.66,0.0,35192.66
ITEM-002707,ORD-01296,PROD-0018,3,13595.1,2039.27,38746.03
ITEM-002708,ORD-01296,PROD-0045,1,523.28,26.16,497.12
ITEM-002709,ORD-01296,PROD-0068,1,10709.38,535.47,10173.91
ITEM-002710,ORD-01297,PROD-0031,1,43799.96,13139.99,30659.97
ITEM-002711,ORD-01297,PROD-0061,1,3090.65,927.2,2163.45
ITEM-002712,ORD-01297,PROD-0062,2,4002.89,2401.73,5604.05
ITEM-002713,ORD-01298,PROD-0064,2,2018.49,0.0,4036.98
ITEM-002714,ORD-01299,PROD-0076,3,23557.35,0.0,70672.05
ITEM-002715,ORD-01299,PROD-0021,1,14237.71,0.0,14237.71
ITEM-002716,ORD-01300,PROD-0062,2,4002.89,1601.16,6404.62
ITEM-002717,ORD-01301,PROD-0014,1,1370.35,137.03,1233.32
ITEM-002718,ORD-01302,PROD-0018,5,13595.1,13595.1,54380.4
ITEM-002719,ORD-01302,PROD-0048,1,1883.43,376.69,1506.74
ITEM-002720,ORD-01303,PROD-0008,5,112318.49,112318.49,449273.96
ITEM-002721,ORD-01304,PROD-0005,2,93567.0,9356.7,177777.3
ITEM-002722,ORD-01305,PROD-0005,4,93567.0,93567.0,280701.0
ITEM-002723,ORD-01305,PROD-0073,3,11158.63,8368.97,25106.92
ITEM-002724,ORD-01305,PROD-0076,2,23557.35,11778.67,35336.03
ITEM-002725,ORD-01306,PROD-0059,2,955.76,477.88,1433.64
ITEM-002726,ORD-01306,PROD-0031,1,43799.96,10949.99,32849.97
ITEM-002727,ORD-01307,PROD-0013,1,116727.16,23345.43,93381.73
ITEM-002728,ORD-01308,PROD-0037,1,31165.03,3116.5,28048.53
ITEM-002729,ORD-01309,PROD-0008,1,112318.49,0.0,112318.49
ITEM-002730,ORD-01310,PROD-0038,1,15629.94,1562.99,14066.95
ITEM-002731,ORD-01310,PROD-0029,2,26905.65,5381.13,48430.17
ITEM-002732,ORD-01311,PROD-0029,1,26905.65,1345.28,25560.37
ITEM-002733,ORD-01311,PROD-0003,5,32384.66,8096.16,153827.14
ITEM-002734,ORD-01312,PROD-0057,5,3014.34,3014.34,12057.36
ITEM-002735,ORD-01313,PROD-0053,5,1974.19,987.1,8883.85
ITEM-002736,ORD-01313,PROD-0041,1,1147.18,114.72,1032.46
ITEM-002737,ORD-01314,PROD-0066,2,3066.74,0.0,6133.48
ITEM-002738,ORD-01315,PROD-0046,2,1068.78,641.27,1496.29
ITEM-002739,ORD-01315,PROD-0013,3,116727.16,105054.44,245127.04
ITEM-002740,ORD-01316,PROD-0044,1,1147.03,229.41,917.62
ITEM-002741,ORD-01317,PROD-0052,1,814.65,0.0,814.65
ITEM-002742,ORD-01317,PROD-0008,1,112318.49,0.0,112318.49
ITEM-002743,ORD-01317,PROD-0001,1,85654.19,0.0,85654.19
ITEM-002744,ORD-01318,PROD-0037,2,31165.03,3116.5,59213.56
ITEM-002745,ORD-01318,PROD-0005,1,93567.0,4678.35,88888.65
ITEM-002746,ORD-01318,PROD-0048,3,1883.43,282.51,5367.78
ITEM-002747,ORD-01318,PROD-0049,5,543.64,135.91,2582.29
ITEM-002748,ORD-01319,PROD-0011,2,8972.23,4486.11,13458.35
ITEM-002749,ORD-01320,PROD-0006,1,78104.58,0.0,78104.58
ITEM-002750,ORD-01320,PROD-0034,2,10118.15,0.0,20236.3
ITEM-002751,ORD-01321,PROD-0065,1,3085.73,617.15,2468.58
ITEM-002752,ORD-01321,PROD-0002,1,121819.8,24363.96,97455.84
ITEM-002753,ORD-01322,PROD-0070,3,26338.96,0.0,79016.88
ITEM-002754,ORD-01322,PROD-0015,1,11857.0,0.0,11857.0
ITEM-002755,ORD-01323,PROD-0068,2,10709.38,1070.94,20347.82
ITEM-002756,ORD-01324,PROD-0063,2,3661.31,732.26,6590.36
ITEM-002757,ORD-01324,PROD-0079,1,2367.89,236.79,2131.1
ITEM-002758,ORD-01324,PROD-0005,1,93567.0,9356.7,84210.3
ITEM-002759,ORD-01325,PROD-0018,1,13595.1,679.75,12915.35
ITEM-002760,ORD-01326,PROD-0071,1,3798.51,949.63,2848.88
ITEM-002761,ORD-01326,PROD-0037,1,31165.03,7791.26,23373.77
ITEM-002762,ORD-01327,PROD-0034,2,10118.15,5059.07,15177.23
ITEM-002763,ORD-01328,PROD-0069,2,4275.33,427.53,8123.13
ITEM-002764,ORD-01329,PROD-0010,1,29080.61,7270.15,21810.46
ITEM-002765,ORD-01330,PROD-0060,1,239.31,0.0,239.31
ITEM-002766,ORD-01330,PROD-0010,1,29080.61,0.0,29080.61
ITEM-002767,ORD-01331,PROD-0015,1,11857.0,0.0,11857.0
ITEM-002768,ORD-01331,PROD-0069,1,4275.33,0.0,4275.33
ITEM-002769,ORD-01331,PROD-0005,2,93567.0,0.0,187134.0
ITEM-002770,ORD-01331,PROD-0020,1,7859.34,0.0,7859.34
ITEM-002771,ORD-01332,PROD-0016,2,13284.93,5313.97,21255.89
ITEM-002772,ORD-01333,PROD-0074,1,23577.52,5894.38,17683.14
ITEM-002773,ORD-01334,PROD-0004,1,104516.44,31354.93,73161.51
ITEM-002774,ORD-01335,PROD-0012,3,51591.73,46432.56,108342.63
ITEM-002775,ORD-01335,PROD-0065,3,3085.73,2777.16,6480.03
ITEM-002776,ORD-01335,PROD-0073,3,11158.63,10042.77,23433.12
ITEM-002777,ORD-01335,PROD-0016,2,13284.93,7970.96,18598.9
ITEM-002778,ORD-01336,PROD-0049,4,543.64,652.37,1522.19
ITEM-002779,ORD-01336,PROD-0077,2,18535.55,11121.33,25949.77
ITEM-002780,ORD-01336,PROD-0019,1,13763.21,4128.96,9634.25
ITEM-002781,ORD-01337,PROD-0028,1,14434.11,3608.53,10825.58
ITEM-002782,ORD-01337,PROD-0038,1,15629.94,3907.49,11722.45
ITEM-002783,ORD-01338,PROD-0036,1,29238.48,2923.85,26314.63
ITEM-002784,ORD-01339,PROD-0067,4,12793.32,0.0,51173.28
ITEM-002785,ORD-01339,PROD-0014,5,1370.35,0.0,6851.75
ITEM-002786,ORD-01339,PROD-0015,2,11857.0,0.0,23714.0
ITEM-002787,ORD-01340,PROD-0002,4,121819.8,0.0,487279.2
ITEM-002788,ORD-01341,PROD-0011,2,8972.23,3588.89,14355.57
ITEM-002789,ORD-01342,PROD-0041,2,1147.18,114.72,2179.64
ITEM-002790,ORD-01343,PROD-0076,1,23557.35,2355.74,21201.61
ITEM-002791,ORD-01343,PROD-0001,1,85654.19,8565.42,77088.77
ITEM-002792,ORD-01344,PROD-0054,2,4451.78,0.0,8903.56
ITEM-002793,ORD-01344,PROD-0001,1,85654.19,0.0,85654.19
ITEM-002794,ORD-01345,PROD-0050,1,1843.01,552.9,1290.11
ITEM-002795,ORD-01346,PROD-0065,1,3085.73,308.57,2777.16
ITEM-002796,ORD-01347,PROD-0003,1,32384.66,0.0,32384.66
ITEM-002797,ORD-01348,PROD-0046,3,1068.78,320.63,2885.71
ITEM-002798,ORD-01349,PROD-0041,1,1147.18,172.08,975.1
ITEM-002799,ORD-01350,PROD-0020,2,7859.34,1571.87,14146.81
ITEM-002800,ORD-01350,PROD-0059,3,955.76,286.73,2580.55
ITEM-002801,ORD-01350,PROD-0042,1,472.22,47.22,425.0
ITEM-002802,ORD-01350,PROD-0061,1,3090.65,309.06,2781.59
ITEM-002803,ORD-01351,PROD-0058,1,3021.89,0.0,3021.89
ITEM-002804,ORD-01352,PROD-0075,4,17455.24,20946.29,48874.67
ITEM-002805,ORD-01352,PROD-0079,2,2367.89,1420.73,3315.05
ITEM-002806,ORD-01353,PROD-0030,1,7630.74,0.0,7630.74
ITEM-002807,ORD-01354,PROD-0030,1,7630.74,1144.61,6486.13
ITEM-002808,ORD-01355,PROD-0079,5,2367.89,0.0,11839.45
ITEM-002809,ORD-01355,PROD-0037,1,31165.03,0.0,31165.03
ITEM-002810,ORD-01355,PROD-0012,3,51591.73,0.0,154775.19
ITEM-002811,ORD-01355,PROD-0024,1,855.93,0.0,855.93
ITEM-002812,ORD-01355,PROD-0052,1,814.65,0.0,814.65
ITEM-002813,ORD-01356,PROD-0058,4,3021.89,1208.76,10878.8
ITEM-002814,ORD-01356,PROD-0045,2,523.28,104.66,941.9
ITEM-002815,ORD-01356,PROD-0030,2,7630.74,1526.15,13735.33
ITEM-002816,ORD-01357,PROD-0051,1,1302.78,195.42,1107.36
ITEM-002817,ORD-01358,PROD-0005,1,93567.0,18713.4,74853.6
ITEM-002818,ORD-01358,PROD-0011,2,8972.23,3588.89,14355.57
ITEM-002819,ORD-01359,PROD-0043,1,1299.09,0.0,1299.09
ITEM-002820,ORD-01359,PROD-0038,1,15629.94,0.0,15629.94
ITEM-002821,ORD-01360,PROD-0051,1,1302.78,260.56,1042.22
ITEM-002822,ORD-01361,PROD-0003,1,32384.66,1619.23,30765.43
ITEM-002823,ORD-01361,PROD-0008,2,112318.49,11231.85,213405.13
ITEM-002824,ORD-01361,PROD-0036,1,29238.48,1461.92,27776.56
ITEM-002825,ORD-01361,PROD-0057,1,3014.34,150.72,2863.62
ITEM-002826,ORD-01362,PROD-0075,2,17455.24,10473.14,24437.34
ITEM-002827,ORD-01362,PROD-0067,2,12793.32,7675.99,17910.65
ITEM-002828,ORD-01363,PROD-0060,4,239.31,143.59,813.65
ITEM-002829,ORD-01363,PROD-0002,1,121819.8,18272.97,103546.83
ITEM-002830,ORD-01364,PROD-0004,3,104516.44,78387.33,235161.99
ITEM-002831,ORD-01364,PROD-0007,1,64234.24,16058.56,48175.68
ITEM-002832,ORD-01364,PROD-0059,1,955.76,238.94,716.82
ITEM-002833,ORD-01365,PROD-0029,1,26905.65,5381.13,21524.52
ITEM-002834,ORD-01365,PROD-0062,4,4002.89,3202.31,12809.25
ITEM-002835,ORD-01366,PROD-0026,1,6024.68,1807.4,4217.28
ITEM-002836,ORD-01366,PROD-0005,1,93567.0,28070.1,65496.9
ITEM-002837,ORD-01367,PROD-0010,2,29080.61,0.0,58161.22
ITEM-002838,ORD-01367,PROD-0057,1,3014.34,0.0,3014.34
ITEM-002839,ORD-01367,PROD-0014,1,1370.35,0.0,1370.35
ITEM-002840,ORD-01367,PROD-0074,1,23577.52,0.0,23577.52
ITEM-002841,ORD-01368,PROD-0022,1,10152.93,1522.94,8629.99
ITEM-002842,ORD-01368,PROD-0012,1,51591.73,7738.76,43852.97
ITEM-002843,ORD-01369,PROD-0046,1,1068.78,0.0,1068.78
ITEM-002844,ORD-01369,PROD-0043,1,1299.09,0.0,1299.09
ITEM-002845,ORD-01369,PROD-0076,1,23557.35,0.0,23557.35
ITEM-002846,ORD-01369,PROD-0055,2,3269.86,0.0,6539.72
ITEM-002847,ORD-01370,PROD-0073,2,11158.63,0.0,22317.26
ITEM-002848,ORD-01371,PROD-0044,5,1147.03,0.0,5735.15
ITEM-002849,ORD-01371,PROD-0048,1,1883.43,0.0,1883.43
ITEM-002850,ORD-01371,PROD-0021,2,14237.71,0.0,28475.42
ITEM-002851,ORD-01371,PROD-0030,3,7630.74,0.0,22892.22
ITEM-002852,ORD-01371,PROD-0073,2,11158.63,0.0,22317.26
ITEM-002853,ORD-01372,PROD-0001,3,85654.19,77088.77,179873.8
ITEM-002854,ORD-01373,PROD-0040,2,354.18,212.51,495.85
ITEM-002855,ORD-01373,PROD-0080,1,47311.93,14193.58,33118.35
ITEM-002856,ORD-01373,PROD-0075,1,17455.24,5236.57,12218.67
ITEM-002857,ORD-01374,PROD-0050,2,1843.01,184.3,3501.72
ITEM-002858,ORD-01375,PROD-0079,5,2367.89,2959.86,8879.59
ITEM-002859,ORD-01375,PROD-0062,1,4002.89,1000.72,3002.17
ITEM-002860,ORD-01375,PROD-0059,2,955.76,477.88,1433.64
ITEM-002861,ORD-01375,PROD-0031,1,43799.96,10949.99,32849.97
ITEM-002862,ORD-01375,PROD-0014,1,1370.35,342.59,1027.76
ITEM-002863,ORD-01376,PROD-0035,4,32410.39,6482.08,123159.48
ITEM-002864,ORD-01376,PROD-0065,1,3085.73,154.29,2931.44
ITEM-002865,ORD-01376,PROD-0064,2,2018.49,201.85,3835.13
ITEM-002866,ORD-01376,PROD-0020,2,7859.34,785.93,14932.75
ITEM-002867,ORD-01377,PROD-0068,1,10709.38,535.47,10173.91
ITEM-002868,ORD-01378,PROD-0032,3,27601.51,4140.23,78664.3
ITEM-002869,ORD-01379,PROD-0062,2,4002.89,400.29,7605.49
ITEM-002870,ORD-01380,PROD-0059,2,955.76,95.58,1815.94
ITEM-002871,ORD-01381,PROD-0011,5,8972.23,2243.06,42618.09
ITEM-002872,ORD-01382,PROD-0036,4,29238.48,23390.78,93563.14
ITEM-002873,ORD-01382,PROD-0074,1,23577.52,4715.5,18862.02
ITEM-002874,ORD-01382,PROD-0026,4,6024.68,4819.74,19278.98
ITEM-002875,ORD-01382,PROD-0016,1,13284.93,2656.99,10627.94
ITEM-002876,ORD-01382,PROD-0062,1,4002.89,800.58,3202.31
ITEM-002877,ORD-01383,PROD-0013,3,116727.16,0.0,350181.48
ITEM-002878,ORD-01383,PROD-0062,3,4002.89,0.0,12008.67
ITEM-002879,ORD-01384,PROD-0017,4,14949.48,5979.79,53818.13
ITEM-002880,ORD-01384,PROD-0016,1,13284.93,1328.49,11956.44
ITEM-002881,ORD-01385,PROD-0004,1,104516.44,0.0,104516.44
ITEM-002882,ORD-01386,PROD-0072,4,3464.52,692.9,13165.18
ITEM-002883,ORD-01386,PROD-0079,1,2367.89,118.39,2249.5
ITEM-002884,ORD-01386,PROD-0025,1,13690.5,684.52,13005.98
ITEM-002885,ORD-01387,PROD-0027,3,35192.66,21115.6,84462.38
ITEM-002886,ORD-01388,PROD-0077,1,18535.55,1853.56,16681.99
ITEM-002887,ORD-01388,PROD-0058,4,3021.89,1208.76,10878.8
ITEM-002888,ORD-01389,PROD-0042,1,472.22,0.0,472.22
ITEM-002889,ORD-01389,PROD-0047,3,1537.69,0.0,4613.07
ITEM-002890,ORD-01390,PROD-0031,1,43799.96,0.0,43799.96
ITEM-002891,ORD-01391,PROD-0013,2,116727.16,23345.43,210108.89
ITEM-002892,ORD-01392,PROD-0051,1,1302.78,0.0,1302.78
ITEM-002893,ORD-01392,PROD-0075,3,17455.24,0.0,52365.72
ITEM-002894,ORD-01392,PROD-0020,2,7859.34,0.0,15718.68
ITEM-002895,ORD-01392,PROD-0047,1,1537.69,0.0,1537.69
ITEM-002896,ORD-01392,PROD-0042,2,472.22,0.0,944.44
ITEM-002897,ORD-01393,PROD-0007,1,64234.24,16058.56,48175.68
ITEM-002898,ORD-01394,PROD-0015,1,11857.0,0.0,11857.0
ITEM-002899,ORD-01394,PROD-0008,1,112318.49,0.0,112318.49
ITEM-002900,ORD-01395,PROD-0010,3,29080.61,21810.46,65431.37
ITEM-002901,ORD-01396,PROD-0072,3,3464.52,2078.71,8314.85
ITEM-002902,ORD-01396,PROD-0034,5,10118.15,10118.15,40472.6
ITEM-002903,ORD-01397,PROD-0066,4,3066.74,3680.09,8586.87
ITEM-002904,ORD-01397,PROD-0011,3,8972.23,8075.01,18841.68
ITEM-002905,ORD-01397,PROD-0018,1,13595.1,4078.53,9516.57
ITEM-002906,ORD-01398,PROD-0072,1,3464.52,0.0,3464.52
ITEM-002907,ORD-01398,PROD-0066,3,3066.74,0.0,9200.22
ITEM-002908,ORD-01399,PROD-0039,3,738.18,0.0,2214.54
ITEM-002909,ORD-01399,PROD-0049,2,543.64,0.0,1087.28
ITEM-002910,ORD-01400,PROD-0072,1,3464.52,173.23,3291.29
ITEM-002911,ORD-01400,PROD-0052,2,814.65,81.47,1547.83
ITEM-002912,ORD-01400,PROD-0062,1,4002.89,200.14,3802.75
ITEM-002913,ORD-01401,PROD-0034,2,10118.15,6070.89,14165.41
ITEM-002914,ORD-01402,PROD-0060,2,239.31,71.79,406.83
ITEM-002915,ORD-01402,PROD-0032,1,27601.51,4140.23,23461.28
ITEM-002916,ORD-01403,PROD-0047,2,1537.69,153.77,2921.61
ITEM-002917,ORD-01403,PROD-0041,1,1147.18,57.36,1089.82
ITEM-002918,ORD-01403,PROD-0054,1,4451.78,222.59,4229.19
ITEM-002919,ORD-01403,PROD-0009,5,113999.83,28499.96,541499.19
ITEM-002920,ORD-01404,PROD-0018,1,13595.1,1359.51,12235.59
ITEM-002921,ORD-01404,PROD-0003,3,32384.66,9715.4,87438.58
ITEM-002922,ORD-01405,PROD-0051,1,1302.78,390.83,911.95
ITEM-002923,ORD-01405,PROD-0037,1,31165.03,9349.51,21815.52
ITEM-002924,ORD-01406,PROD-0029,1,26905.65,0.0,26905.65
ITEM-002925,ORD-01406,PROD-0004,1,104516.44,0.0,104516.44
ITEM-002926,ORD-01407,PROD-0056,1,1266.18,0.0,1266.18
ITEM-002927,ORD-01407,PROD-0078,1,14307.56,0.0,14307.56
ITEM-002928,ORD-01407,PROD-0031,4,43799.96,0.0,175199.84
ITEM-002929,ORD-01408,PROD-0009,3,113999.83,34199.95,307799.54
ITEM-002930,ORD-01408,PROD-0053,1,1974.19,197.42,1776.77
ITEM-002931,ORD-01409,PROD-0032,1,27601.51,0.0,27601.51
ITEM-002932,ORD-01410,PROD-0009,2,113999.83,0.0,227999.66
ITEM-002933,ORD-01410,PROD-0074,5,23577.52,0.0,117887.6
ITEM-002934,ORD-01410,PROD-0030,1,7630.74,0.0,7630.74
ITEM-002935,ORD-01411,PROD-0020,1,7859.34,1571.87,6287.47
ITEM-002936,ORD-01411,PROD-0052,4,814.65,651.72,2606.88
ITEM-002937,ORD-01411,PROD-0059,1,955.76,191.15,764.61
ITEM-002938,ORD-01411,PROD-0014,2,1370.35,548.14,2192.56
ITEM-002939,ORD-01412,PROD-0080,1,47311.93,11827.98,35483.95
ITEM-002940,ORD-01412,PROD-0073,3,11158.63,8368.97,25106.92
ITEM-002941,ORD-01413,PROD-0041,3,1147.18,344.15,3097.39
ITEM-002942,ORD-01413,PROD-0024,1,855.93,85.59,770.34
ITEM-002943,ORD-01413,PROD-0079,2,2367.89,473.58,4262.2
ITEM-002944,ORD-01413,PROD-0054,1,4451.78,445.18,4006.6
ITEM-002945,ORD-01414,PROD-0055,3,3269.86,2452.39,7357.19
ITEM-002946,ORD-01414,PROD-0070,4,26338.96,26338.96,79016.88
ITEM-002947,ORD-01414,PROD-0056,1,1266.18,316.55,949.63
ITEM-002948,ORD-01414,PROD-0065,3,3085.73,2314.3,6942.89
ITEM-002949,ORD-01414,PROD-0015,1,11857.0,2964.25,8892.75
ITEM-002950,ORD-01415,PROD-0033,1,45327.59,0.0,45327.59
ITEM-002951,ORD-01416,PROD-0004,1,104516.44,0.0,104516.44
ITEM-002952,ORD-01416,PROD-0042,1,472.22,0.0,472.22
ITEM-002953,ORD-01416,PROD-0072,1,3464.52,0.0,3464.52
ITEM-002954,ORD-01417,PROD-0077,2,18535.55,7414.22,29656.88
ITEM-002955,ORD-01417,PROD-0008,1,112318.49,22463.7,89854.79
ITEM-002956,ORD-01417,PROD-0050,1,1843.01,368.6,1474.41
ITEM-002957,ORD-01418,PROD-0079,1,2367.89,591.97,1775.92
ITEM-002958,ORD-01418,PROD-0007,1,64234.24,16058.56,48175.68
ITEM-002959,ORD-01419,PROD-0020,1,7859.34,0.0,7859.34
ITEM-002960,ORD-01420,PROD-0050,1,1843.01,276.45,1566.56
ITEM-002961,ORD-01420,PROD-0031,1,43799.96,6569.99,37229.97
ITEM-002962,ORD-01420,PROD-0060,4,239.31,143.59,813.65
ITEM-002963,ORD-01421,PROD-0051,1,1302.78,130.28,1172.5
ITEM-002964,ORD-01421,PROD-0003,1,32384.66,3238.47,29146.19
ITEM-002965,ORD-01421,PROD-0028,2,14434.11,2886.82,25981.4
ITEM-002966,ORD-01421,PROD-0019,1,13763.21,1376.32,12386.89
ITEM-002967,ORD-01421,PROD-0025,2,13690.5,2738.1,24642.9
ITEM-002968,ORD-01422,PROD-0080,2,47311.93,18924.77,75699.09
ITEM-002969,ORD-01423,PROD-0060,2,239.31,0.0,478.62
ITEM-002970,ORD-01423,PROD-0030,1,7630.74,0.0,7630.74
ITEM-002971,ORD-01423,PROD-0059,1,955.76,0.0,955.76
ITEM-002972,ORD-01423,PROD-0074,2,23577.52,0.0,47155.04
ITEM-002973,ORD-01423,PROD-0026,3,6024.68,0.0,18074.04
ITEM-002974,ORD-01424,PROD-0019,1,13763.21,1376.32,12386.89
ITEM-002975,ORD-01425,PROD-0011,1,8972.23,897.22,8075.01
ITEM-002976,ORD-01425,PROD-0010,2,29080.61,5816.12,52345.1
ITEM-002977,ORD-01426,PROD-0059,1,955.76,191.15,764.61
ITEM-002978,ORD-01426,PROD-0002,1,121819.8,24363.96,97455.84
ITEM-002979,ORD-01426,PROD-0028,5,14434.11,14434.11,57736.44
ITEM-002980,ORD-01426,PROD-0068,1,10709.38,2141.88,8567.5
ITEM-002981,ORD-01426,PROD-0055,1,3269.86,653.97,2615.89
ITEM-002982,ORD-01427,PROD-0047,4,1537.69,0.0,6150.76
ITEM-002983,ORD-01428,PROD-0021,1,14237.71,2847.54,11390.17
ITEM-002984,ORD-01429,PROD-0002,2,121819.8,24363.96,219275.64
ITEM-002985,ORD-01430,PROD-0032,1,27601.51,2760.15,24841.36
ITEM-002986,ORD-01431,PROD-0019,5,13763.21,20644.81,48171.24
ITEM-002987,ORD-01431,PROD-0074,2,23577.52,14146.51,33008.53
ITEM-002988,ORD-01431,PROD-0022,2,10152.93,6091.76,14214.1
ITEM-002989,ORD-01431,PROD-0033,1,45327.59,13598.28,31729.31
ITEM-002990,ORD-01432,PROD-0022,2,10152.93,4061.17,16244.69
ITEM-002991,ORD-01432,PROD-0015,2,11857.0,4742.8,18971.2
ITEM-002992,ORD-01432,PROD-0006,1,78104.58,15620.92,62483.66
ITEM-002993,ORD-01432,PROD-0061,1,3090.65,618.13,2472.52
ITEM-002994,ORD-01433,PROD-0055,3,3269.86,2942.87,6866.71
ITEM-002995,ORD-01433,PROD-0046,1,1068.78,320.63,748.15
ITEM-002996,ORD-01434,PROD-0024,1,855.93,42.8,813.13
ITEM-002997,ORD-01435,PROD-0009,2,113999.83,0.0,227999.66
ITEM-002998,ORD-01436,PROD-0071,2,3798.51,1139.55,6457.47
ITEM-002999,ORD-01436,PROD-0038,1,15629.94,2344.49,13285.45
ITEM-003000,ORD-01436,PROD-0018,2,13595.1,4078.53,23111.67
ITEM-003001,ORD-01437,PROD-0021,2,14237.71,8542.63,19932.79
ITEM-003002,ORD-01437,PROD-0063,1,3661.31,1098.39,2562.92
ITEM-003003,ORD-01438,PROD-0051,2,1302.78,390.83,2214.73
ITEM-003004,ORD-01438,PROD-0042,2,472.22,141.67,802.77
ITEM-003005,ORD-01438,PROD-0009,1,113999.83,17099.97,96899.86
ITEM-003006,ORD-01438,PROD-0021,1,14237.71,2135.66,12102.05
ITEM-003007,ORD-01439,PROD-0003,1,32384.66,3238.47,29146.19
ITEM-003008,ORD-01439,PROD-0047,1,1537.69,153.77,1383.92
ITEM-003009,ORD-01439,PROD-0011,1,8972.23,897.22,8075.01
ITEM-003010,ORD-01440,PROD-0033,1,45327.59,4532.76,40794.83
ITEM-003011,ORD-01440,PROD-0017,3,14949.48,4484.84,40363.6
ITEM-003012,ORD-01441,PROD-0007,1,64234.24,16058.56,48175.68
ITEM-003013,ORD-01442,PROD-0058,1,3021.89,0.0,3021.89
ITEM-003014,ORD-01442,PROD-0018,1,13595.1,0.0,13595.1
ITEM-003015,ORD-01443,PROD-0068,1,10709.38,1070.94,9638.44
ITEM-003016,ORD-01444,PROD-0025,3,13690.5,12321.45,28750.05
ITEM-003017,ORD-01444,PROD-0035,2,32410.39,19446.23,45374.55
ITEM-003018,ORD-01444,PROD-0019,1,13763.21,4128.96,9634.25
ITEM-003019,ORD-01445,PROD-0027,1,35192.66,7038.53,28154.13
ITEM-003020,ORD-01445,PROD-0074,1,23577.52,4715.5,18862.02
ITEM-003021,ORD-01446,PROD-0072,3,3464.52,1039.36,9354.2
ITEM-003022,ORD-01446,PROD-0004,1,104516.44,10451.64,94064.8
ITEM-003023,ORD-01447,PROD-0051,1,1302.78,325.69,977.09
ITEM-003024,ORD-01447,PROD-0029,3,26905.65,20179.24,60537.71
ITEM-003025,ORD-01448,PROD-0079,1,2367.89,0.0,2367.89
ITEM-003026,ORD-01448,PROD-0050,2,1843.01,0.0,3686.02
ITEM-003027,ORD-01448,PROD-0072,1,3464.52,0.0,3464.52
ITEM-003028,ORD-01449,PROD-0001,1,85654.19,0.0,85654.19
ITEM-003029,ORD-01450,PROD-0033,1,45327.59,0.0,45327.59
ITEM-003030,ORD-01451,PROD-0013,1,116727.16,5836.36,110890.8
ITEM-003031,ORD-01452,PROD-0060,1,239.31,0.0,239.31
ITEM-003032,ORD-01453,PROD-0037,3,31165.03,4674.75,88820.34
ITEM-003033,ORD-01453,PROD-0038,1,15629.94,781.5,14848.44
ITEM-003034,ORD-01454,PROD-0043,2,1299.09,519.64,2078.54
ITEM-003035,ORD-01455,PROD-0053,1,1974.19,493.55,1480.64
ITEM-003036,ORD-01456,PROD-0053,2,1974.19,394.84,3553.54
ITEM-003037,ORD-01456,PROD-0022,2,10152.93,2030.59,18275.27
ITEM-003038,ORD-01457,PROD-0016,1,13284.93,3321.23,9963.7
ITEM-003039,ORD-01458,PROD-0003,2,32384.66,16192.33,48576.99
ITEM-003040,ORD-01459,PROD-0053,2,1974.19,987.1,2961.28
ITEM-003041,ORD-01459,PROD-0079,3,2367.89,1775.92,5327.75
ITEM-003042,ORD-01459,PROD-0074,1,23577.52,5894.38,17683.14
ITEM-003043,ORD-01459,PROD-0054,3,4451.78,3338.84,10016.5
ITEM-003044,ORD-01459,PROD-0013,2,116727.16,58363.58,175090.74
ITEM-003045,ORD-01460,PROD-0032,2,27601.51,16560.91,38642.11
ITEM-003046,ORD-01461,PROD-0071,4,3798.51,0.0,15194.04
ITEM-003047,ORD-01462,PROD-0071,1,3798.51,0.0,3798.51
ITEM-003048,ORD-01463,PROD-0057,1,3014.34,0.0,3014.34
ITEM-003049,ORD-01463,PROD-0039,4,738.18,0.0,2952.72
ITEM-003050,ORD-01464,PROD-0040,1,354.18,70.84,283.34
ITEM-003051,ORD-01464,PROD-0064,1,2018.49,403.7,1614.79
ITEM-003052,ORD-01464,PROD-0052,3,814.65,488.79,1955.16
ITEM-003053,ORD-01465,PROD-0047,1,1537.69,461.31,1076.38
ITEM-003054,ORD-01466,PROD-0015,4,11857.0,14228.4,33199.6
ITEM-003055,ORD-01467,PROD-0042,2,472.22,283.33,661.11
ITEM-003056,ORD-01467,PROD-0041,3,1147.18,1032.46,2409.08
ITEM-003057,ORD-01467,PROD-0065,1,3085.73,925.72,2160.01
ITEM-003058,ORD-01468,PROD-0071,1,3798.51,189.93,3608.58
ITEM-003059,ORD-01468,PROD-0069,1,4275.33,213.77,4061.56
ITEM-003060,ORD-01468,PROD-0023,5,9803.45,2450.86,46566.39
ITEM-003061,ORD-01469,PROD-0076,1,23557.35,4711.47,18845.88
ITEM-003062,ORD-01470,PROD-0033,4,45327.59,54393.11,126917.25
ITEM-003063,ORD-01471,PROD-0069,4,4275.33,3420.26,13681.06
ITEM-003064,ORD-01472,PROD-0076,1,23557.35,2355.74,21201.61
ITEM-003065,ORD-01472,PROD-0061,2,3090.65,618.13,5563.17
ITEM-003066,ORD-01473,PROD-0040,3,354.18,0.0,1062.54
ITEM-003067,ORD-01474,PROD-0078,5,14307.56,0.0,71537.8
ITEM-003068,ORD-01475,PROD-0043,5,1299.09,649.54,5845.91
ITEM-003069,ORD-01476,PROD-0047,1,1537.69,153.77,1383.92
ITEM-003070,ORD-01476,PROD-0077,2,18535.55,3707.11,33363.99
ITEM-003071,ORD-01476,PROD-0024,1,855.93,85.59,770.34
ITEM-003072,ORD-01477,PROD-0042,1,472.22,0.0,472.22
ITEM-003073,ORD-01477,PROD-0057,2,3014.34,0.0,6028.68
ITEM-003074,ORD-01478,PROD-0014,3,1370.35,411.1,3699.95
ITEM-003075,ORD-01478,PROD-0025,1,13690.5,1369.05,12321.45
ITEM-003076,ORD-01478,PROD-0058,2,3021.89,604.38,5439.4
ITEM-003077,ORD-01478,PROD-0076,3,23557.35,7067.2,63604.85
ITEM-003078,ORD-01479,PROD-0019,3,13763.21,8257.93,33031.7
ITEM-003079,ORD-01479,PROD-0057,1,3014.34,602.87,2411.47
ITEM-003080,ORD-01480,PROD-0014,2,1370.35,0.0,2740.7
ITEM-003081,ORD-01480,PROD-0012,5,51591.73,0.0,257958.65
ITEM-003082,ORD-01480,PROD-0050,3,1843.01,0.0,5529.03
ITEM-003083,ORD-01480,PROD-0001,5,85654.19,0.0,428270.95
ITEM-003084,ORD-01481,PROD-0005,3,93567.0,0.0,280701.0
ITEM-003085,ORD-01481,PROD-0014,2,1370.35,0.0,2740.7
ITEM-003086,ORD-01482,PROD-0024,2,855.93,513.56,1198.3
ITEM-003087,ORD-01482,PROD-0015,2,11857.0,7114.2,16599.8
ITEM-003088,ORD-01482,PROD-0027,1,35192.66,10557.8,24634.86
ITEM-003089,ORD-01482,PROD-0026,1,6024.68,1807.4,4217.28
ITEM-003090,ORD-01482,PROD-0049,2,543.64,326.18,761.1
ITEM-003091,ORD-01483,PROD-0056,2,1266.18,0.0,2532.36
ITEM-003092,ORD-01484,PROD-0065,2,3085.73,0.0,6171.46
ITEM-003093,ORD-01485,PROD-0076,2,23557.35,9422.94,37691.76
ITEM-003094,ORD-01485,PROD-0080,4,47311.93,37849.54,151398.18
ITEM-003095,ORD-01485,PROD-0030,1,7630.74,1526.15,6104.59
ITEM-003096,ORD-01485,PROD-0001,4,85654.19,68523.35,274093.41
ITEM-003097,ORD-01486,PROD-0032,3,27601.51,20701.13,62103.4
ITEM-003098,ORD-01486,PROD-0074,1,23577.52,5894.38,17683.14
ITEM-003099,ORD-01486,PROD-0078,4,14307.56,14307.56,42922.68
ITEM-003100,ORD-01487,PROD-0017,2,14949.48,0.0,29898.96
ITEM-003101,ORD-01487,PROD-0060,4,239.31,0.0,957.24
ITEM-003102,ORD-01487,PROD-0014,2,1370.35,0.0,2740.7
ITEM-003103,ORD-01488,PROD-0029,2,26905.65,0.0,53811.3
ITEM-003104,ORD-01488,PROD-0028,4,14434.11,0.0,57736.44
ITEM-003105,ORD-01488,PROD-0067,2,12793.32,0.0,25586.64
ITEM-003106,ORD-01488,PROD-0063,4,3661.31,0.0,14645.24
ITEM-003107,ORD-01489,PROD-0047,2,1537.69,307.54,2767.84
ITEM-003108,ORD-01490,PROD-0072,2,3464.52,346.45,6582.59
ITEM-003109,ORD-01490,PROD-0079,3,2367.89,355.18,6748.49
ITEM-003110,ORD-01490,PROD-0066,3,3066.74,460.01,8740.21
ITEM-003111,ORD-01490,PROD-0051,5,1302.78,325.69,6188.21
ITEM-003112,ORD-01490,PROD-0014,1,1370.35,68.52,1301.83
ITEM-003113,ORD-01491,PROD-0007,1,64234.24,0.0,64234.24
ITEM-003114,ORD-01491,PROD-0073,1,11158.63,0.0,11158.63
ITEM-003115,ORD-01492,PROD-0076,1,23557.35,2355.74,21201.61
ITEM-003116,ORD-01493,PROD-0079,3,2367.89,1775.92,5327.75
ITEM-003117,ORD-01493,PROD-0039,1,738.18,184.54,553.64
ITEM-003118,ORD-01494,PROD-0033,1,45327.59,0.0,45327.59
ITEM-003119,ORD-01494,PROD-0040,3,354.18,0.0,1062.54
ITEM-003120,ORD-01495,PROD-0052,2,814.65,81.47,1547.83
ITEM-003121,ORD-01496,PROD-0055,2,3269.86,326.99,6212.73
ITEM-003122,ORD-01496,PROD-0018,4,13595.1,2719.02,51661.38
ITEM-003123,ORD-01496,PROD-0050,1,1843.01,92.15,1750.86
ITEM-003124,ORD-01497,PROD-0058,3,3021.89,0.0,9065.67
ITEM-003125,ORD-01498,PROD-0014,1,1370.35,0.0,1370.35
ITEM-003126,ORD-01498,PROD-0051,2,1302.78,0.0,2605.56
ITEM-003127,ORD-01498,PROD-0004,2,104516.44,0.0,209032.88
ITEM-003128,ORD-01498,PROD-0034,4,10118.15,0.0,40472.6
ITEM-003129,ORD-01498,PROD-0032,2,27601.51,0.0,55203.02
ITEM-003130,ORD-01499,PROD-0073,5,11158.63,16737.94,39055.21
ITEM-003131,ORD-01499,PROD-0007,1,64234.24,19270.27,44963.97
ITEM-003132,ORD-01499,PROD-0060,3,239.31,215.38,502.55
ITEM-003133,ORD-01499,PROD-0078,1,14307.56,4292.27,10015.29
ITEM-003134,ORD-01499,PROD-0074,3,23577.52,21219.77,49512.79
ITEM-003135,ORD-01500,PROD-0064,1,2018.49,302.77,1715.72
ITEM-003136,ORD-01500,PROD-0043,1,1299.09,194.86,1104.23
ITEM-003137,ORD-01500,PROD-0054,1,4451.78,667.77,3784.01
ITEM-003138,ORD-01500,PROD-0071,3,3798.51,1709.33,9686.2
ITEM-003139,ORD-01501,PROD-0005,2,93567.0,18713.4,168420.6
ITEM-003140,ORD-01501,PROD-0063,1,3661.31,366.13,3295.18
ITEM-003141,ORD-01501,PROD-0027,2,35192.66,7038.53,63346.79
ITEM-003142,ORD-01501,PROD-0008,1,112318.49,11231.85,101086.64
ITEM-003143,ORD-01501,PROD-0057,5,3014.34,1507.17,13564.53
ITEM-003144,ORD-01502,PROD-0025,1,13690.5,2738.1,10952.4
ITEM-003145,ORD-01503,PROD-0001,1,85654.19,0.0,85654.19
ITEM-003146,ORD-01504,PROD-0050,1,1843.01,184.3,1658.71
ITEM-003147,ORD-01504,PROD-0075,1,17455.24,1745.52,15709.72
ITEM-003148,ORD-01505,PROD-0065,1,3085.73,925.72,2160.01
ITEM-003149,ORD-01505,PROD-0042,4,472.22,566.66,1322.22
ITEM-003150,ORD-01505,PROD-0037,1,31165.03,9349.51,21815.52
ITEM-003151,ORD-01506,PROD-0044,5,1147.03,1147.03,4588.12
ITEM-003152,ORD-01506,PROD-0017,1,14949.48,2989.9,11959.58
ITEM-003153,ORD-01507,PROD-0024,3,855.93,128.39,2439.4
ITEM-003154,ORD-01507,PROD-0029,5,26905.65,6726.41,127801.84
ITEM-003155,ORD-01507,PROD-0012,4,51591.73,10318.35,196048.57
ITEM-003156,ORD-01508,PROD-0051,1,1302.78,65.14,1237.64
ITEM-003157,ORD-01508,PROD-0041,1,1147.18,57.36,1089.82
ITEM-003158,ORD-01509,PROD-0043,3,1299.09,1169.18,2728.09
ITEM-003159,ORD-01510,PROD-0058,1,3021.89,0.0,3021.89
ITEM-003160,ORD-01511,PROD-0007,1,64234.24,3211.71,61022.53
ITEM-003161,ORD-01511,PROD-0025,1,13690.5,684.52,13005.98
ITEM-003162,ORD-01512,PROD-0063,1,3661.31,915.33,2745.98
ITEM-003163,ORD-01513,PROD-0079,4,2367.89,1894.31,7577.25
ITEM-003164,ORD-01513,PROD-0043,2,1299.09,519.64,2078.54
ITEM-003165,ORD-01514,PROD-0041,2,1147.18,573.59,1720.77
ITEM-003166,ORD-01514,PROD-0048,5,1883.43,2354.29,7062.86
ITEM-003167,ORD-01514,PROD-0045,1,523.28,130.82,392.46
ITEM-003168,ORD-01515,PROD-0005,1,93567.0,14035.05,79531.95
ITEM-003169,ORD-01515,PROD-0006,1,78104.58,11715.69,66388.89
ITEM-003170,ORD-01515,PROD-0053,5,1974.19,1480.64,8390.31
ITEM-003171,ORD-01515,PROD-0015,1,11857.0,1778.55,10078.45
ITEM-003172,ORD-01515,PROD-0061,4,3090.65,1854.39,10508.21
ITEM-003173,ORD-01516,PROD-0036,3,29238.48,8771.54,78943.9
ITEM-003174,ORD-01517,PROD-0015,2,11857.0,3557.1,20156.9
ITEM-003175,ORD-01517,PROD-0021,1,14237.71,2135.66,12102.05
ITEM-003176,ORD-01517,PROD-0014,2,1370.35,411.11,2329.59
ITEM-003177,ORD-01518,PROD-0019,1,13763.21,688.16,13075.05
ITEM-003178,ORD-01519,PROD-0002,1,121819.8,24363.96,97455.84
ITEM-003179,ORD-01519,PROD-0054,2,4451.78,1780.71,7122.85
ITEM-003180,ORD-01519,PROD-0042,1,472.22,94.44,377.78
ITEM-003181,ORD-01520,PROD-0020,4,7859.34,1571.87,29865.49
ITEM-003182,ORD-01521,PROD-0031,1,43799.96,8759.99,35039.97
ITEM-003183,ORD-01521,PROD-0004,1,104516.44,20903.29,83613.15
ITEM-003184,ORD-01522,PROD-0046,2,1068.78,0.0,2137.56
ITEM-003185,ORD-01522,PROD-0032,4,27601.51,0.0,110406.04
ITEM-003186,ORD-01523,PROD-0042,3,472.22,0.0,1416.66
ITEM-003187,ORD-01524,PROD-0043,1,1299.09,0.0,1299.09
ITEM-003188,ORD-01525,PROD-0028,1,14434.11,2886.82,11547.29
ITEM-003189,ORD-01525,PROD-0043,3,1299.09,779.45,3117.82
ITEM-003190,ORD-01525,PROD-0055,2,3269.86,1307.94,5231.78
ITEM-003191,ORD-01525,PROD-0001,2,85654.19,34261.68,137046.7
ITEM-003192,ORD-01525,PROD-0064,4,2018.49,1614.79,6459.17
ITEM-003193,ORD-01526,PROD-0018,1,13595.1,1359.51,12235.59
ITEM-003194,ORD-01527,PROD-0025,1,13690.5,684.52,13005.98
ITEM-003195,ORD-01527,PROD-0074,3,23577.52,3536.63,67195.93
ITEM-003196,ORD-01527,PROD-0077,1,18535.55,926.78,17608.77
ITEM-003197,ORD-01527,PROD-0008,2,112318.49,11231.85,213405.13
ITEM-003198,ORD-01528,PROD-0032,2,27601.51,13800.75,41402.27
ITEM-003199,ORD-01528,PROD-0052,2,814.65,407.32,1221.98
ITEM-003200,ORD-01529,PROD-0019,4,13763.21,0.0,55052.84
ITEM-003201,ORD-01529,PROD-0055,1,3269.86,0.0,3269.86
ITEM-003202,ORD-01529,PROD-0073,1,11158.63,0.0,11158.63
ITEM-003203,ORD-01529,PROD-0003,1,32384.66,0.0,32384.66
ITEM-003204,ORD-01529,PROD-0024,4,855.93,0.0,3423.72
ITEM-003205,ORD-01530,PROD-0052,1,814.65,244.4,570.25
ITEM-003206,ORD-01530,PROD-0014,2,1370.35,822.21,1918.49
ITEM-003207,ORD-01531,PROD-0060,4,239.31,239.31,717.93
ITEM-003208,ORD-01531,PROD-0004,1,104516.44,26129.11,78387.33
ITEM-003209,ORD-01532,PROD-0014,1,1370.35,411.11,959.24
ITEM-003210,ORD-01533,PROD-0075,3,17455.24,15709.72,36656.0
ITEM-003211,ORD-01534,PROD-0079,1,2367.89,0.0,2367.89
ITEM-003212,ORD-01535,PROD-0061,4,3090.65,0.0,12362.6
ITEM-003213,ORD-01535,PROD-0021,1,14237.71,0.0,14237.71
ITEM-003214,ORD-01536,PROD-0071,3,3798.51,0.0,11395.53
ITEM-003215,ORD-01536,PROD-0025,3,13690.5,0.0,41071.5
ITEM-003216,ORD-01536,PROD-0031,2,43799.96,0.0,87599.92
ITEM-003217,ORD-01537,PROD-0010,1,29080.61,2908.06,26172.55
ITEM-003218,ORD-01537,PROD-0077,4,18535.55,7414.22,66727.98
ITEM-003219,ORD-01538,PROD-0079,1,2367.89,236.79,2131.1
ITEM-003220,ORD-01538,PROD-0019,1,13763.21,1376.32,12386.89
ITEM-003221,ORD-01538,PROD-0015,1,11857.0,1185.7,10671.3
ITEM-003222,ORD-01539,PROD-0023,4,9803.45,0.0,39213.8
ITEM-003223,ORD-01540,PROD-0008,4,112318.49,112318.49,336955.47
ITEM-003224,ORD-01541,PROD-0019,2,13763.21,0.0,27526.42
ITEM-003225,ORD-01542,PROD-0057,1,3014.34,452.15,2562.19
ITEM-003226,ORD-01542,PROD-0036,3,29238.48,13157.32,74558.12
ITEM-003227,ORD-01543,PROD-0080,2,47311.93,28387.16,66236.7
ITEM-003228,ORD-01544,PROD-0070,4,26338.96,10535.58,94820.26
ITEM-003229,ORD-01544,PROD-0069,3,4275.33,1282.6,11543.39
ITEM-003230,ORD-01545,PROD-0019,1,13763.21,4128.96,9634.25
ITEM-003231,ORD-01545,PROD-0008,2,112318.49,67391.09,157245.89
ITEM-003232,ORD-01545,PROD-0052,2,814.65,488.79,1140.51
ITEM-003233,ORD-01545,PROD-0025,2,13690.5,8214.3,19166.7
ITEM-003234,ORD-01546,PROD-0011,5,8972.23,4486.11,40375.04
ITEM-003235,ORD-01546,PROD-0022,2,10152.93,2030.59,18275.27
ITEM-003236,ORD-01546,PROD-0054,4,4451.78,1780.71,16026.41
ITEM-003237,ORD-01547,PROD-0054,1,4451.78,1335.53,3116.25
ITEM-003238,ORD-01548,PROD-0018,1,13595.1,3398.78,10196.32
ITEM-003239,ORD-01548,PROD-0035,1,32410.39,8102.6,24307.79
ITEM-003240,ORD-01549,PROD-0003,4,32384.66,12953.86,116584.78
ITEM-003241,ORD-01549,PROD-0055,5,3269.86,1634.93,14714.37
ITEM-003242,ORD-01550,PROD-0033,1,45327.59,9065.52,36262.07
ITEM-003243,ORD-01550,PROD-0044,1,1147.03,229.41,917.62
ITEM-003244,ORD-01551,PROD-0060,1,239.31,71.79,167.52
ITEM-003245,ORD-01551,PROD-0033,2,45327.59,27196.55,63458.63
ITEM-003246,ORD-01552,PROD-0002,1,121819.8,6090.99,115728.81
ITEM-003247,ORD-01552,PROD-0057,2,3014.34,301.43,5727.25
ITEM-003248,ORD-01553,PROD-0054,1,4451.78,445.18,4006.6
ITEM-003249,ORD-01553,PROD-0041,1,1147.18,114.72,1032.46
ITEM-003250,ORD-01554,PROD-0056,2,1266.18,0.0,2532.36
ITEM-003251,ORD-01554,PROD-0012,2,51591.73,0.0,103183.46
ITEM-003252,ORD-01554,PROD-0019,5,13763.21,0.0,68816.05
ITEM-003253,ORD-01554,PROD-0079,1,2367.89,0.0,2367.89
ITEM-003254,ORD-01555,PROD-0052,2,814.65,162.93,1466.37
ITEM-003255,ORD-01556,PROD-0018,4,13595.1,13595.1,40785.3
ITEM-003256,ORD-01556,PROD-0066,2,3066.74,1533.37,4600.11
ITEM-003257,ORD-01556,PROD-0019,1,13763.21,3440.8,10322.41
ITEM-003258,ORD-01557,PROD-0049,1,543.64,54.36,489.28
ITEM-003259,ORD-01557,PROD-0033,1,45327.59,4532.76,40794.83
ITEM-003260,ORD-01558,PROD-0064,1,2018.49,0.0,2018.49
ITEM-003261,ORD-01559,PROD-0055,1,3269.86,0.0,3269.86
ITEM-003262,ORD-01559,PROD-0005,2,93567.0,0.0,187134.0
ITEM-003263,ORD-01560,PROD-0066,1,3066.74,920.02,2146.72
ITEM-003264,ORD-01561,PROD-0052,1,814.65,0.0,814.65
ITEM-003265,ORD-01562,PROD-0074,2,23577.52,7073.26,40081.78
ITEM-003266,ORD-01562,PROD-0048,1,1883.43,282.51,1600.92
ITEM-003267,ORD-01562,PROD-0009,1,113999.83,17099.97,96899.86
ITEM-003268,ORD-01562,PROD-0019,1,13763.21,2064.48,11698.73
ITEM-003269,ORD-01562,PROD-0060,3,239.31,107.69,610.24
ITEM-003270,ORD-01563,PROD-0072,2,3464.52,1385.81,5543.23
ITEM-003271,ORD-01564,PROD-0048,2,1883.43,941.72,2825.14
ITEM-003272,ORD-01565,PROD-0052,3,814.65,733.18,1710.77
ITEM-003273,ORD-01566,PROD-0078,1,14307.56,1430.76,12876.8
ITEM-003274,ORD-01567,PROD-0034,1,10118.15,2529.54,7588.61
ITEM-003275,ORD-01567,PROD-0072,1,3464.52,866.13,2598.39
ITEM-003276,ORD-01568,PROD-0016,3,13284.93,1992.74,37862.05
ITEM-003277,ORD-01568,PROD-0061,2,3090.65,309.06,5872.24
ITEM-003278,ORD-01568,PROD-0001,1,85654.19,4282.71,81371.48
ITEM-003279,ORD-01568,PROD-0066,4,3066.74,613.35,11653.61
ITEM-003280,ORD-01569,PROD-0006,1,78104.58,0.0,78104.58
ITEM-003281,ORD-01570,PROD-0008,3,112318.49,101086.64,235868.83
ITEM-003282,ORD-01570,PROD-0061,1,3090.65,927.2,2163.45
ITEM-003283,ORD-01571,PROD-0055,5,3269.86,0.0,16349.3
ITEM-003284,ORD-01572,PROD-0057,1,3014.34,301.43,2712.91
ITEM-003285,ORD-01572,PROD-0077,2,18535.55,3707.11,33363.99
ITEM-003286,ORD-01573,PROD-0038,1,15629.94,1562.99,14066.95
ITEM-003287,ORD-01573,PROD-0053,1,1974.19,197.42,1776.77
ITEM-003288,ORD-01574,PROD-0012,2,51591.73,15477.52,87705.94
ITEM-003289,ORD-01574,PROD-0005,1,93567.0,14035.05,79531.95
ITEM-003290,ORD-01574,PROD-0074,1,23577.52,3536.63,20040.89
ITEM-003291,ORD-01574,PROD-0001,2,85654.19,25696.26,145612.12
ITEM-003292,ORD-01574,PROD-0007,1,64234.24,9635.14,54599.1
ITEM-003293,ORD-01575,PROD-0002,1,121819.8,24363.96,97455.84
ITEM-003294,ORD-01575,PROD-0048,2,1883.43,753.37,3013.49
ITEM-003295,ORD-01575,PROD-0007,2,64234.24,25693.7,102774.78
ITEM-003296,ORD-01576,PROD-0030,2,7630.74,0.0,15261.48
ITEM-003297,ORD-01577,PROD-0005,1,93567.0,0.0,93567.0
ITEM-003298,ORD-01577,PROD-0011,2,8972.23,0.0,17944.46
ITEM-003299,ORD-01578,PROD-0061,4,3090.65,618.13,11744.47
ITEM-003300,ORD-01578,PROD-0047,3,1537.69,230.65,4382.42
ITEM-003301,ORD-01579,PROD-0059,2,955.76,191.15,1720.37
ITEM-003302,ORD-01579,PROD-0043,3,1299.09,389.73,3507.54
ITEM-003303,ORD-01580,PROD-0077,2,18535.55,9267.77,27803.33
ITEM-003304,ORD-01580,PROD-0058,1,3021.89,755.47,2266.42
ITEM-003305,ORD-01581,PROD-0045,2,523.28,0.0,1046.56
ITEM-003306,ORD-01581,PROD-0020,2,7859.34,0.0,15718.68
ITEM-003307,ORD-01581,PROD-0050,3,1843.01,0.0,5529.03
ITEM-003308,ORD-01582,PROD-0022,1,10152.93,0.0,10152.93
ITEM-003309,ORD-01583,PROD-0037,1,31165.03,6233.01,24932.02
ITEM-003310,ORD-01584,PROD-0028,1,14434.11,1443.41,12990.7
ITEM-003311,ORD-01584,PROD-0057,3,3014.34,904.3,8138.72
ITEM-003312,ORD-01584,PROD-0038,2,15629.94,3125.99,28133.89
ITEM-003313,ORD-01585,PROD-0025,1,13690.5,3422.62,10267.88
ITEM-003314,ORD-01586,PROD-0079,3,2367.89,2131.1,4972.57
ITEM-003315,ORD-01586,PROD-0030,1,7630.74,2289.22,5341.52
ITEM-003316,ORD-01586,PROD-0057,2,3014.34,1808.6,4220.08
ITEM-003317,ORD-01586,PROD-0055,3,3269.86,2942.87,6866.71
ITEM-003318,ORD-01587,PROD-0049,1,543.64,27.18,516.46
ITEM-003319,ORD-01587,PROD-0069,2,4275.33,427.53,8123.13
ITEM-003320,ORD-01588,PROD-0001,3,85654.19,51392.51,205570.06
ITEM-003321,ORD-01589,PROD-0064,3,2018.49,0.0,6055.47
ITEM-003322,ORD-01590,PROD-0059,2,955.76,95.58,1815.94
ITEM-003323,ORD-01590,PROD-0039,3,738.18,110.73,2103.81
ITEM-003324,ORD-01590,PROD-0077,2,18535.55,1853.56,35217.54
ITEM-003325,ORD-01591,PROD-0051,2,1302.78,390.83,2214.73
ITEM-003326,ORD-01591,PROD-0067,1,12793.32,1919.0,10874.32
ITEM-003327,ORD-01592,PROD-0005,1,93567.0,28070.1,65496.9
ITEM-003328,ORD-01592,PROD-0066,5,3066.74,4600.11,10733.59
ITEM-003329,ORD-01593,PROD-0065,1,3085.73,308.57,2777.16
ITEM-003330,ORD-01593,PROD-0052,1,814.65,81.47,733.18
ITEM-003331,ORD-01593,PROD-0022,1,10152.93,1015.29,9137.64
ITEM-003332,ORD-01594,PROD-0043,1,1299.09,64.95,1234.14
ITEM-003333,ORD-01595,PROD-0072,1,3464.52,866.13,2598.39
ITEM-003334,ORD-01595,PROD-0056,1,1266.18,316.55,949.63
ITEM-003335,ORD-01596,PROD-0041,2,1147.18,688.31,1606.05
ITEM-003336,ORD-01596,PROD-0019,1,13763.21,4128.96,9634.25
ITEM-003337,ORD-01596,PROD-0057,4,3014.34,3617.21,8440.15
ITEM-003338,ORD-01597,PROD-0008,4,112318.49,0.0,449273.96
ITEM-003339,ORD-01598,PROD-0010,1,29080.61,4362.09,24718.52
ITEM-003340,ORD-01598,PROD-0069,2,4275.33,1282.6,7268.06
ITEM-003341,ORD-01599,PROD-0079,1,2367.89,0.0,2367.89
ITEM-003342,ORD-01599,PROD-0071,1,3798.51,0.0,3798.51
ITEM-003343,ORD-01599,PROD-0042,1,472.22,0.0,472.22
ITEM-003344,ORD-01599,PROD-0077,3,18535.55,0.0,55606.65
ITEM-003345,ORD-01600,PROD-0065,1,3085.73,308.57,2777.16
ITEM-003346,ORD-01600,PROD-0027,2,35192.66,7038.53,63346.79
ITEM-003347,ORD-01601,PROD-0026,1,6024.68,602.47,5422.21
ITEM-003348,ORD-01601,PROD-0036,3,29238.48,8771.54,78943.9
ITEM-003349,ORD-01601,PROD-0069,4,4275.33,1710.13,15391.19
ITEM-003350,ORD-01602,PROD-0054,1,4451.78,1335.53,3116.25
ITEM-003351,ORD-01603,PROD-0064,2,2018.49,0.0,4036.98
ITEM-003352,ORD-01604,PROD-0043,3,1299.09,0.0,3897.27
ITEM-003353,ORD-01605,PROD-0021,3,14237.71,4271.31,38441.82
ITEM-003354,ORD-01606,PROD-0062,3,4002.89,1200.87,10807.8
ITEM-003355,ORD-01606,PROD-0071,2,3798.51,759.7,6837.32
ITEM-003356,ORD-01607,PROD-0009,3,113999.83,68399.9,273599.59
ITEM-003357,ORD-01608,PROD-0061,2,3090.65,1545.33,4635.97
ITEM-003358,ORD-01608,PROD-0033,1,45327.59,11331.9,33995.69
ITEM-003359,ORD-01608,PROD-0078,1,14307.56,3576.89,10730.67
ITEM-003360,ORD-01609,PROD-0023,2,9803.45,1960.69,17646.21
ITEM-003361,ORD-01610,PROD-0014,2,1370.35,411.11,2329.59
ITEM-003362,ORD-01610,PROD-0062,5,4002.89,3002.17,17012.28
ITEM-003363,ORD-01610,PROD-0071,3,3798.51,1709.33,9686.2
ITEM-003364,ORD-01610,PROD-0033,1,45327.59,6799.14,38528.45
ITEM-003365,ORD-01611,PROD-0059,1,955.76,0.0,955.76
ITEM-003366,ORD-01611,PROD-0024,2,855.93,0.0,1711.86
ITEM-003367,ORD-01612,PROD-0045,3,523.28,392.46,1177.38
ITEM-003368,ORD-01612,PROD-0019,1,13763.21,3440.8,10322.41
ITEM-003369,ORD-01612,PROD-0080,1,47311.93,11827.98,35483.95
ITEM-003370,ORD-01613,PROD-0055,2,3269.86,0.0,6539.72
ITEM-003371,ORD-01613,PROD-0080,1,47311.93,0.0,47311.93
ITEM-003372,ORD-01613,PROD-0065,5,3085.73,0.0,15428.65
ITEM-003373,ORD-01613,PROD-0067,2,12793.32,0.0,25586.64
ITEM-003374,ORD-01614,PROD-0043,1,1299.09,129.91,1169.18
ITEM-003375,ORD-01614,PROD-0038,1,15629.94,1562.99,14066.95
ITEM-003376,ORD-01614,PROD-0036,1,29238.48,2923.85,26314.63
ITEM-003377,ORD-01614,PROD-0066,1,3066.74,306.67,2760.07
ITEM-003378,ORD-01615,PROD-0015,4,11857.0,11857.0,35571.0
ITEM-003379,ORD-01616,PROD-0018,5,13595.1,0.0,67975.5
ITEM-003380,ORD-01616,PROD-0075,4,17455.24,0.0,69820.96
ITEM-003381,ORD-01616,PROD-0028,2,14434.11,0.0,28868.22
ITEM-003382,ORD-01616,PROD-0054,5,4451.78,0.0,22258.9
ITEM-003383,ORD-01617,PROD-0059,2,955.76,0.0,1911.52
ITEM-003384,ORD-01617,PROD-0043,1,1299.09,0.0,1299.09
ITEM-003385,ORD-01618,PROD-0027,1,35192.66,5278.9,29913.76
ITEM-003386,ORD-01618,PROD-0033,1,45327.59,6799.14,38528.45
ITEM-003387,ORD-01619,PROD-0015,3,11857.0,8892.75,26678.25
ITEM-003388,ORD-01619,PROD-0020,3,7859.34,5894.51,17683.51
ITEM-003389,ORD-01620,PROD-0038,2,15629.94,3125.99,28133.89
ITEM-003390,ORD-01620,PROD-0062,1,4002.89,400.29,3602.6
ITEM-003391,ORD-01621,PROD-0045,4,523.28,418.62,1674.5
ITEM-003392,ORD-01621,PROD-0053,1,1974.19,394.84,1579.35
ITEM-003393,ORD-01621,PROD-0016,1,13284.93,2656.99,10627.94
ITEM-003394,ORD-01622,PROD-0052,2,814.65,0.0,1629.3
ITEM-003395,ORD-01622,PROD-0018,2,13595.1,0.0,27190.2
ITEM-003396,ORD-01623,PROD-0008,5,112318.49,28079.62,533512.83
ITEM-003397,ORD-01624,PROD-0004,2,104516.44,20903.29,188129.59
ITEM-003398,ORD-01624,PROD-0054,2,4451.78,890.36,8013.2
ITEM-003399,ORD-01624,PROD-0043,3,1299.09,389.73,3507.54
ITEM-003400,ORD-01625,PROD-0014,2,1370.35,137.03,2603.67
ITEM-003401,ORD-01625,PROD-0049,1,543.64,27.18,516.46
ITEM-003402,ORD-01625,PROD-0005,1,93567.0,4678.35,88888.65
ITEM-003403,ORD-01625,PROD-0017,1,14949.48,747.47,14202.01
ITEM-003404,ORD-01625,PROD-0058,1,3021.89,151.09,2870.8
ITEM-003405,ORD-01626,PROD-0063,2,3661.31,732.26,6590.36
ITEM-003406,ORD-01626,PROD-0009,2,113999.83,22799.97,205199.69
ITEM-003407,ORD-01627,PROD-0039,1,738.18,110.73,627.45
ITEM-003408,ORD-01628,PROD-0054,1,4451.78,222.59,4229.19
ITEM-003409,ORD-01628,PROD-0025,1,13690.5,684.52,13005.98
ITEM-003410,ORD-01628,PROD-0009,2,113999.83,11399.98,216599.68
ITEM-003411,ORD-01628,PROD-0014,1,1370.35,68.52,1301.83
ITEM-003412,ORD-01629,PROD-0024,4,855.93,0.0,3423.72
ITEM-003413,ORD-01629,PROD-0072,2,3464.52,0.0,6929.04
ITEM-003414,ORD-01630,PROD-0051,1,1302.78,390.83,911.95
ITEM-003415,ORD-01630,PROD-0054,4,4451.78,5342.14,12464.98
ITEM-003416,ORD-01630,PROD-0010,1,29080.61,8724.18,20356.43
ITEM-003417,ORD-01631,PROD-0043,1,1299.09,194.86,1104.23
ITEM-003418,ORD-01631,PROD-0066,1,3066.74,460.01,2606.73
ITEM-003419,ORD-01631,PROD-0052,2,814.65,244.4,1384.9
ITEM-003420,ORD-01631,PROD-0049,1,543.64,81.55,462.09
ITEM-003421,ORD-01632,PROD-0004,2,104516.44,0.0,209032.88
ITEM-003422,ORD-01632,PROD-0022,2,10152.93,0.0,20305.86
ITEM-003423,ORD-01633,PROD-0044,1,1147.03,114.7,1032.33
ITEM-003424,ORD-01633,PROD-0018,1,13595.1,1359.51,12235.59
ITEM-003425,ORD-01634,PROD-0070,1,26338.96,0.0,26338.96
ITEM-003426,ORD-01634,PROD-0049,1,543.64,0.0,543.64
ITEM-003427,ORD-01635,PROD-0079,4,2367.89,0.0,9471.56
ITEM-003428,ORD-01635,PROD-0035,2,32410.39,0.0,64820.78
ITEM-003429,ORD-01635,PROD-0050,3,1843.01,0.0,5529.03
ITEM-003430,ORD-01635,PROD-0076,1,23557.35,0.0,23557.35
ITEM-003431,ORD-01636,PROD-0021,5,14237.71,10678.28,60510.27
ITEM-003432,ORD-01636,PROD-0069,1,4275.33,641.3,3634.03
ITEM-003433,ORD-01637,PROD-0020,1,7859.34,0.0,7859.34
ITEM-003434,ORD-01638,PROD-0029,3,26905.65,8071.7,72645.25
ITEM-003435,ORD-01639,PROD-0079,2,2367.89,236.79,4498.99
ITEM-003436,ORD-01640,PROD-0059,2,955.76,573.46,1338.06
ITEM-003437,ORD-01640,PROD-0012,4,51591.73,61910.08,144456.84
ITEM-003438,ORD-01640,PROD-0022,1,10152.93,3045.88,7107.05
ITEM-003439,ORD-01640,PROD-0027,1,35192.66,10557.8,24634.86
ITEM-003440,ORD-01641,PROD-0056,5,1266.18,0.0,6330.9
ITEM-003441,ORD-01642,PROD-0057,4,3014.34,1205.74,10851.62
ITEM-003442,ORD-01643,PROD-0070,1,26338.96,2633.9,23705.06
ITEM-003443,ORD-01643,PROD-0050,2,1843.01,368.6,3317.42
ITEM-003444,ORD-01643,PROD-0018,2,13595.1,2719.02,24471.18
ITEM-003445,ORD-01644,PROD-0061,1,3090.65,309.06,2781.59
ITEM-003446,ORD-01645,PROD-0049,2,543.64,108.73,978.55
ITEM-003447,ORD-01645,PROD-0004,1,104516.44,10451.64,94064.8
ITEM-003448,ORD-01646,PROD-0062,2,4002.89,800.58,7205.2
ITEM-003449,ORD-01646,PROD-0058,3,3021.89,906.57,8159.1
ITEM-003450,ORD-01647,PROD-0011,1,8972.23,897.22,8075.01
ITEM-003451,ORD-01647,PROD-0001,2,85654.19,17130.84,154177.54
ITEM-003452,ORD-01648,PROD-0029,1,26905.65,8071.69,18833.96
ITEM-003453,ORD-01649,PROD-0048,1,1883.43,0.0,1883.43
ITEM-003454,ORD-01649,PROD-0062,4,4002.89,0.0,16011.56
ITEM-003455,ORD-01650,PROD-0017,3,14949.48,4484.84,40363.6
ITEM-003456,ORD-01651,PROD-0058,1,3021.89,302.19,2719.7
ITEM-003457,ORD-01651,PROD-0064,1,2018.49,201.85,1816.64
ITEM-003458,ORD-01651,PROD-0005,2,93567.0,18713.4,168420.6
ITEM-003459,ORD-01651,PROD-0008,2,112318.49,22463.7,202173.28
ITEM-003460,ORD-01652,PROD-0008,3,112318.49,16847.77,320107.7
ITEM-003461,ORD-01652,PROD-0017,1,14949.48,747.47,14202.01
ITEM-003462,ORD-01653,PROD-0017,2,14949.48,5979.79,23919.17
ITEM-003463,ORD-01653,PROD-0022,3,10152.93,6091.76,24367.03
ITEM-003464,ORD-01654,PROD-0003,3,32384.66,0.0,97153.98
ITEM-003465,ORD-01654,PROD-0040,1,354.18,0.0,354.18
ITEM-003466,ORD-01654,PROD-0021,2,14237.71,0.0,28475.42
ITEM-003467,ORD-01655,PROD-0044,1,1147.03,57.35,1089.68
ITEM-003468,ORD-01656,PROD-0067,3,12793.32,0.0,38379.96
ITEM-003469,ORD-01656,PROD-0078,4,14307.56,0.0,57230.24
ITEM-003470,ORD-01656,PROD-0029,5,26905.65,0.0,134528.25
ITEM-003471,ORD-01656,PROD-0075,2,17455.24,0.0,34910.48
ITEM-003472,ORD-01657,PROD-0014,1,1370.35,274.07,1096.28
ITEM-003473,ORD-01658,PROD-0069,2,4275.33,2565.2,5985.46
ITEM-003474,ORD-01658,PROD-0009,3,113999.83,102599.85,239399.64
ITEM-003475,ORD-01658,PROD-0047,1,1537.69,461.31,1076.38
ITEM-003476,ORD-01658,PROD-0075,2,17455.24,10473.14,24437.34
ITEM-003477,ORD-01658,PROD-0054,1,4451.78,1335.53,3116.25
ITEM-003478,ORD-01659,PROD-0044,1,1147.03,172.05,974.98
ITEM-003479,ORD-01660,PROD-0036,2,29238.48,11695.39,46781.57
ITEM-003480,ORD-01661,PROD-0034,1,10118.15,2529.54,7588.61
ITEM-003481,ORD-01661,PROD-0056,2,1266.18,633.09,1899.27
ITEM-003482,ORD-01661,PROD-0064,2,2018.49,1009.25,3027.73
ITEM-003483,ORD-01661,PROD-0030,1,7630.74,1907.68,5723.06
ITEM-003484,ORD-01662,PROD-0037,2,31165.03,0.0,62330.06
ITEM-003485,ORD-01662,PROD-0070,1,26338.96,0.0,26338.96
ITEM-003486,ORD-01663,PROD-0057,1,3014.34,0.0,3014.34
ITEM-003487,ORD-01663,PROD-0004,3,104516.44,0.0,313549.32
ITEM-003488,ORD-01664,PROD-0031,2,43799.96,8759.99,78839.93
ITEM-003489,ORD-01664,PROD-0079,2,2367.89,473.58,4262.2
ITEM-003490,ORD-01664,PROD-0034,3,10118.15,3035.45,27319.0
ITEM-003491,ORD-01664,PROD-0041,5,1147.18,573.59,5162.31
ITEM-003492,ORD-01665,PROD-0005,1,93567.0,23391.75,70175.25
ITEM-003493,ORD-01665,PROD-0063,2,3661.31,1830.65,5491.97
ITEM-003494,ORD-01666,PROD-0027,1,35192.66,0.0,35192.66
ITEM-003495,ORD-01666,PROD-0008,4,112318.49,0.0,449273.96
ITEM-003496,ORD-01667,PROD-0032,2,27601.51,0.0,55203.02
ITEM-003497,ORD-01668,PROD-0016,1,13284.93,1328.49,11956.44
ITEM-003498,ORD-01669,PROD-0064,2,2018.49,0.0,4036.98
ITEM-003499,ORD-01669,PROD-0012,1,51591.73,0.0,51591.73
ITEM-003500,ORD-01669,PROD-0049,1,543.64,0.0,543.64
ITEM-003501,ORD-01669,PROD-0019,2,13763.21,0.0,27526.42
ITEM-003502,ORD-01670,PROD-0071,3,3798.51,0.0,11395.53
ITEM-003503,ORD-01671,PROD-0070,2,26338.96,0.0,52677.92
ITEM-003504,ORD-01672,PROD-0047,1,1537.69,461.31,1076.38
ITEM-003505,ORD-01672,PROD-0028,3,14434.11,12990.7,30311.63
ITEM-003506,ORD-01672,PROD-0027,1,35192.66,10557.8,24634.86
ITEM-003507,ORD-01672,PROD-0059,1,955.76,286.73,669.03
ITEM-003508,ORD-01673,PROD-0058,1,3021.89,0.0,3021.89
ITEM-003509,ORD-01674,PROD-0059,5,955.76,955.76,3823.04
ITEM-003510,ORD-01674,PROD-0010,4,29080.61,23264.49,93057.95
ITEM-003511,ORD-01675,PROD-0056,2,1266.18,379.85,2152.51
ITEM-003512,ORD-01676,PROD-0075,2,17455.24,0.0,34910.48
ITEM-003513,ORD-01677,PROD-0064,1,2018.49,504.62,1513.87
ITEM-003514,ORD-01678,PROD-0073,1,11158.63,0.0,11158.63
ITEM-003515,ORD-01679,PROD-0044,1,1147.03,229.41,917.62
ITEM-003516,ORD-01680,PROD-0050,2,1843.01,921.5,2764.52
ITEM-003517,ORD-01680,PROD-0018,2,13595.1,6797.55,20392.65
ITEM-003518,ORD-01681,PROD-0039,1,738.18,110.73,627.45
ITEM-003519,ORD-01681,PROD-0066,4,3066.74,1840.04,10426.92
ITEM-003520,ORD-01682,PROD-0010,2,29080.61,14540.31,43620.91
ITEM-003521,ORD-01682,PROD-0072,4,3464.52,3464.52,10393.56
ITEM-003522,ORD-01682,PROD-0029,2,26905.65,13452.83,40358.47
ITEM-003523,ORD-01683,PROD-0047,1,1537.69,0.0,1537.69
ITEM-003524,ORD-01684,PROD-0059,3,955.76,143.36,2723.92
ITEM-003525,ORD-01684,PROD-0068,1,10709.38,535.47,10173.91
ITEM-003526,ORD-01684,PROD-0065,2,3085.73,308.57,5862.89
ITEM-003527,ORD-01684,PROD-0021,1,14237.71,711.89,13525.82
ITEM-003528,ORD-01685,PROD-0024,1,855.93,213.98,641.95
ITEM-003529,ORD-01686,PROD-0048,2,1883.43,941.72,2825.14
ITEM-003530,ORD-01686,PROD-0063,1,3661.31,915.33,2745.98
ITEM-003531,ORD-01686,PROD-0038,1,15629.94,3907.49,11722.45
ITEM-003532,ORD-01687,PROD-0018,1,13595.1,679.75,12915.35
ITEM-003533,ORD-01688,PROD-0080,4,47311.93,18924.77,170322.95
ITEM-003534,ORD-01689,PROD-0004,2,104516.44,0.0,209032.88
ITEM-003535,ORD-01689,PROD-0066,2,3066.74,0.0,6133.48
ITEM-003536,ORD-01690,PROD-0008,1,112318.49,0.0,112318.49
ITEM-003537,ORD-01691,PROD-0031,3,43799.96,13139.99,118259.89
ITEM-003538,ORD-01691,PROD-0023,2,9803.45,1960.69,17646.21
ITEM-003539,ORD-01691,PROD-0012,1,51591.73,5159.17,46432.56
ITEM-003540,ORD-01692,PROD-0002,1,121819.8,0.0,121819.8
ITEM-003541,ORD-01692,PROD-0023,2,9803.45,0.0,19606.9
ITEM-003542,ORD-01692,PROD-0075,3,17455.24,0.0,52365.72
ITEM-003543,ORD-01692,PROD-0026,1,6024.68,0.0,6024.68
ITEM-003544,ORD-01692,PROD-0056,1,1266.18,0.0,1266.18
ITEM-003545,ORD-01693,PROD-0012,3,51591.73,15477.52,139297.67
ITEM-003546,ORD-01694,PROD-0047,2,1537.69,615.08,2460.3
ITEM-003547,ORD-01694,PROD-0022,2,10152.93,4061.17,16244.69
ITEM-003548,ORD-01694,PROD-0046,1,1068.78,213.76,855.02
ITEM-003549,ORD-01694,PROD-0062,1,4002.89,800.58,3202.31
ITEM-003550,ORD-01695,PROD-0062,1,4002.89,400.29,3602.6
ITEM-003551,ORD-01695,PROD-0078,4,14307.56,5723.02,51507.22
ITEM-003552,ORD-01695,PROD-0033,1,45327.59,4532.76,40794.83
ITEM-003553,ORD-01695,PROD-0012,1,51591.73,5159.17,46432.56
ITEM-003554,ORD-01696,PROD-0002,1,121819.8,12181.98,109637.82
ITEM-003555,ORD-01697,PROD-0012,2,51591.73,30955.04,72228.42
ITEM-003556,ORD-01697,PROD-0015,2,11857.0,7114.2,16599.8
ITEM-003557,ORD-01697,PROD-0027,1,35192.66,10557.8,24634.86
ITEM-003558,ORD-01697,PROD-0039,3,738.18,664.36,1550.18
ITEM-003559,ORD-01698,PROD-0061,1,3090.65,309.06,2781.59
ITEM-003560,ORD-01698,PROD-0009,3,113999.83,34199.95,307799.54
ITEM-003561,ORD-01698,PROD-0026,2,6024.68,1204.94,10844.42
ITEM-003562,ORD-01699,PROD-0060,2,239.31,47.86,430.76
ITEM-003563,ORD-01699,PROD-0055,1,3269.86,326.99,2942.87
ITEM-003564,ORD-01700,PROD-0038,1,15629.94,3125.99,12503.95
ITEM-003565,ORD-01700,PROD-0017,1,14949.48,2989.9,11959.58
ITEM-003566,ORD-01701,PROD-0022,2,10152.93,2030.59,18275.27
ITEM-003567,ORD-01702,PROD-0027,1,35192.66,1759.63,33433.03
ITEM-003568,ORD-01702,PROD-0065,1,3085.73,154.29,2931.44
ITEM-003569,ORD-01702,PROD-0011,3,8972.23,1345.83,25570.86
ITEM-003570,ORD-01702,PROD-0029,2,26905.65,2690.57,51120.73
ITEM-003571,ORD-01703,PROD-0068,5,10709.38,0.0,53546.9
ITEM-003572,ORD-01704,PROD-0070,2,26338.96,13169.48,39508.44
ITEM-003573,ORD-01705,PROD-0075,1,17455.24,3491.05,13964.19
ITEM-003574,ORD-01705,PROD-0049,1,543.64,108.73,434.91
ITEM-003575,ORD-01705,PROD-0053,1,1974.19,394.84,1579.35
ITEM-003576,ORD-01706,PROD-0014,1,1370.35,137.03,1233.32
ITEM-003577,ORD-01706,PROD-0074,1,23577.52,2357.75,21219.77
ITEM-003578,ORD-01706,PROD-0076,2,23557.35,4711.47,42403.23
ITEM-003579,ORD-01707,PROD-0051,5,1302.78,977.09,5536.81
ITEM-003580,ORD-01708,PROD-0027,5,35192.66,0.0,175963.3
ITEM-003581,ORD-01708,PROD-0013,1,116727.16,0.0,116727.16
ITEM-003582,ORD-01708,PROD-0057,1,3014.34,0.0,3014.34
ITEM-003583,ORD-01709,PROD-0052,5,814.65,0.0,4073.25
ITEM-003584,ORD-01709,PROD-0063,2,3661.31,0.0,7322.62
ITEM-003585,ORD-01709,PROD-0007,2,64234.24,0.0,128468.48
ITEM-003586,ORD-01709,PROD-0039,1,738.18,0.0,738.18
ITEM-003587,ORD-01710,PROD-0002,2,121819.8,0.0,243639.6
ITEM-003588,ORD-01710,PROD-0028,4,14434.11,0.0,57736.44
ITEM-003589,ORD-01711,PROD-0015,4,11857.0,7114.2,40313.8
ITEM-003590,ORD-01712,PROD-0062,1,4002.89,200.14,3802.75
ITEM-003591,ORD-01712,PROD-0038,3,15629.94,2344.49,44545.33
ITEM-003592,ORD-01712,PROD-0005,1,93567.0,4678.35,88888.65
ITEM-003593,ORD-01713,PROD-0021,1,14237.71,2135.66,12102.05
ITEM-003594,ORD-01713,PROD-0003,3,32384.66,14573.1,82580.88
ITEM-003595,ORD-01713,PROD-0032,2,27601.51,8280.45,46922.57
ITEM-003596,ORD-01714,PROD-0064,1,2018.49,605.55,1412.94
ITEM-003597,ORD-01714,PROD-0010,2,29080.61,17448.37,40712.85
ITEM-003598,ORD-01715,PROD-0045,1,523.28,0.0,523.28
ITEM-003599,ORD-01715,PROD-0008,3,112318.49,0.0,336955.47
ITEM-003600,ORD-01715,PROD-0064,1,2018.49,0.0,2018.49
ITEM-003601,ORD-01716,PROD-0059,1,955.76,286.73,669.03
ITEM-003602,ORD-01716,PROD-0020,1,7859.34,2357.8,5501.54
ITEM-003603,ORD-01716,PROD-0029,2,26905.65,16143.39,37667.91
ITEM-003604,ORD-01717,PROD-0004,3,104516.44,31354.93,282194.39
ITEM-003605,ORD-01718,PROD-0065,1,3085.73,154.29,2931.44
ITEM-003606,ORD-01718,PROD-0010,5,29080.61,7270.15,138132.9
ITEM-003607,ORD-01719,PROD-0008,3,112318.49,0.0,336955.47
ITEM-003608,ORD-01719,PROD-0041,2,1147.18,0.0,2294.36
ITEM-003609,ORD-01720,PROD-0004,3,104516.44,78387.33,235161.99
ITEM-003610,ORD-01720,PROD-0025,2,13690.5,6845.25,20535.75
ITEM-003611,ORD-01721,PROD-0027,1,35192.66,3519.27,31673.39
ITEM-003612,ORD-01722,PROD-0060,1,239.31,23.93,215.38
ITEM-003613,ORD-01723,PROD-0078,1,14307.56,2146.13,12161.43
ITEM-003614,ORD-01724,PROD-0051,5,1302.78,325.69,6188.21
ITEM-003615,ORD-01724,PROD-0078,1,14307.56,715.38,13592.18
ITEM-003616,ORD-01724,PROD-0032,2,27601.51,2760.15,52442.87
ITEM-003617,ORD-01724,PROD-0018,1,13595.1,679.75,12915.35
ITEM-003618,ORD-01725,PROD-0041,3,1147.18,1032.46,2409.08
ITEM-003619,ORD-01725,PROD-0067,3,12793.32,11513.99,26865.97
ITEM-003620,ORD-01726,PROD-0009,2,113999.83,68399.9,159599.76
ITEM-003621,ORD-01726,PROD-0036,2,29238.48,17543.09,40933.87
ITEM-003622,ORD-01727,PROD-0024,1,855.93,171.19,684.74
ITEM-003623,ORD-01728,PROD-0004,3,104516.44,31354.93,282194.39
ITEM-003624,ORD-01729,PROD-0069,1,4275.33,213.77,4061.56
ITEM-003625,ORD-01729,PROD-0063,4,3661.31,732.26,13912.98
ITEM-003626,ORD-01730,PROD-0068,1,10709.38,1070.94,9638.44
ITEM-003627,ORD-01730,PROD-0071,3,3798.51,1139.55,10255.98
ITEM-003628,ORD-01731,PROD-0060,1,239.31,71.79,167.52
ITEM-003629,ORD-01732,PROD-0074,1,23577.52,4715.5,18862.02
ITEM-003630,ORD-01732,PROD-0064,3,2018.49,1211.09,4844.38
ITEM-003631,ORD-01732,PROD-0024,1,855.93,171.19,684.74
ITEM-003632,ORD-01733,PROD-0019,2,13763.21,0.0,27526.42
ITEM-003633,ORD-01733,PROD-0048,1,1883.43,0.0,1883.43
ITEM-003634,ORD-01734,PROD-0041,5,1147.18,0.0,5735.9
ITEM-003635,ORD-01735,PROD-0080,3,47311.93,35483.95,106451.84
ITEM-003636,ORD-01736,PROD-0054,2,4451.78,445.18,8458.38
ITEM-003637,ORD-01736,PROD-0004,1,104516.44,5225.82,99290.62
ITEM-003638,ORD-01736,PROD-0028,3,14434.11,2165.12,41137.21
ITEM-003639,ORD-01736,PROD-0040,1,354.18,17.71,336.47
ITEM-003640,ORD-01737,PROD-0027,2,35192.66,0.0,70385.32
ITEM-003641,ORD-01737,PROD-0071,1,3798.51,0.0,3798.51
ITEM-003642,ORD-01738,PROD-0025,1,13690.5,0.0,13690.5
ITEM-003643,ORD-01738,PROD-0019,1,13763.21,0.0,13763.21
ITEM-003644,ORD-01738,PROD-0031,1,43799.96,0.0,43799.96
ITEM-003645,ORD-01738,PROD-0069,1,4275.33,0.0,4275.33
ITEM-003646,ORD-01739,PROD-0040,1,354.18,35.42,318.76
ITEM-003647,ORD-01740,PROD-0036,4,29238.48,0.0,116953.92
ITEM-003648,ORD-01740,PROD-0067,1,12793.32,0.0,12793.32
ITEM-003649,ORD-01740,PROD-0056,1,1266.18,0.0,1266.18
ITEM-003650,ORD-01740,PROD-0062,1,4002.89,0.0,4002.89
ITEM-003651,ORD-01741,PROD-0005,1,93567.0,28070.1,65496.9
ITEM-003652,ORD-01742,PROD-0043,1,1299.09,0.0,1299.09
ITEM-003653,ORD-01743,PROD-0057,1,3014.34,452.15,2562.19
ITEM-003654,ORD-01744,PROD-0034,1,10118.15,2529.54,7588.61
ITEM-003655,ORD-01745,PROD-0066,1,3066.74,920.02,2146.72
ITEM-003656,ORD-01746,PROD-0035,1,32410.39,0.0,32410.39
ITEM-003657,ORD-01746,PROD-0033,1,45327.59,0.0,45327.59
ITEM-003658,ORD-01746,PROD-0011,1,8972.23,0.0,8972.23
ITEM-003659,ORD-01747,PROD-0028,2,14434.11,2886.82,25981.4
ITEM-003660,ORD-01748,PROD-0010,1,29080.61,2908.06,26172.55
ITEM-003661,ORD-01748,PROD-0054,1,4451.78,445.18,4006.6
ITEM-003662,ORD-01748,PROD-0069,4,4275.33,1710.13,15391.19
ITEM-003663,ORD-01748,PROD-0049,3,543.64,163.09,1467.83
ITEM-003664,ORD-01749,PROD-0010,1,29080.61,1454.03,27626.58
ITEM-003665,ORD-01749,PROD-0012,2,51591.73,5159.17,98024.29
ITEM-003666,ORD-01749,PROD-0067,1,12793.32,639.67,12153.65
ITEM-003667,ORD-01749,PROD-0078,1,14307.56,715.38,13592.18
ITEM-003668,ORD-01750,PROD-0035,1,32410.39,9723.12,22687.27
ITEM-003669,ORD-01751,PROD-0034,1,10118.15,505.91,9612.24
ITEM-003670,ORD-01752,PROD-0032,1,27601.51,4140.23,23461.28
ITEM-003671,ORD-01753,PROD-0030,1,7630.74,0.0,7630.74
ITEM-003672,ORD-01753,PROD-0064,1,2018.49,0.0,2018.49
ITEM-003673,ORD-01753,PROD-0058,1,3021.89,0.0,3021.89
ITEM-003674,ORD-01754,PROD-0035,2,32410.39,6482.08,58338.7
ITEM-003675,ORD-01755,PROD-0044,3,1147.03,0.0,3441.09
ITEM-003676,ORD-01756,PROD-0053,3,1974.19,1184.51,4738.06
ITEM-003677,ORD-01757,PROD-0030,5,7630.74,0.0,38153.7
ITEM-003678,ORD-01758,PROD-0012,1,51591.73,12897.93,38693.8
ITEM-003679,ORD-01758,PROD-0077,3,18535.55,13901.66,41704.99
ITEM-003680,ORD-01758,PROD-0053,5,1974.19,2467.74,7403.21
ITEM-003681,ORD-01758,PROD-0018,5,13595.1,16993.88,50981.62
ITEM-003682,ORD-01759,PROD-0076,1,23557.35,2355.74,21201.61
ITEM-003683,ORD-01760,PROD-0017,2,14949.48,5979.79,23919.17
ITEM-003684,ORD-01761,PROD-0057,1,3014.34,452.15,2562.19
ITEM-003685,ORD-01761,PROD-0027,2,35192.66,10557.8,59827.52
ITEM-003686,ORD-01762,PROD-0008,1,112318.49,0.0,112318.49
ITEM-003687,ORD-01762,PROD-0075,2,17455.24,0.0,34910.48
ITEM-003688,ORD-01763,PROD-0075,1,17455.24,872.76,16582.48
ITEM-003689,ORD-01763,PROD-0025,3,13690.5,2053.57,39017.93
ITEM-003690,ORD-01764,PROD-0011,2,8972.23,2691.67,15252.79
ITEM-003691,ORD-01764,PROD-0053,4,1974.19,1184.51,6712.25
ITEM-003692,ORD-01765,PROD-0015,1,11857.0,2964.25,8892.75
ITEM-003693,ORD-01766,PROD-0034,1,10118.15,0.0,10118.15
ITEM-003694,ORD-01766,PROD-0003,3,32384.66,0.0,97153.98
ITEM-003695,ORD-01767,PROD-0072,1,3464.52,0.0,3464.52
ITEM-003696,ORD-01767,PROD-0035,2,32410.39,0.0,64820.78
ITEM-003697,ORD-01768,PROD-0060,1,239.31,71.79,167.52
ITEM-003698,ORD-01768,PROD-0005,1,93567.0,28070.1,65496.9
ITEM-003699,ORD-01769,PROD-0074,1,23577.52,5894.38,17683.14
ITEM-003700,ORD-01769,PROD-0043,1,1299.09,324.77,974.32
ITEM-003701,ORD-01769,PROD-0016,5,13284.93,16606.16,49818.49
ITEM-003702,ORD-01770,PROD-0079,2,2367.89,236.79,4498.99
ITEM-003703,ORD-01771,PROD-0043,1,1299.09,194.86,1104.23
ITEM-003704,ORD-01771,PROD-0038,1,15629.94,2344.49,13285.45
ITEM-003705,ORD-01772,PROD-0061,1,3090.65,0.0,3090.65
ITEM-003706,ORD-01772,PROD-0046,1,1068.78,0.0,1068.78
ITEM-003707,ORD-01772,PROD-0056,2,1266.18,0.0,2532.36
ITEM-003708,ORD-01773,PROD-0015,1,11857.0,0.0,11857.0
ITEM-003709,ORD-01773,PROD-0054,1,4451.78,0.0,4451.78
ITEM-003710,ORD-01773,PROD-0009,2,113999.83,0.0,227999.66
ITEM-003711,ORD-01773,PROD-0058,1,3021.89,0.0,3021.89
ITEM-003712,ORD-01773,PROD-0027,3,35192.66,0.0,105577.98
ITEM-003713,ORD-01774,PROD-0030,2,7630.74,1526.15,13735.33
ITEM-003714,ORD-01774,PROD-0041,3,1147.18,344.15,3097.39
ITEM-003715,ORD-01775,PROD-0071,1,3798.51,379.85,3418.66
ITEM-003716,ORD-01775,PROD-0030,4,7630.74,3052.3,27470.66
ITEM-003717,ORD-01775,PROD-0021,2,14237.71,2847.54,25627.88
ITEM-003718,ORD-01776,PROD-0012,1,51591.73,7738.76,43852.97
ITEM-003719,ORD-01776,PROD-0006,1,78104.58,11715.69,66388.89
ITEM-003720,ORD-01777,PROD-0014,2,1370.35,137.03,2603.67
ITEM-003721,ORD-01777,PROD-0017,2,14949.48,1494.95,28404.01
ITEM-003722,ORD-01778,PROD-0044,1,1147.03,57.35,1089.68
ITEM-003723,ORD-01778,PROD-0058,1,3021.89,151.09,2870.8
ITEM-003724,ORD-01779,PROD-0006,1,78104.58,0.0,78104.58
ITEM-003725,ORD-01779,PROD-0035,1,32410.39,0.0,32410.39
ITEM-003726,ORD-01779,PROD-0073,2,11158.63,0.0,22317.26
ITEM-003727,ORD-01780,PROD-0023,3,9803.45,0.0,29410.35
ITEM-003728,ORD-01780,PROD-0032,3,27601.51,0.0,82804.53
ITEM-003729,ORD-01780,PROD-0041,4,1147.18,0.0,4588.72
ITEM-003730,ORD-01780,PROD-0045,4,523.28,0.0,2093.12
ITEM-003731,ORD-01781,PROD-0028,1,14434.11,0.0,14434.11
ITEM-003732,ORD-01782,PROD-0061,3,3090.65,0.0,9271.95
ITEM-003733,ORD-01782,PROD-0046,2,1068.78,0.0,2137.56
ITEM-003734,ORD-01783,PROD-0072,2,3464.52,0.0,6929.04
ITEM-003735,ORD-01783,PROD-0016,1,13284.93,0.0,13284.93
ITEM-003736,ORD-01784,PROD-0042,1,472.22,141.67,330.55
ITEM-003737,ORD-01785,PROD-0061,3,3090.65,1390.79,7881.16
ITEM-003738,ORD-01785,PROD-0013,1,116727.16,17509.07,99218.09
ITEM-003739,ORD-01786,PROD-0009,3,113999.83,102599.85,239399.64
ITEM-003740,ORD-01786,PROD-0068,5,10709.38,16064.07,37482.83
ITEM-003741,ORD-01787,PROD-0067,1,12793.32,3198.33,9594.99
ITEM-003742,ORD-01787,PROD-0077,2,18535.55,9267.77,27803.33
ITEM-003743,ORD-01787,PROD-0036,1,29238.48,7309.62,21928.86
ITEM-003744,ORD-01787,PROD-0010,1,29080.61,7270.15,21810.46
ITEM-003745,ORD-01787,PROD-0001,1,85654.19,21413.55,64240.64
ITEM-003746,ORD-01788,PROD-0033,5,45327.59,33995.69,192642.26
ITEM-003747,ORD-01788,PROD-0049,3,543.64,244.64,1386.28
ITEM-003748,ORD-01788,PROD-0011,1,8972.23,1345.83,7626.4
ITEM-003749,ORD-01788,PROD-0014,3,1370.35,616.66,3494.39
ITEM-003750,ORD-01789,PROD-0039,2,738.18,369.09,1107.27
ITEM-003751,ORD-01789,PROD-0023,1,9803.45,2450.86,7352.59
ITEM-003752,ORD-01790,PROD-0028,5,14434.11,3608.53,68562.02
ITEM-003753,ORD-01790,PROD-0067,1,12793.32,639.67,12153.65
ITEM-003754,ORD-01790,PROD-0070,1,26338.96,1316.95,25022.01
ITEM-003755,ORD-01790,PROD-0044,2,1147.03,114.7,2179.36
ITEM-003756,ORD-01791,PROD-0038,2,15629.94,0.0,31259.88
ITEM-003757,ORD-01791,PROD-0072,5,3464.52,0.0,17322.6
ITEM-003758,ORD-01792,PROD-0001,1,85654.19,0.0,85654.19
ITEM-003759,ORD-01792,PROD-0008,2,112318.49,0.0,224636.98
ITEM-003760,ORD-01793,PROD-0019,1,13763.21,1376.32,12386.89
ITEM-003761,ORD-01794,PROD-0013,1,116727.16,29181.79,87545.37
ITEM-003762,ORD-01795,PROD-0072,5,3464.52,0.0,17322.6
ITEM-003763,ORD-01795,PROD-0004,3,104516.44,0.0,313549.32
ITEM-003764,ORD-01795,PROD-0071,1,3798.51,0.0,3798.51
ITEM-003765,ORD-01796,PROD-0075,2,17455.24,0.0,34910.48
ITEM-003766,ORD-01796,PROD-0008,2,112318.49,0.0,224636.98
ITEM-003767,ORD-01797,PROD-0003,2,32384.66,12953.86,51815.46
ITEM-003768,ORD-01797,PROD-0019,1,13763.21,2752.64,11010.57
ITEM-003769,ORD-01798,PROD-0027,3,35192.66,0.0,105577.98
ITEM-003770,ORD-01798,PROD-0071,2,3798.51,0.0,7597.02
ITEM-003771,ORD-01798,PROD-0028,1,14434.11,0.0,14434.11
ITEM-003772,ORD-01799,PROD-0040,1,354.18,0.0,354.18
ITEM-003773,ORD-01800,PROD-0068,3,10709.38,3212.81,28915.33
ITEM-003774,ORD-01800,PROD-0018,1,13595.1,1359.51,12235.59
ITEM-003775,ORD-01800,PROD-0014,1,1370.35,137.03,1233.32
ITEM-003776,ORD-01801,PROD-0061,3,3090.65,0.0,9271.95
ITEM-003777,ORD-01801,PROD-0002,2,121819.8,0.0,243639.6
ITEM-003778,ORD-01802,PROD-0003,3,32384.66,29146.19,68007.79
ITEM-003779,ORD-01802,PROD-0058,1,3021.89,906.57,2115.32
ITEM-003780,ORD-01802,PROD-0006,3,78104.58,70294.12,164019.62
ITEM-003781,ORD-01803,PROD-0066,4,3066.74,613.35,11653.61
ITEM-003782,ORD-01803,PROD-0054,2,4451.78,445.18,8458.38
ITEM-003783,ORD-01804,PROD-0075,1,17455.24,4363.81,13091.43
ITEM-003784,ORD-01804,PROD-0029,1,26905.65,6726.41,20179.24
ITEM-003785,ORD-01805,PROD-0005,1,93567.0,18713.4,74853.6
ITEM-003786,ORD-01805,PROD-0074,2,23577.52,9431.01,37724.03
ITEM-003787,ORD-01805,PROD-0066,2,3066.74,1226.7,4906.78
ITEM-003788,ORD-01806,PROD-0056,2,1266.18,0.0,2532.36
ITEM-003789,ORD-01806,PROD-0063,2,3661.31,0.0,7322.62
ITEM-003790,ORD-01807,PROD-0023,1,9803.45,1470.52,8332.93
ITEM-003791,ORD-01807,PROD-0079,1,2367.89,355.18,2012.71
ITEM-003792,ORD-01807,PROD-0053,1,1974.19,296.13,1678.06
ITEM-003793,ORD-01807,PROD-0045,3,523.28,235.48,1334.36
ITEM-003794,ORD-01808,PROD-0051,1,1302.78,390.83,911.95
ITEM-003795,ORD-01808,PROD-0041,1,1147.18,344.15,803.03
ITEM-003796,ORD-01808,PROD-0057,1,3014.34,904.3,2110.04
ITEM-003797,ORD-01809,PROD-0077,2,18535.55,11121.33,25949.77
ITEM-003798,ORD-01810,PROD-0058,1,3021.89,151.09,2870.8
ITEM-003799,ORD-01810,PROD-0076,1,23557.35,1177.87,22379.48
ITEM-003800,ORD-01811,PROD-0006,1,78104.58,0.0,78104.58
ITEM-003801,ORD-01812,PROD-0017,3,14949.48,0.0,44848.44
ITEM-003802,ORD-01813,PROD-0056,5,1266.18,316.55,6014.35
ITEM-003803,ORD-01814,PROD-0029,1,26905.65,4035.85,22869.8
ITEM-003804,ORD-01815,PROD-0050,2,1843.01,0.0,3686.02
ITEM-003805,ORD-01816,PROD-0045,1,523.28,78.49,444.79
ITEM-003806,ORD-01816,PROD-0022,1,10152.93,1522.94,8629.99
ITEM-003807,ORD-01816,PROD-0048,4,1883.43,1130.06,6403.66
ITEM-003808,ORD-01816,PROD-0057,3,3014.34,1356.45,7686.57
ITEM-003809,ORD-01817,PROD-0060,1,239.31,0.0,239.31
ITEM-003810,ORD-01817,PROD-0034,1,10118.15,0.0,10118.15
ITEM-003811,ORD-01817,PROD-0006,1,78104.58,0.0,78104.58
ITEM-003812,ORD-01817,PROD-0049,2,543.64,0.0,1087.28
ITEM-003813,ORD-01817,PROD-0030,1,7630.74,0.0,7630.74
ITEM-003814,ORD-01818,PROD-0062,1,4002.89,0.0,4002.89
ITEM-003815,ORD-01819,PROD-0072,1,3464.52,0.0,3464.52
ITEM-003816,ORD-01820,PROD-0074,1,23577.52,7073.26,16504.26
ITEM-003817,ORD-01820,PROD-0076,3,23557.35,21201.61,49470.44
ITEM-003818,ORD-01820,PROD-0004,3,104516.44,94064.8,219484.52
ITEM-003819,ORD-01821,PROD-0052,1,814.65,0.0,814.65
ITEM-003820,ORD-01821,PROD-0053,1,1974.19,0.0,1974.19
ITEM-003821,ORD-01821,PROD-0077,1,18535.55,0.0,18535.55
ITEM-003822,ORD-01821,PROD-0027,5,35192.66,0.0,175963.3
ITEM-003823,ORD-01822,PROD-0069,4,4275.33,5130.4,11970.92
ITEM-003824,ORD-01823,PROD-0021,1,14237.71,3559.43,10678.28
ITEM-003825,ORD-01823,PROD-0067,1,12793.32,3198.33,9594.99
ITEM-003826,ORD-01824,PROD-0029,1,26905.65,4035.85,22869.8
ITEM-003827,ORD-01824,PROD-0064,3,2018.49,908.32,5147.15
ITEM-003828,ORD-01824,PROD-0023,1,9803.45,1470.52,8332.93
ITEM-003829,ORD-01825,PROD-0030,2,7630.74,4578.44,10683.04
ITEM-003830,ORD-01826,PROD-0007,2,64234.24,25693.7,102774.78
ITEM-003831,ORD-01826,PROD-0001,1,85654.19,17130.84,68523.35
ITEM-003832,ORD-01826,PROD-0070,2,26338.96,10535.58,42142.34
ITEM-003833,ORD-01827,PROD-0005,1,93567.0,4678.35,88888.65
ITEM-003834,ORD-01828,PROD-0035,1,32410.39,0.0,32410.39
ITEM-003835,ORD-01828,PROD-0026,4,6024.68,0.0,24098.72
ITEM-003836,ORD-01829,PROD-0016,2,13284.93,0.0,26569.86
ITEM-003837,ORD-01830,PROD-0066,2,3066.74,1840.04,4293.44
ITEM-003838,ORD-01830,PROD-0027,1,35192.66,10557.8,24634.86
ITEM-003839,ORD-01831,PROD-0011,1,8972.23,1794.45,7177.78
ITEM-003840,ORD-01831,PROD-0017,1,14949.48,2989.9,11959.58
ITEM-003841,ORD-01832,PROD-0002,1,121819.8,6090.99,115728.81
ITEM-003842,ORD-01832,PROD-0035,1,32410.39,1620.52,30789.87
ITEM-003843,ORD-01833,PROD-0048,1,1883.43,0.0,1883.43
ITEM-003844,ORD-01833,PROD-0015,1,11857.0,0.0,11857.0
ITEM-003845,ORD-01834,PROD-0070,4,26338.96,10535.58,94820.26
ITEM-003846,ORD-01834,PROD-0003,2,32384.66,6476.93,58292.39
ITEM-003847,ORD-01835,PROD-0048,3,1883.43,1130.06,4520.23
ITEM-003848,ORD-01836,PROD-0039,2,738.18,147.64,1328.72
ITEM-003849,ORD-01837,PROD-0013,1,116727.16,11672.72,105054.44
ITEM-003850,ORD-01837,PROD-0048,2,1883.43,376.69,3390.17
ITEM-003851,ORD-01838,PROD-0060,1,239.31,0.0,239.31
ITEM-003852,ORD-01838,PROD-0080,1,47311.93,0.0,47311.93
ITEM-003853,ORD-01838,PROD-0021,1,14237.71,0.0,14237.71
ITEM-003854,ORD-01839,PROD-0058,1,3021.89,0.0,3021.89
ITEM-003855,ORD-01840,PROD-0078,2,14307.56,2861.51,25753.61
ITEM-003856,ORD-01840,PROD-0055,1,3269.86,326.99,2942.87
ITEM-003857,ORD-01840,PROD-0067,5,12793.32,6396.66,57569.94
ITEM-003858,ORD-01840,PROD-0068,2,10709.38,2141.88,19276.88
ITEM-003859,ORD-01840,PROD-0047,2,1537.69,307.54,2767.84
ITEM-003860,ORD-01841,PROD-0074,1,23577.52,3536.63,20040.89
ITEM-003861,ORD-01841,PROD-0005,1,93567.0,14035.05,79531.95
ITEM-003862,ORD-01842,PROD-0060,2,239.31,0.0,478.62
ITEM-003863,ORD-01842,PROD-0067,1,12793.32,0.0,12793.32
ITEM-003864,ORD-01842,PROD-0028,1,14434.11,0.0,14434.11
ITEM-003865,ORD-01842,PROD-0011,2,8972.23,0.0,17944.46
ITEM-003866,ORD-01843,PROD-0075,3,17455.24,0.0,52365.72
ITEM-003867,ORD-01844,PROD-0045,3,523.28,0.0,1569.84
ITEM-003868,ORD-01844,PROD-0047,2,1537.69,0.0,3075.38
ITEM-003869,ORD-01845,PROD-0017,1,14949.48,0.0,14949.48
ITEM-003870,ORD-01845,PROD-0043,1,1299.09,0.0,1299.09
ITEM-003871,ORD-01845,PROD-0002,4,121819.8,0.0,487279.2
ITEM-003872,ORD-01846,PROD-0052,1,814.65,162.93,651.72
ITEM-003873,ORD-01846,PROD-0005,1,93567.0,18713.4,74853.6
ITEM-003874,ORD-01847,PROD-0064,3,2018.49,1513.87,4541.6
ITEM-003875,ORD-01847,PROD-0054,2,4451.78,2225.89,6677.67
ITEM-003876,ORD-01847,PROD-0061,2,3090.65,1545.33,4635.97
ITEM-003877,ORD-01847,PROD-0012,1,51591.73,12897.93,38693.8
ITEM-003878,ORD-01847,PROD-0039,2,738.18,369.09,1107.27
ITEM-003879,ORD-01848,PROD-0079,1,2367.89,710.37,1657.52
ITEM-003880,ORD-01849,PROD-0030,1,7630.74,2289.22,5341.52
ITEM-003881,ORD-01849,PROD-0068,1,10709.38,3212.81,7496.57
ITEM-003882,ORD-01849,PROD-0043,1,1299.09,389.73,909.36
ITEM-003883,ORD-01850,PROD-0014,1,1370.35,411.11,959.24
ITEM-003884,ORD-01851,PROD-0052,4,814.65,0.0,3258.6
ITEM-003885,ORD-01851,PROD-0031,1,43799.96,0.0,43799.96
ITEM-003886,ORD-01852,PROD-0054,1,4451.78,1335.53,3116.25
ITEM-003887,ORD-01853,PROD-0079,4,2367.89,473.58,8997.98
ITEM-003888,ORD-01853,PROD-0044,1,1147.03,57.35,1089.68
ITEM-003889,ORD-01854,PROD-0073,1,11158.63,0.0,11158.63
ITEM-003890,ORD-01855,PROD-0037,1,31165.03,0.0,31165.03
ITEM-003891,ORD-01855,PROD-0054,2,4451.78,0.0,8903.56
ITEM-003892,ORD-01855,PROD-0047,1,1537.69,0.0,1537.69
ITEM-003893,ORD-01856,PROD-0008,2,112318.49,44927.4,179709.58
ITEM-003894,ORD-01857,PROD-0007,1,64234.24,6423.42,57810.82
ITEM-003895,ORD-01858,PROD-0003,1,32384.66,1619.23,30765.43
ITEM-003896,ORD-01858,PROD-0019,1,13763.21,688.16,13075.05
ITEM-003897,ORD-01858,PROD-0060,2,239.31,23.93,454.69
ITEM-003898,ORD-01858,PROD-0027,5,35192.66,8798.17,167165.13
ITEM-003899,ORD-01859,PROD-0050,2,1843.01,184.3,3501.72
ITEM-003900,ORD-01860,PROD-0024,4,855.93,0.0,3423.72
ITEM-003901,ORD-01860,PROD-0022,1,10152.93,0.0,10152.93
ITEM-003902,ORD-01861,PROD-0058,2,3021.89,302.19,5741.59
ITEM-003903,ORD-01861,PROD-0035,1,32410.39,1620.52,30789.87
ITEM-003904,ORD-01861,PROD-0073,2,11158.63,1115.86,21201.4
ITEM-003905,ORD-01861,PROD-0028,1,14434.11,721.71,13712.4
ITEM-003906,ORD-01862,PROD-0016,1,13284.93,0.0,13284.93
ITEM-003907,ORD-01863,PROD-0071,2,3798.51,759.7,6837.32
ITEM-003908,ORD-01864,PROD-0003,2,32384.66,12953.86,51815.46
ITEM-003909,ORD-01865,PROD-0020,1,7859.34,0.0,7859.34
ITEM-003910,ORD-01866,PROD-0058,3,3021.89,906.57,8159.1
ITEM-003911,ORD-01867,PROD-0074,2,23577.52,0.0,47155.04
ITEM-003912,ORD-01867,PROD-0026,2,6024.68,0.0,12049.36
ITEM-003913,ORD-01868,PROD-0036,1,29238.48,1461.92,27776.56
ITEM-003914,ORD-01868,PROD-0012,1,51591.73,2579.59,49012.14
ITEM-003915,ORD-01869,PROD-0079,2,2367.89,0.0,4735.78
ITEM-003916,ORD-01870,PROD-0064,4,2018.49,0.0,8073.96
ITEM-003917,ORD-01870,PROD-0013,1,116727.16,0.0,116727.16
ITEM-003918,ORD-01871,PROD-0047,1,1537.69,153.77,1383.92
ITEM-003919,ORD-01871,PROD-0072,3,3464.52,1039.36,9354.2
ITEM-003920,ORD-01871,PROD-0014,3,1370.35,411.1,3699.95
ITEM-003921,ORD-01871,PROD-0002,2,121819.8,24363.96,219275.64
ITEM-003922,ORD-01872,PROD-0074,1,23577.52,3536.63,20040.89
ITEM-003923,ORD-01872,PROD-0039,1,738.18,110.73,627.45
ITEM-003924,ORD-01873,PROD-0030,2,7630.74,1526.15,13735.33
ITEM-003925,ORD-01874,PROD-0008,2,112318.49,11231.85,213405.13
ITEM-003926,ORD-01874,PROD-0042,2,472.22,47.22,897.22
ITEM-003927,ORD-01874,PROD-0017,2,14949.48,1494.95,28404.01
ITEM-003928,ORD-01875,PROD-0045,4,523.28,0.0,2093.12
ITEM-003929,ORD-01876,PROD-0025,1,13690.5,3422.62,10267.88
ITEM-003930,ORD-01877,PROD-0039,1,738.18,36.91,701.27
ITEM-003931,ORD-01877,PROD-0058,2,3021.89,302.19,5741.59
ITEM-003932,ORD-01877,PROD-0057,3,3014.34,452.15,8590.87
ITEM-003933,ORD-01878,PROD-0057,1,3014.34,301.43,2712.91
ITEM-003934,ORD-01878,PROD-0036,1,29238.48,2923.85,26314.63
ITEM-003935,ORD-01879,PROD-0052,2,814.65,488.79,1140.51
ITEM-003936,ORD-01880,PROD-0065,1,3085.73,925.72,2160.01
ITEM-003937,ORD-01880,PROD-0006,2,78104.58,46862.75,109346.41
ITEM-003938,ORD-01881,PROD-0031,1,43799.96,8759.99,35039.97
ITEM-003939,ORD-01882,PROD-0076,3,23557.35,3533.6,67138.45
ITEM-003940,ORD-01882,PROD-0050,5,1843.01,460.75,8754.3
ITEM-003941,ORD-01882,PROD-0036,1,29238.48,1461.92,27776.56
ITEM-003942,ORD-01882,PROD-0051,4,1302.78,260.56,4950.56
ITEM-003943,ORD-01883,PROD-0030,1,7630.74,2289.22,5341.52
ITEM-003944,ORD-01884,PROD-0077,1,18535.55,3707.11,14828.44
ITEM-003945,ORD-01884,PROD-0043,1,1299.09,259.82,1039.27
ITEM-003946,ORD-01885,PROD-0046,3,1068.78,160.32,3046.02
ITEM-003947,ORD-01885,PROD-0050,2,1843.01,184.3,3501.72
ITEM-003948,ORD-01885,PROD-0005,1,93567.0,4678.35,88888.65
ITEM-003949,ORD-01886,PROD-0006,1,78104.58,3905.23,74199.35
ITEM-003950,ORD-01886,PROD-0027,1,35192.66,1759.63,33433.03
ITEM-003951,ORD-01887,PROD-0049,1,543.64,27.18,516.46
ITEM-003952,ORD-01887,PROD-0055,1,3269.86,163.49,3106.37
ITEM-003953,ORD-01888,PROD-0028,1,14434.11,1443.41,12990.7
ITEM-003954,ORD-01888,PROD-0062,1,4002.89,400.29,3602.6
ITEM-003955,ORD-01888,PROD-0052,1,814.65,81.47,733.18
ITEM-003956,ORD-01889,PROD-0016,1,13284.93,0.0,13284.93
ITEM-003957,ORD-01889,PROD-0011,3,8972.23,0.0,26916.69
ITEM-003958,ORD-01889,PROD-0055,1,3269.86,0.0,3269.86
ITEM-003959,ORD-01889,PROD-0024,3,855.93,0.0,2567.79
ITEM-003960,ORD-01890,PROD-0052,2,814.65,0.0,1629.3
ITEM-003961,ORD-01890,PROD-0041,1,1147.18,0.0,1147.18
ITEM-003962,ORD-01890,PROD-0045,2,523.28,0.0,1046.56
ITEM-003963,ORD-01891,PROD-0009,1,113999.83,17099.97,96899.86
ITEM-003964,ORD-01891,PROD-0073,2,11158.63,3347.59,18969.67
ITEM-003965,ORD-01891,PROD-0006,1,78104.58,11715.69,66388.89
ITEM-003966,ORD-01891,PROD-0039,1,738.18,110.73,627.45
ITEM-003967,ORD-01892,PROD-0070,1,26338.96,7901.69,18437.27
ITEM-003968,ORD-01893,PROD-0052,3,814.65,0.0,2443.95
ITEM-003969,ORD-01893,PROD-0001,2,85654.19,0.0,171308.38
ITEM-003970,ORD-01893,PROD-0013,1,116727.16,0.0,116727.16
ITEM-003971,ORD-01894,PROD-0004,1,104516.44,31354.93,73161.51
ITEM-003972,ORD-01895,PROD-0062,1,4002.89,600.43,3402.46
ITEM-003973,ORD-01896,PROD-0014,1,1370.35,0.0,1370.35
ITEM-003974,ORD-01896,PROD-0004,3,104516.44,0.0,313549.32
ITEM-003975,ORD-01897,PROD-0060,1,239.31,71.79,167.52
ITEM-003976,ORD-01897,PROD-0013,1,116727.16,35018.15,81709.01
ITEM-003977,ORD-01897,PROD-0070,1,26338.96,7901.69,18437.27
ITEM-003978,ORD-01898,PROD-0012,2,51591.73,5159.17,98024.29
ITEM-003979,ORD-01898,PROD-0077,3,18535.55,2780.33,52826.32
ITEM-003980,ORD-01898,PROD-0038,1,15629.94,781.5,14848.44
ITEM-003981,ORD-01899,PROD-0048,1,1883.43,470.86,1412.57
ITEM-003982,ORD-01899,PROD-0005,1,93567.0,23391.75,70175.25
ITEM-003983,ORD-01899,PROD-0046,3,1068.78,801.59,2404.75
ITEM-003984,ORD-01899,PROD-0044,3,1147.03,860.27,2580.82
ITEM-003985,ORD-01900,PROD-0074,1,23577.52,2357.75,21219.77
ITEM-003986,ORD-01901,PROD-0065,3,3085.73,462.86,8794.33
ITEM-003987,ORD-01901,PROD-0056,1,1266.18,63.31,1202.87
ITEM-003988,ORD-01902,PROD-0069,2,4275.33,2565.2,5985.46
ITEM-003989,ORD-01902,PROD-0002,2,121819.8,73091.88,170547.72
ITEM-003990,ORD-01903,PROD-0027,2,35192.66,14077.06,56308.26
ITEM-003991,ORD-01904,PROD-0072,1,3464.52,0.0,3464.52
ITEM-003992,ORD-01904,PROD-0047,4,1537.69,0.0,6150.76
ITEM-003993,ORD-01904,PROD-0003,1,32384.66,0.0,32384.66
ITEM-003994,ORD-01905,PROD-0020,1,7859.34,0.0,7859.34
ITEM-003995,ORD-01905,PROD-0076,3,23557.35,0.0,70672.05
ITEM-003996,ORD-01906,PROD-0025,1,13690.5,684.52,13005.98
ITEM-003997,ORD-01907,PROD-0018,1,13595.1,4078.53,9516.57
ITEM-003998,ORD-01908,PROD-0034,1,10118.15,2529.54,7588.61
ITEM-003999,ORD-01908,PROD-0006,2,78104.58,39052.29,117156.87
ITEM-004000,ORD-01908,PROD-0007,4,64234.24,64234.24,192702.72
ITEM-004001,ORD-01908,PROD-0028,1,14434.11,3608.53,10825.58
ITEM-004002,ORD-01909,PROD-0072,1,3464.52,866.13,2598.39
ITEM-004003,ORD-01910,PROD-0058,1,3021.89,604.38,2417.51
ITEM-004004,ORD-01911,PROD-0052,1,814.65,203.66,610.99
ITEM-004005,ORD-01912,PROD-0024,3,855.93,0.0,2567.79
ITEM-004006,ORD-01912,PROD-0054,2,4451.78,0.0,8903.56
ITEM-004007,ORD-01913,PROD-0030,2,7630.74,0.0,15261.48
ITEM-004008,ORD-01913,PROD-0008,3,112318.49,0.0,336955.47
ITEM-004009,ORD-01913,PROD-0050,4,1843.01,0.0,7372.04
ITEM-004010,ORD-01914,PROD-0063,1,3661.31,0.0,3661.31
ITEM-004011,ORD-01914,PROD-0012,1,51591.73,0.0,51591.73
ITEM-004012,ORD-01915,PROD-0009,1,113999.83,0.0,113999.83
ITEM-004013,ORD-01915,PROD-0070,1,26338.96,0.0,26338.96
ITEM-004014,ORD-01916,PROD-0030,4,7630.74,3052.3,27470.66
ITEM-004015,ORD-01916,PROD-0079,1,2367.89,236.79,2131.1
ITEM-004016,ORD-01916,PROD-0078,1,14307.56,1430.76,12876.8
ITEM-004017,ORD-01917,PROD-0066,3,3066.74,0.0,9200.22
ITEM-004018,ORD-01918,PROD-0018,1,13595.1,2039.27,11555.83
ITEM-004019,ORD-01918,PROD-0008,1,112318.49,16847.77,95470.72
ITEM-004020,ORD-01919,PROD-0037,3,31165.03,0.0,93495.09
ITEM-004021,ORD-01920,PROD-0056,2,1266.18,0.0,2532.36
ITEM-004022,ORD-01921,PROD-0078,3,14307.56,10730.67,32192.01
ITEM-004023,ORD-01921,PROD-0014,4,1370.35,1370.35,4111.05
ITEM-004024,ORD-01922,PROD-0014,3,1370.35,411.1,3699.95
ITEM-004025,ORD-01922,PROD-0074,1,23577.52,2357.75,21219.77
ITEM-004026,ORD-01922,PROD-0052,1,814.65,81.47,733.18
ITEM-004027,ORD-01923,PROD-0021,1,14237.71,2135.66,12102.05
ITEM-004028,ORD-01924,PROD-0007,3,64234.24,0.0,192702.72
ITEM-004029,ORD-01925,PROD-0001,1,85654.19,21413.55,64240.64
ITEM-004030,ORD-01925,PROD-0067,1,12793.32,3198.33,9594.99
ITEM-004031,ORD-01925,PROD-0016,1,13284.93,3321.23,9963.7
ITEM-004032,ORD-01926,PROD-0072,1,3464.52,346.45,3118.07
ITEM-004033,ORD-01926,PROD-0002,2,121819.8,24363.96,219275.64
ITEM-004034,ORD-01927,PROD-0006,2,78104.58,39052.29,117156.87
ITEM-004035,ORD-01927,PROD-0070,1,26338.96,6584.74,19754.22
ITEM-004036,ORD-01927,PROD-0010,1,29080.61,7270.15,21810.46
ITEM-004037,ORD-01928,PROD-0071,3,3798.51,2279.11,9116.42
ITEM-004038,ORD-01929,PROD-0073,1,11158.63,1115.86,10042.77
ITEM-004039,ORD-01930,PROD-0046,1,1068.78,160.32,908.46
ITEM-004040,ORD-01931,PROD-0076,3,23557.35,7067.2,63604.85
ITEM-004041,ORD-01931,PROD-0043,4,1299.09,519.64,4676.72
ITEM-004042,ORD-01932,PROD-0017,2,14949.48,4484.84,25414.12
ITEM-004043,ORD-01933,PROD-0044,1,1147.03,57.35,1089.68
ITEM-004044,ORD-01933,PROD-0051,2,1302.78,130.28,2475.28
ITEM-004045,ORD-01934,PROD-0070,2,26338.96,5267.79,47410.13
ITEM-004046,ORD-01934,PROD-0045,1,523.28,52.33,470.95
ITEM-004047,ORD-01935,PROD-0078,5,14307.56,0.0,71537.8
ITEM-004048,ORD-01936,PROD-0019,2,13763.21,6881.6,20644.82
ITEM-004049,ORD-01937,PROD-0038,1,15629.94,781.5,14848.44
ITEM-004050,ORD-01937,PROD-0080,4,47311.93,9462.39,179785.33
ITEM-004051,ORD-01938,PROD-0057,2,3014.34,1507.17,4521.51
ITEM-004052,ORD-01938,PROD-0056,2,1266.18,633.09,1899.27
ITEM-004053,ORD-01938,PROD-0023,1,9803.45,2450.86,7352.59
ITEM-004054,ORD-01938,PROD-0041,1,1147.18,286.8,860.38
ITEM-004055,ORD-01938,PROD-0025,1,13690.5,3422.62,10267.88
ITEM-004056,ORD-01939,PROD-0077,3,18535.55,0.0,55606.65
ITEM-004057,ORD-01940,PROD-0013,1,116727.16,11672.72,105054.44
ITEM-004058,ORD-01941,PROD-0037,5,31165.03,0.0,155825.15
ITEM-004059,ORD-01941,PROD-0064,1,2018.49,0.0,2018.49
ITEM-004060,ORD-01941,PROD-0018,1,13595.1,0.0,13595.1
ITEM-004061,ORD-01941,PROD-0068,1,10709.38,0.0,10709.38
ITEM-004062,ORD-01942,PROD-0067,4,12793.32,12793.32,38379.96
ITEM-004063,ORD-01942,PROD-0041,1,1147.18,286.8,860.38
ITEM-004064,ORD-01942,PROD-0075,3,17455.24,13091.43,39274.29
ITEM-004065,ORD-01943,PROD-0017,3,14949.48,2242.42,42606.02
ITEM-004066,ORD-01943,PROD-0078,5,14307.56,3576.89,67960.91
ITEM-004067,ORD-01944,PROD-0050,1,1843.01,276.45,1566.56
ITEM-004068,ORD-01945,PROD-0070,1,26338.96,2633.9,23705.06
ITEM-004069,ORD-01945,PROD-0052,1,814.65,81.47,733.18
ITEM-004070,ORD-01945,PROD-0056,2,1266.18,253.24,2279.12
ITEM-004071,ORD-01946,PROD-0052,3,814.65,366.59,2077.36
ITEM-004072,ORD-01947,PROD-0053,2,1974.19,394.84,3553.54
ITEM-004073,ORD-01947,PROD-0062,1,4002.89,400.29,3602.6
ITEM-004074,ORD-01948,PROD-0021,3,14237.71,4271.31,38441.82
ITEM-004075,ORD-01949,PROD-0038,1,15629.94,781.5,14848.44
ITEM-004076,ORD-01949,PROD-0006,1,78104.58,3905.23,74199.35
ITEM-004077,ORD-01949,PROD-0021,4,14237.71,2847.54,54103.3
ITEM-004078,ORD-01950,PROD-0027,1,35192.66,5278.9,29913.76
ITEM-004079,ORD-01950,PROD-0012,1,51591.73,7738.76,43852.97
ITEM-004080,ORD-01950,PROD-0019,1,13763.21,2064.48,11698.73
ITEM-004081,ORD-01950,PROD-0042,3,472.22,212.5,1204.16
ITEM-004082,ORD-01950,PROD-0036,1,29238.48,4385.77,24852.71
ITEM-004083,ORD-01951,PROD-0067,1,12793.32,1279.33,11513.99
ITEM-004084,ORD-01952,PROD-0080,1,47311.93,0.0,47311.93
ITEM-004085,ORD-01952,PROD-0040,1,354.18,0.0,354.18
ITEM-004086,ORD-01952,PROD-0077,1,18535.55,0.0,18535.55
ITEM-004087,ORD-01953,PROD-0008,1,112318.49,11231.85,101086.64
ITEM-004088,ORD-01954,PROD-0047,4,1537.69,922.61,5228.15
ITEM-004089,ORD-01955,PROD-0043,2,1299.09,0.0,2598.18
ITEM-004090,ORD-01955,PROD-0026,2,6024.68,0.0,12049.36
ITEM-004091,ORD-01955,PROD-0012,1,51591.73,0.0,51591.73
ITEM-004092,ORD-01955,PROD-0025,1,13690.5,0.0,13690.5
ITEM-004093,ORD-01956,PROD-0080,1,47311.93,11827.98,35483.95
ITEM-004094,ORD-01957,PROD-0032,1,27601.51,4140.23,23461.28
ITEM-004095,ORD-01957,PROD-0020,2,7859.34,2357.8,13360.88
ITEM-004096,ORD-01958,PROD-0078,1,14307.56,0.0,14307.56
ITEM-004097,ORD-01959,PROD-0075,1,17455.24,0.0,17455.24
ITEM-004098,ORD-01960,PROD-0029,2,26905.65,10762.26,43049.04
ITEM-004099,ORD-01961,PROD-0036,3,29238.48,8771.54,78943.9
ITEM-004100,ORD-01961,PROD-0010,2,29080.61,5816.12,52345.1
ITEM-004101,ORD-01961,PROD-0004,3,104516.44,31354.93,282194.39
ITEM-004102,ORD-01962,PROD-0034,2,10118.15,5059.07,15177.23
ITEM-004103,ORD-01962,PROD-0026,2,6024.68,3012.34,9037.02
ITEM-004104,ORD-01963,PROD-0062,2,4002.89,1601.16,6404.62
ITEM-004105,ORD-01963,PROD-0076,1,23557.35,4711.47,18845.88
ITEM-004106,ORD-01963,PROD-0070,3,26338.96,15803.38,63213.5
ITEM-004107,ORD-01963,PROD-0020,1,7859.34,1571.87,6287.47
ITEM-004108,ORD-01964,PROD-0068,1,10709.38,535.47,10173.91
ITEM-004109,ORD-01965,PROD-0063,2,3661.31,0.0,7322.62
ITEM-004110,ORD-01966,PROD-0067,2,12793.32,6396.66,19189.98
ITEM-004111,ORD-01966,PROD-0011,2,8972.23,4486.11,13458.35
ITEM-004112,ORD-01967,PROD-0073,5,11158.63,5579.31,50213.84
ITEM-004113,ORD-01967,PROD-0050,1,1843.01,184.3,1658.71
ITEM-004114,ORD-01967,PROD-0020,1,7859.34,785.93,7073.41
ITEM-004115,ORD-01967,PROD-0040,3,354.18,106.25,956.29
ITEM-004116,ORD-01967,PROD-0021,3,14237.71,4271.31,38441.82
ITEM-004117,ORD-01968,PROD-0028,1,14434.11,4330.23,10103.88
ITEM-004118,ORD-01968,PROD-0043,1,1299.09,389.73,909.36
ITEM-004119,ORD-01969,PROD-0045,2,523.28,104.66,941.9
ITEM-004120,ORD-01969,PROD-0017,5,14949.48,7474.74,67272.66
ITEM-004121,ORD-01969,PROD-0054,1,4451.78,445.18,4006.6
ITEM-004122,ORD-01969,PROD-0028,2,14434.11,2886.82,25981.4
ITEM-004123,ORD-01969,PROD-0039,5,738.18,369.09,3321.81
ITEM-004124,ORD-01970,PROD-0020,1,7859.34,1964.84,5894.5
ITEM-004125,ORD-01970,PROD-0041,1,1147.18,286.8,860.38
ITEM-004126,ORD-01970,PROD-0040,2,354.18,177.09,531.27
ITEM-004127,ORD-01971,PROD-0015,1,11857.0,3557.1,8299.9
ITEM-004128,ORD-01972,PROD-0068,3,10709.38,0.0,32128.14
ITEM-004129,ORD-01972,PROD-0072,2,3464.52,0.0,6929.04
ITEM-004130,ORD-01973,PROD-0032,1,27601.51,1380.08,26221.43
ITEM-004131,ORD-01974,PROD-0071,2,3798.51,1139.55,6457.47
ITEM-004132,ORD-01975,PROD-0061,1,3090.65,0.0,3090.65
ITEM-004133,ORD-01976,PROD-0057,4,3014.34,2411.47,9645.89
ITEM-004134,ORD-01976,PROD-0051,2,1302.78,521.11,2084.45
ITEM-004135,ORD-01976,PROD-0061,2,3090.65,1236.26,4945.04
ITEM-004136,ORD-01976,PROD-0056,2,1266.18,506.47,2025.89
ITEM-004137,ORD-01976,PROD-0049,5,543.64,543.64,2174.56
ITEM-004138,ORD-01977,PROD-0065,1,3085.73,308.57,2777.16
ITEM-004139,ORD-01978,PROD-0017,1,14949.48,3737.37,11212.11
ITEM-004140,ORD-01978,PROD-0008,1,112318.49,28079.62,84238.87
ITEM-004141,ORD-01978,PROD-0061,3,3090.65,2317.99,6953.96
ITEM-004142,ORD-01979,PROD-0050,2,1843.01,552.9,3133.12
ITEM-004143,ORD-01980,PROD-0014,3,1370.35,0.0,4111.05
ITEM-004144,ORD-01980,PROD-0048,2,1883.43,0.0,3766.86
ITEM-004145,ORD-01981,PROD-0013,2,116727.16,23345.43,210108.89
ITEM-004146,ORD-01982,PROD-0038,2,15629.94,0.0,31259.88
ITEM-004147,ORD-01983,PROD-0033,2,45327.59,0.0,90655.18
ITEM-004148,ORD-01983,PROD-0034,1,10118.15,0.0,10118.15
ITEM-004149,ORD-01983,PROD-0029,3,26905.65,0.0,80716.95
ITEM-004150,ORD-01983,PROD-0001,1,85654.19,0.0,85654.19
ITEM-004151,ORD-01984,PROD-0046,1,1068.78,53.44,1015.34
ITEM-004152,ORD-01984,PROD-0019,1,13763.21,688.16,13075.05
ITEM-004153,ORD-01984,PROD-0076,2,23557.35,2355.74,44758.96
ITEM-004154,ORD-01984,PROD-0077,1,18535.55,926.78,17608.77
ITEM-004155,ORD-01985,PROD-0028,3,14434.11,4330.23,38972.1
ITEM-004156,ORD-01985,PROD-0009,1,113999.83,11399.98,102599.85
ITEM-004157,ORD-01985,PROD-0077,1,18535.55,1853.56,16681.99
ITEM-004158,ORD-01985,PROD-0079,3,2367.89,710.37,6393.3
ITEM-004159,ORD-01986,PROD-0032,4,27601.51,22081.21,88324.83
ITEM-004160,ORD-01987,PROD-0058,1,3021.89,453.28,2568.61
ITEM-004161,ORD-01987,PROD-0022,2,10152.93,3045.88,17259.98
ITEM-004162,ORD-01987,PROD-0080,1,47311.93,7096.79,40215.14
ITEM-004163,ORD-01988,PROD-0006,2,78104.58,0.0,156209.16
ITEM-004164,ORD-01989,PROD-0039,1,738.18,0.0,738.18
ITEM-004165,ORD-01989,PROD-0029,2,26905.65,0.0,53811.3
ITEM-004166,ORD-01989,PROD-0038,1,15629.94,0.0,15629.94
ITEM-004167,ORD-01990,PROD-0046,2,1068.78,213.76,1923.8
ITEM-004168,ORD-01990,PROD-0071,2,3798.51,759.7,6837.32
ITEM-004169,ORD-01990,PROD-0053,2,1974.19,394.84,3553.54
ITEM-004170,ORD-01991,PROD-0061,2,3090.65,1236.26,4945.04
ITEM-004171,ORD-01992,PROD-0017,1,14949.48,0.0,14949.48
ITEM-004172,ORD-01993,PROD-0020,2,7859.34,0.0,15718.68
ITEM-004173,ORD-01993,PROD-0064,1,2018.49,0.0,2018.49
ITEM-004174,ORD-01994,PROD-0029,1,26905.65,0.0,26905.65
ITEM-004175,ORD-01994,PROD-0066,4,3066.74,0.0,12266.96
ITEM-004176,ORD-01995,PROD-0006,1,78104.58,0.0,78104.58
ITEM-004177,ORD-01995,PROD-0027,1,35192.66,0.0,35192.66
ITEM-004178,ORD-01996,PROD-0078,1,14307.56,2861.51,11446.05
ITEM-004179,ORD-01997,PROD-0057,1,3014.34,0.0,3014.34
ITEM-004180,ORD-01997,PROD-0002,1,121819.8,0.0,121819.8
ITEM-004181,ORD-01998,PROD-0040,2,354.18,35.42,672.94
ITEM-004182,ORD-01999,PROD-0068,1,10709.38,1070.94,9638.44
ITEM-004183,ORD-01999,PROD-0028,1,14434.11,1443.41,12990.7
ITEM-004184,ORD-01999,PROD-0051,2,1302.78,260.56,2345.0
ITEM-004185,ORD-01999,PROD-0072,1,3464.52,346.45,3118.07
ITEM-004186,ORD-02000,PROD-0003,1,32384.66,8096.16,24288.5
ITEM-004187,ORD-02001,PROD-0046,1,1068.78,0.0,1068.78
ITEM-004188,ORD-02002,PROD-0058,1,3021.89,453.28,2568.61
ITEM-004189,ORD-02003,PROD-0021,1,14237.71,3559.43,10678.28
ITEM-004190,ORD-02003,PROD-0071,5,3798.51,4748.14,14244.41
ITEM-004191,ORD-02003,PROD-0020,3,7859.34,5894.51,17683.51
ITEM-004192,ORD-02004,PROD-0017,2,14949.48,1494.95,28404.01
ITEM-004193,ORD-02004,PROD-0016,4,13284.93,2656.99,50482.73
ITEM-004194,ORD-02005,PROD-0065,1,3085.73,308.57,2777.16
ITEM-004195,ORD-02005,PROD-0054,3,4451.78,1335.53,12019.81
ITEM-004196,ORD-02005,PROD-0069,3,4275.33,1282.6,11543.39
ITEM-004197,ORD-02005,PROD-0022,1,10152.93,1015.29,9137.64
ITEM-004198,ORD-02006,PROD-0028,2,14434.11,4330.23,24537.99
ITEM-004199,ORD-02007,PROD-0002,4,121819.8,48727.92,438551.28
ITEM-004200,ORD-02008,PROD-0047,2,1537.69,0.0,3075.38
ITEM-004201,ORD-02008,PROD-0076,2,23557.35,0.0,47114.7
ITEM-004202,ORD-02008,PROD-0056,1,1266.18,0.0,1266.18
ITEM-004203,ORD-02009,PROD-0051,4,1302.78,1042.22,4168.9
ITEM-004204,ORD-02009,PROD-0005,2,93567.0,37426.8,149707.2
ITEM-004205,ORD-02010,PROD-0013,1,116727.16,0.0,116727.16
ITEM-004206,ORD-02010,PROD-0024,1,855.93,0.0,855.93
ITEM-004207,ORD-02010,PROD-0026,3,6024.68,0.0,18074.04
ITEM-004208,ORD-02010,PROD-0033,1,45327.59,0.0,45327.59
ITEM-004209,ORD-02010,PROD-0034,3,10118.15,0.0,30354.45
ITEM-004210,ORD-02011,PROD-0015,2,11857.0,1185.7,22528.3
ITEM-004211,ORD-02011,PROD-0067,5,12793.32,3198.33,60768.27
ITEM-004212,ORD-02012,PROD-0045,5,523.28,784.92,1831.48
ITEM-004213,ORD-02012,PROD-0013,1,116727.16,35018.15,81709.01
ITEM-004214,ORD-02012,PROD-0020,1,7859.34,2357.8,5501.54
ITEM-004215,ORD-02013,PROD-0031,1,43799.96,0.0,43799.96
ITEM-004216,ORD-02014,PROD-0061,1,3090.65,154.53,2936.12
ITEM-004217,ORD-02014,PROD-0003,2,32384.66,3238.47,61530.85
ITEM-004218,ORD-02015,PROD-0049,1,543.64,163.09,380.55
ITEM-004219,ORD-02015,PROD-0033,1,45327.59,13598.28,31729.31
ITEM-004220,ORD-02015,PROD-0068,1,10709.38,3212.81,7496.57
ITEM-004221,ORD-02015,PROD-0013,1,116727.16,35018.15,81709.01
ITEM-004222,ORD-02016,PROD-0071,3,3798.51,2279.11,9116.42
ITEM-004223,ORD-02017,PROD-0074,1,23577.52,3536.63,20040.89
ITEM-004224,ORD-02017,PROD-0034,1,10118.15,1517.72,8600.43
ITEM-004225,ORD-02017,PROD-0022,2,10152.93,3045.88,17259.98
ITEM-004226,ORD-02018,PROD-0014,1,1370.35,205.55,1164.8
ITEM-004227,ORD-02019,PROD-0025,1,13690.5,684.52,13005.98
ITEM-004228,ORD-02019,PROD-0051,1,1302.78,65.14,1237.64
ITEM-004229,ORD-02019,PROD-0044,1,1147.03,57.35,1089.68
ITEM-004230,ORD-02019,PROD-0074,2,23577.52,2357.75,44797.29
ITEM-004231,ORD-02020,PROD-0047,1,1537.69,230.65,1307.04
ITEM-004232,ORD-02020,PROD-0073,3,11158.63,5021.38,28454.51
ITEM-004233,ORD-02021,PROD-0027,1,35192.66,8798.17,26394.49
ITEM-004234,ORD-02021,PROD-0040,1,354.18,88.55,265.63
ITEM-004235,ORD-02022,PROD-0075,1,17455.24,5236.57,12218.67
ITEM-004236,ORD-02022,PROD-0045,3,523.28,470.95,1098.89
ITEM-004237,ORD-02023,PROD-0071,3,3798.51,3418.66,7976.87
ITEM-004238,ORD-02023,PROD-0070,1,26338.96,7901.69,18437.27
ITEM-004239,ORD-02024,PROD-0017,2,14949.48,7474.74,22424.22
ITEM-004240,ORD-02024,PROD-0025,1,13690.5,3422.62,10267.88
ITEM-004241,ORD-02024,PROD-0026,3,6024.68,4518.51,13555.53
ITEM-004242,ORD-02025,PROD-0015,1,11857.0,3557.1,8299.9
ITEM-004243,ORD-02025,PROD-0047,1,1537.69,461.31,1076.38
ITEM-004244,ORD-02025,PROD-0004,1,104516.44,31354.93,73161.51
ITEM-004245,ORD-02026,PROD-0040,2,354.18,0.0,708.36
ITEM-004246,ORD-02027,PROD-0037,1,31165.03,7791.26,23373.77
ITEM-004247,ORD-02028,PROD-0033,1,45327.59,0.0,45327.59
ITEM-004248,ORD-02029,PROD-0010,1,29080.61,2908.06,26172.55
ITEM-004249,ORD-02030,PROD-0002,1,121819.8,24363.96,97455.84
ITEM-004250,ORD-02030,PROD-0012,2,51591.73,20636.69,82546.77
ITEM-004251,ORD-02031,PROD-0013,1,116727.16,5836.36,110890.8
ITEM-004252,ORD-02031,PROD-0050,3,1843.01,276.45,5252.58
ITEM-004253,ORD-02031,PROD-0033,5,45327.59,11331.9,215306.05
ITEM-004254,ORD-02031,PROD-0059,2,955.76,95.58,1815.94
ITEM-004255,ORD-02031,PROD-0078,2,14307.56,1430.76,27184.36
ITEM-004256,ORD-02032,PROD-0062,1,4002.89,400.29,3602.6
ITEM-004257,ORD-02033,PROD-0004,1,104516.44,20903.29,83613.15
ITEM-004258,ORD-02033,PROD-0049,4,543.64,434.91,1739.65
ITEM-004259,ORD-02034,PROD-0030,1,7630.74,0.0,7630.74
ITEM-004260,ORD-02035,PROD-0005,2,93567.0,0.0,187134.0
ITEM-004261,ORD-02036,PROD-0006,3,78104.58,0.0,234313.74
ITEM-004262,ORD-02037,PROD-0059,1,955.76,0.0,955.76
ITEM-004263,ORD-02037,PROD-0024,2,855.93,0.0,1711.86
ITEM-004264,ORD-02037,PROD-0056,1,1266.18,0.0,1266.18
ITEM-004265,ORD-02038,PROD-0050,2,1843.01,1105.81,2580.21
ITEM-004266,ORD-02038,PROD-0073,5,11158.63,16737.94,39055.21
ITEM-004267,ORD-02039,PROD-0047,2,1537.69,0.0,3075.38
ITEM-004268,ORD-02039,PROD-0080,3,47311.93,0.0,141935.79
ITEM-004269,ORD-02039,PROD-0061,1,3090.65,0.0,3090.65
ITEM-004270,ORD-02039,PROD-0014,4,1370.35,0.0,5481.4
ITEM-004271,ORD-02040,PROD-0026,3,6024.68,0.0,18074.04
ITEM-004272,ORD-02040,PROD-0021,1,14237.71,0.0,14237.71
ITEM-004273,ORD-02041,PROD-0015,2,11857.0,0.0,23714.0
ITEM-004274,ORD-02042,PROD-0080,1,47311.93,0.0,47311.93
ITEM-004275,ORD-02043,PROD-0064,3,2018.49,302.77,5752.7
ITEM-004276,ORD-02043,PROD-0027,2,35192.66,3519.27,66866.05
ITEM-004277,ORD-02043,PROD-0024,2,855.93,85.59,1626.27
ITEM-004278,ORD-02043,PROD-0053,1,1974.19,98.71,1875.48
ITEM-004279,ORD-02043,PROD-0001,2,85654.19,8565.42,162742.96
ITEM-004280,ORD-02044,PROD-0071,3,3798.51,0.0,11395.53
ITEM-004281,ORD-02044,PROD-0054,1,4451.78,0.0,4451.78
ITEM-004282,ORD-02045,PROD-0044,1,1147.03,286.76,860.27
ITEM-004283,ORD-02045,PROD-0078,1,14307.56,3576.89,10730.67
ITEM-004284,ORD-02045,PROD-0061,1,3090.65,772.66,2317.99
ITEM-004285,ORD-02046,PROD-0076,1,23557.35,7067.2,16490.15
ITEM-004286,ORD-02046,PROD-0038,4,15629.94,18755.93,43763.83
ITEM-004287,ORD-02046,PROD-0028,1,14434.11,4330.23,10103.88
ITEM-004288,ORD-02046,PROD-0025,1,13690.5,4107.15,9583.35
ITEM-004289,ORD-02046,PROD-0053,1,1974.19,592.26,1381.93
ITEM-004290,ORD-02047,PROD-0064,2,2018.49,1009.25,3027.73
ITEM-004291,ORD-02048,PROD-0045,2,523.28,261.64,784.92
ITEM-004292,ORD-02048,PROD-0077,2,18535.55,9267.77,27803.33
ITEM-004293,ORD-02048,PROD-0051,2,1302.78,651.39,1954.17
ITEM-004294,ORD-02048,PROD-0034,1,10118.15,2529.54,7588.61
ITEM-004295,ORD-02049,PROD-0075,5,17455.24,21819.05,65457.15
ITEM-004296,ORD-02049,PROD-0034,2,10118.15,5059.07,15177.23
ITEM-004297,ORD-02050,PROD-0031,1,43799.96,13139.99,30659.97
ITEM-004298,ORD-02051,PROD-0033,2,45327.59,4532.76,86122.42
ITEM-004299,ORD-02051,PROD-0041,2,1147.18,114.72,2179.64
ITEM-004300,ORD-02052,PROD-0004,3,104516.44,62709.86,250839.46
ITEM-004301,ORD-02053,PROD-0064,1,2018.49,201.85,1816.64
ITEM-004302,ORD-02054,PROD-0072,2,3464.52,0.0,6929.04
ITEM-004303,ORD-02054,PROD-0035,2,32410.39,0.0,64820.78
ITEM-004304,ORD-02055,PROD-0041,2,1147.18,114.72,2179.64
ITEM-004305,ORD-02055,PROD-0030,1,7630.74,381.54,7249.2
ITEM-004306,ORD-02056,PROD-0031,2,43799.96,21899.98,65699.94
ITEM-004307,ORD-02056,PROD-0057,4,3014.34,3014.34,9043.02
ITEM-004308,ORD-02056,PROD-0045,3,523.28,392.46,1177.38
ITEM-004309,ORD-02056,PROD-0036,1,29238.48,7309.62,21928.86
ITEM-004310,ORD-02057,PROD-0030,2,7630.74,0.0,15261.48
ITEM-004311,ORD-02058,PROD-0069,1,4275.33,0.0,4275.33
ITEM-004312,ORD-02059,PROD-0025,2,13690.5,8214.3,19166.7
ITEM-004313,ORD-02059,PROD-0024,1,855.93,256.78,599.15
ITEM-004314,ORD-02060,PROD-0049,5,543.64,0.0,2718.2
ITEM-004315,ORD-02060,PROD-0039,2,738.18,0.0,1476.36
ITEM-004316,ORD-02061,PROD-0036,1,29238.48,7309.62,21928.86
ITEM-004317,ORD-02061,PROD-0004,1,104516.44,26129.11,78387.33
ITEM-004318,ORD-02062,PROD-0036,1,29238.48,2923.85,26314.63
ITEM-004319,ORD-02063,PROD-0050,1,1843.01,552.9,1290.11
ITEM-004320,ORD-02064,PROD-0033,1,45327.59,4532.76,40794.83
ITEM-004321,ORD-02064,PROD-0004,3,104516.44,31354.93,282194.39
ITEM-004322,ORD-02064,PROD-0041,3,1147.18,344.15,3097.39
ITEM-004323,ORD-02065,PROD-0067,3,12793.32,3838.0,34541.96
ITEM-004324,ORD-02065,PROD-0030,1,7630.74,763.07,6867.67
ITEM-004325,ORD-02066,PROD-0027,4,35192.66,14077.06,126693.58
ITEM-004326,ORD-02066,PROD-0026,4,6024.68,2409.87,21688.85
ITEM-004327,ORD-02067,PROD-0055,2,3269.86,653.97,5885.75
ITEM-004328,ORD-02067,PROD-0035,5,32410.39,16205.19,145846.76
ITEM-004329,ORD-02068,PROD-0051,3,1302.78,0.0,3908.34
ITEM-004330,ORD-02068,PROD-0056,5,1266.18,0.0,6330.9
ITEM-004331,ORD-02068,PROD-0005,4,93567.0,0.0,374268.0
ITEM-004332,ORD-02068,PROD-0032,1,27601.51,0.0,27601.51
ITEM-004333,ORD-02068,PROD-0028,3,14434.11,0.0,43302.33
ITEM-004334,ORD-02069,PROD-0034,1,10118.15,1011.82,9106.33
ITEM-004335,ORD-02069,PROD-0015,1,11857.0,1185.7,10671.3
ITEM-004336,ORD-02070,PROD-0074,1,23577.52,1178.88,22398.64
ITEM-004337,ORD-02071,PROD-0007,1,64234.24,0.0,64234.24
ITEM-004338,ORD-02071,PROD-0012,1,51591.73,0.0,51591.73
ITEM-004339,ORD-02071,PROD-0003,1,32384.66,0.0,32384.66
ITEM-004340,ORD-02072,PROD-0015,1,11857.0,2964.25,8892.75
ITEM-004341,ORD-02072,PROD-0077,1,18535.55,4633.89,13901.66
ITEM-004342,ORD-02072,PROD-0042,2,472.22,236.11,708.33
ITEM-004343,ORD-02073,PROD-0060,2,239.31,47.86,430.76
ITEM-004344,ORD-02073,PROD-0061,1,3090.65,309.06,2781.59
ITEM-004345,ORD-02074,PROD-0031,1,43799.96,8759.99,35039.97
ITEM-004346,ORD-02074,PROD-0003,1,32384.66,6476.93,25907.73
ITEM-004347,ORD-02075,PROD-0042,1,472.22,47.22,425.0
ITEM-004348,ORD-02076,PROD-0035,2,32410.39,16205.19,48615.59
ITEM-004349,ORD-02076,PROD-0061,1,3090.65,772.66,2317.99
ITEM-004350,ORD-02077,PROD-0045,2,523.28,0.0,1046.56
ITEM-004351,ORD-02078,PROD-0024,1,855.93,0.0,855.93
ITEM-004352,ORD-02078,PROD-0053,1,1974.19,0.0,1974.19
ITEM-004353,ORD-02078,PROD-0005,2,93567.0,0.0,187134.0
ITEM-004354,ORD-02079,PROD-0061,1,3090.65,927.2,2163.45
ITEM-004355,ORD-02079,PROD-0043,2,1299.09,779.45,1818.73
ITEM-004356,ORD-02079,PROD-0056,4,1266.18,1519.42,3545.3
ITEM-004357,ORD-02079,PROD-0008,2,112318.49,67391.09,157245.89
ITEM-004358,ORD-02080,PROD-0021,4,14237.71,14237.71,42713.13
ITEM-004359,ORD-02080,PROD-0077,1,18535.55,4633.89,13901.66
ITEM-004360,ORD-02080,PROD-0024,1,855.93,213.98,641.95
ITEM-004361,ORD-02080,PROD-0031,1,43799.96,10949.99,32849.97
ITEM-004362,ORD-02081,PROD-0025,1,13690.5,3422.62,10267.88
ITEM-004363,ORD-02082,PROD-0077,2,18535.55,5560.66,31510.44
ITEM-004364,ORD-02083,PROD-0039,2,738.18,0.0,1476.36
ITEM-004365,ORD-02083,PROD-0014,5,1370.35,0.0,6851.75
ITEM-004366,ORD-02084,PROD-0032,1,27601.51,6900.38,20701.13
ITEM-004367,ORD-02084,PROD-0064,1,2018.49,504.62,1513.87
ITEM-004368,ORD-02084,PROD-0053,2,1974.19,987.1,2961.28
ITEM-004369,ORD-02084,PROD-0065,3,3085.73,2314.3,6942.89
ITEM-004370,ORD-02085,PROD-0075,1,17455.24,0.0,17455.24
ITEM-004371,ORD-02086,PROD-0052,3,814.65,610.99,1832.96
ITEM-004372,ORD-02087,PROD-0004,3,104516.44,62709.86,250839.46
ITEM-004373,ORD-02088,PROD-0064,1,2018.49,100.92,1917.57
ITEM-004374,ORD-02089,PROD-0027,2,35192.66,7038.53,63346.79
ITEM-004375,ORD-02089,PROD-0069,1,4275.33,427.53,3847.8
ITEM-004376,ORD-02090,PROD-0035,5,32410.39,0.0,162051.95
ITEM-004377,ORD-02090,PROD-0066,3,3066.74,0.0,9200.22
ITEM-004378,ORD-02091,PROD-0067,3,12793.32,1919.0,36460.96
ITEM-004379,ORD-02092,PROD-0028,1,14434.11,721.71,13712.4
ITEM-004380,ORD-02093,PROD-0037,2,31165.03,0.0,62330.06
ITEM-004381,ORD-02093,PROD-0001,1,85654.19,0.0,85654.19
ITEM-004382,ORD-02093,PROD-0038,2,15629.94,0.0,31259.88
ITEM-004383,ORD-02093,PROD-0034,2,10118.15,0.0,20236.3
ITEM-004384,ORD-02094,PROD-0058,2,3021.89,0.0,6043.78
ITEM-004385,ORD-02095,PROD-0032,1,27601.51,2760.15,24841.36
ITEM-004386,ORD-02095,PROD-0050,4,1843.01,737.2,6634.84
ITEM-004387,ORD-02095,PROD-0033,1,45327.59,4532.76,40794.83
ITEM-004388,ORD-02096,PROD-0042,3,472.22,425.0,991.66
ITEM-004389,ORD-02096,PROD-0080,4,47311.93,56774.32,132473.4
ITEM-004390,ORD-02096,PROD-0065,5,3085.73,4628.6,10800.05
ITEM-004391,ORD-02097,PROD-0071,5,3798.51,0.0,18992.55
ITEM-004392,ORD-02097,PROD-0072,2,3464.52,0.0,6929.04
ITEM-004393,ORD-02097,PROD-0074,1,23577.52,0.0,23577.52
ITEM-004394,ORD-02097,PROD-0041,5,1147.18,0.0,5735.9
ITEM-004395,ORD-02098,PROD-0005,3,93567.0,0.0,280701.0
ITEM-004396,ORD-02098,PROD-0060,3,239.31,0.0,717.93
ITEM-004397,ORD-02098,PROD-0048,1,1883.43,0.0,1883.43
ITEM-004398,ORD-02098,PROD-0056,2,1266.18,0.0,2532.36
ITEM-004399,ORD-02098,PROD-0001,3,85654.19,0.0,256962.57
ITEM-004400,ORD-02099,PROD-0047,1,1537.69,0.0,1537.69
ITEM-004401,ORD-02100,PROD-0005,4,93567.0,37426.8,336841.2
ITEM-004402,ORD-02100,PROD-0017,2,14949.48,2989.9,26909.06
ITEM-004403,ORD-02100,PROD-0078,1,14307.56,1430.76,12876.8
ITEM-004404,ORD-02101,PROD-0003,5,32384.66,0.0,161923.3
ITEM-004405,ORD-02102,PROD-0022,3,10152.93,1522.94,28935.85
ITEM-004406,ORD-02102,PROD-0032,1,27601.51,1380.08,26221.43
ITEM-004407,ORD-02102,PROD-0046,1,1068.78,53.44,1015.34
ITEM-004408,ORD-02103,PROD-0032,1,27601.51,1380.08,26221.43
ITEM-004409,ORD-02104,PROD-0076,3,23557.35,0.0,70672.05
ITEM-004410,ORD-02104,PROD-0016,1,13284.93,0.0,13284.93
ITEM-004411,ORD-02105,PROD-0008,1,112318.49,0.0,112318.49
ITEM-004412,ORD-02105,PROD-0024,1,855.93,0.0,855.93
ITEM-004413,ORD-02105,PROD-0060,1,239.31,0.0,239.31
ITEM-004414,ORD-02106,PROD-0078,2,14307.56,8584.54,20030.58
ITEM-004415,ORD-02106,PROD-0046,4,1068.78,1282.54,2992.58
ITEM-004416,ORD-02106,PROD-0028,1,14434.11,4330.23,10103.88
ITEM-004417,ORD-02106,PROD-0012,1,51591.73,15477.52,36114.21
ITEM-004418,ORD-02107,PROD-0069,1,4275.33,0.0,4275.33
ITEM-004419,ORD-02108,PROD-0050,4,1843.01,368.6,7003.44
ITEM-004420,ORD-02109,PROD-0008,1,112318.49,33695.55,78622.94
ITEM-004421,ORD-02110,PROD-0005,4,93567.0,0.0,374268.0
ITEM-004422,ORD-02110,PROD-0073,1,11158.63,0.0,11158.63
ITEM-004423,ORD-02110,PROD-0031,2,43799.96,0.0,87599.92
ITEM-004424,ORD-02110,PROD-0008,2,112318.49,0.0,224636.98
ITEM-004425,ORD-02111,PROD-0067,1,12793.32,2558.66,10234.66
ITEM-004426,ORD-02112,PROD-0063,4,3661.31,4393.57,10251.67
ITEM-004427,ORD-02112,PROD-0077,2,18535.55,11121.33,25949.77
ITEM-004428,ORD-02112,PROD-0058,2,3021.89,1813.13,4230.65
ITEM-004429,ORD-02113,PROD-0035,1,32410.39,4861.56,27548.83
ITEM-004430,ORD-02113,PROD-0043,3,1299.09,584.59,3312.68
ITEM-004431,ORD-02113,PROD-0042,1,472.22,70.83,401.39
ITEM-004432,ORD-02114,PROD-0021,1,14237.71,1423.77,12813.94
ITEM-004433,ORD-02115,PROD-0025,4,13690.5,16428.6,38333.4
ITEM-004434,ORD-02115,PROD-0066,3,3066.74,2760.07,6440.15
ITEM-004435,ORD-02115,PROD-0018,2,13595.1,8157.06,19033.14
ITEM-004436,ORD-02115,PROD-0056,3,1266.18,1139.56,2658.98
ITEM-004437,ORD-02116,PROD-0044,1,1147.03,172.05,974.98
ITEM-004438,ORD-02117,PROD-0060,2,239.31,47.86,430.76
ITEM-004439,ORD-02118,PROD-0068,4,10709.38,4283.75,38553.77
ITEM-004440,ORD-02118,PROD-0011,2,8972.23,1794.45,16150.01
ITEM-004441,ORD-02118,PROD-0044,1,1147.03,114.7,1032.33
ITEM-004442,ORD-02119,PROD-0016,1,13284.93,0.0,13284.93
ITEM-004443,ORD-02119,PROD-0074,1,23577.52,0.0,23577.52
ITEM-004444,ORD-02119,PROD-0055,2,3269.86,0.0,6539.72
ITEM-004445,ORD-02119,PROD-0080,1,47311.93,0.0,47311.93
ITEM-004446,ORD-02120,PROD-0044,1,1147.03,172.05,974.98
ITEM-004447,ORD-02121,PROD-0038,1,15629.94,2344.49,13285.45
ITEM-004448,ORD-02121,PROD-0066,2,3066.74,920.02,5213.46
ITEM-004449,ORD-02121,PROD-0071,4,3798.51,2279.11,12914.93
ITEM-004450,ORD-02122,PROD-0004,1,104516.44,0.0,104516.44
ITEM-004451,ORD-02122,PROD-0066,1,3066.74,0.0,3066.74
ITEM-004452,ORD-02122,PROD-0074,1,23577.52,0.0,23577.52
ITEM-004453,ORD-02123,PROD-0031,4,43799.96,35039.97,140159.87
ITEM-004454,ORD-02124,PROD-0053,2,1974.19,987.1,2961.28
ITEM-004455,ORD-02125,PROD-0046,2,1068.78,106.88,2030.68
ITEM-004456,ORD-02126,PROD-0027,2,35192.66,0.0,70385.32
ITEM-004457,ORD-02126,PROD-0048,1,1883.43,0.0,1883.43
ITEM-004458,ORD-02126,PROD-0043,1,1299.09,0.0,1299.09
ITEM-004459,ORD-02127,PROD-0018,1,13595.1,4078.53,9516.57
ITEM-004460,ORD-02127,PROD-0020,1,7859.34,2357.8,5501.54
ITEM-004461,ORD-02127,PROD-0058,1,3021.89,906.57,2115.32
ITEM-004462,ORD-02128,PROD-0064,2,2018.49,0.0,4036.98
ITEM-004463,ORD-02128,PROD-0035,1,32410.39,0.0,32410.39
ITEM-004464,ORD-02128,PROD-0048,1,1883.43,0.0,1883.43
ITEM-004465,ORD-02129,PROD-0017,1,14949.48,2242.42,12707.06
ITEM-004466,ORD-02129,PROD-0028,3,14434.11,6495.35,36806.98
ITEM-004467,ORD-02129,PROD-0066,2,3066.74,920.02,5213.46
ITEM-004468,ORD-02130,PROD-0032,1,27601.51,0.0,27601.51
ITEM-004469,ORD-02130,PROD-0062,1,4002.89,0.0,4002.89
ITEM-004470,ORD-02130,PROD-0077,1,18535.55,0.0,18535.55
ITEM-004471,ORD-02131,PROD-0043,5,1299.09,649.54,5845.91
ITEM-004472,ORD-02131,PROD-0047,2,1537.69,307.54,2767.84
ITEM-004473,ORD-02131,PROD-0077,1,18535.55,1853.56,16681.99
ITEM-004474,ORD-02132,PROD-0054,4,4451.78,1780.71,16026.41
ITEM-004475,ORD-02132,PROD-0060,4,239.31,95.72,861.52
ITEM-004476,ORD-02133,PROD-0014,1,1370.35,205.55,1164.8
ITEM-004477,ORD-02133,PROD-0056,2,1266.18,379.85,2152.51
ITEM-004478,ORD-02133,PROD-0055,1,3269.86,490.48,2779.38
ITEM-004479,ORD-02134,PROD-0063,1,3661.31,366.13,3295.18
ITEM-004480,ORD-02134,PROD-0016,1,13284.93,1328.49,11956.44
ITEM-004481,ORD-02135,PROD-0004,4,104516.44,41806.58,376259.18
ITEM-004482,ORD-02136,PROD-0056,2,1266.18,0.0,2532.36
ITEM-004483,ORD-02136,PROD-0058,3,3021.89,0.0,9065.67
ITEM-004484,ORD-02136,PROD-0034,1,10118.15,0.0,10118.15
ITEM-004485,ORD-02137,PROD-0020,4,7859.34,7859.34,23578.02
ITEM-004486,ORD-02138,PROD-0063,1,3661.31,183.07,3478.24
ITEM-004487,ORD-02138,PROD-0019,1,13763.21,688.16,13075.05
ITEM-004488,ORD-02138,PROD-0062,1,4002.89,200.14,3802.75
ITEM-004489,ORD-02138,PROD-0051,1,1302.78,65.14,1237.64
ITEM-004490,ORD-02138,PROD-0047,1,1537.69,76.88,1460.81
ITEM-004491,ORD-02139,PROD-0036,1,29238.48,5847.7,23390.78
ITEM-004492,ORD-02139,PROD-0014,4,1370.35,1096.28,4385.12
ITEM-004493,ORD-02140,PROD-0008,5,112318.49,140398.11,421194.34
ITEM-004494,ORD-02140,PROD-0044,1,1147.03,286.76,860.27
ITEM-004495,ORD-02140,PROD-0037,1,31165.03,7791.26,23373.77
ITEM-004496,ORD-02141,PROD-0046,2,1068.78,427.51,1710.05
ITEM-004497,ORD-02142,PROD-0047,4,1537.69,0.0,6150.76
ITEM-004498,ORD-02143,PROD-0016,5,13284.93,3321.23,63103.42
ITEM-004499,ORD-02143,PROD-0055,2,3269.86,326.99,6212.73
ITEM-004500,ORD-02143,PROD-0072,1,3464.52,173.23,3291.29
ITEM-004501,ORD-02144,PROD-0062,1,4002.89,400.29,3602.6
ITEM-004502,ORD-02144,PROD-0054,3,4451.78,1335.53,12019.81
ITEM-004503,ORD-02144,PROD-0066,2,3066.74,613.35,5520.13
ITEM-004504,ORD-02145,PROD-0039,1,738.18,110.73,627.45
ITEM-004505,ORD-02145,PROD-0075,1,17455.24,2618.29,14836.95
ITEM-004506,ORD-02145,PROD-0012,2,51591.73,15477.52,87705.94
ITEM-004507,ORD-02146,PROD-0011,1,8972.23,2243.06,6729.17
ITEM-004508,ORD-02147,PROD-0043,2,1299.09,779.45,1818.73
ITEM-004509,ORD-02148,PROD-0021,2,14237.71,2847.54,25627.88
ITEM-004510,ORD-02148,PROD-0012,2,51591.73,10318.35,92865.11
ITEM-004511,ORD-02149,PROD-0029,2,26905.65,10762.26,43049.04
ITEM-004512,ORD-02149,PROD-0051,4,1302.78,1042.22,4168.9
ITEM-004513,ORD-02150,PROD-0079,2,2367.89,0.0,4735.78
ITEM-004514,ORD-02150,PROD-0032,1,27601.51,0.0,27601.51
ITEM-004515,ORD-02150,PROD-0009,2,113999.83,0.0,227999.66
ITEM-004516,ORD-02151,PROD-0067,5,12793.32,12793.32,51173.28
ITEM-004517,ORD-02151,PROD-0065,1,3085.73,617.15,2468.58
ITEM-004518,ORD-02151,PROD-0070,1,26338.96,5267.79,21071.17
ITEM-004519,ORD-02151,PROD-0045,3,523.28,313.97,1255.87
ITEM-004520,ORD-02151,PROD-0004,1,104516.44,20903.29,83613.15
ITEM-004521,ORD-02152,PROD-0014,1,1370.35,205.55,1164.8
ITEM-004522,ORD-02153,PROD-0006,1,78104.58,0.0,78104.58
ITEM-004523,ORD-02154,PROD-0005,2,93567.0,18713.4,168420.6
ITEM-004524,ORD-02155,PROD-0031,2,43799.96,26279.98,61319.94
ITEM-004525,ORD-02156,PROD-0056,1,1266.18,126.62,1139.56
ITEM-004526,ORD-02156,PROD-0032,4,27601.51,11040.6,99365.44
ITEM-004527,ORD-02156,PROD-0064,2,2018.49,403.7,3633.28
ITEM-004528,ORD-02156,PROD-0076,4,23557.35,9422.94,84806.46
ITEM-004529,ORD-02157,PROD-0058,1,3021.89,302.19,2719.7
ITEM-004530,ORD-02157,PROD-0067,2,12793.32,2558.66,23027.98
ITEM-004531,ORD-02158,PROD-0072,1,3464.52,519.68,2944.84
ITEM-004532,ORD-02158,PROD-0069,5,4275.33,3206.5,18170.15
ITEM-004533,ORD-02158,PROD-0079,1,2367.89,355.18,2012.71
ITEM-004534,ORD-02158,PROD-0028,1,14434.11,2165.12,12268.99
ITEM-004535,ORD-02158,PROD-0068,3,10709.38,4819.22,27308.92
ITEM-004536,ORD-02159,PROD-0056,2,1266.18,759.71,1772.65
ITEM-004537,ORD-02159,PROD-0052,1,814.65,244.4,570.25
ITEM-004538,ORD-02159,PROD-0032,3,27601.51,24841.36,57963.17
ITEM-004539,ORD-02160,PROD-0002,2,121819.8,24363.96,219275.64
ITEM-004540,ORD-02161,PROD-0012,1,51591.73,10318.35,41273.38
ITEM-004541,ORD-02162,PROD-0052,1,814.65,40.73,773.92
ITEM-004542,ORD-02163,PROD-0020,1,7859.34,1964.84,5894.5
ITEM-004543,ORD-02163,PROD-0053,3,1974.19,1480.64,4441.93
ITEM-004544,ORD-02164,PROD-0072,1,3464.52,0.0,3464.52
ITEM-004545,ORD-02165,PROD-0022,2,10152.93,0.0,20305.86
ITEM-004546,ORD-02165,PROD-0064,1,2018.49,0.0,2018.49
ITEM-004547,ORD-02166,PROD-0077,3,18535.55,0.0,55606.65
ITEM-004548,ORD-02167,PROD-0012,2,51591.73,10318.35,92865.11
ITEM-004549,ORD-02168,PROD-0057,1,3014.34,904.3,2110.04
ITEM-004550,ORD-02168,PROD-0039,2,738.18,442.91,1033.45
ITEM-004551,ORD-02169,PROD-0068,1,10709.38,0.0,10709.38
ITEM-004552,ORD-02170,PROD-0033,1,45327.59,0.0,45327.59
ITEM-004553,ORD-02171,PROD-0073,2,11158.63,0.0,22317.26
ITEM-004554,ORD-02171,PROD-0079,1,2367.89,0.0,2367.89
ITEM-004555,ORD-02172,PROD-0043,1,1299.09,324.77,974.32
ITEM-004556,ORD-02172,PROD-0056,1,1266.18,316.55,949.63
ITEM-004557,ORD-02172,PROD-0052,2,814.65,407.32,1221.98
ITEM-004558,ORD-02173,PROD-0020,2,7859.34,0.0,15718.68
ITEM-004559,ORD-02174,PROD-0075,4,17455.24,13964.19,55856.77
ITEM-004560,ORD-02174,PROD-0002,3,121819.8,73091.88,292367.52
ITEM-004561,ORD-02174,PROD-0072,1,3464.52,692.9,2771.62
ITEM-004562,ORD-02175,PROD-0050,2,1843.01,368.6,3317.42
ITEM-004563,ORD-02175,PROD-0054,2,4451.78,890.36,8013.2
ITEM-004564,ORD-02175,PROD-0067,3,12793.32,3838.0,34541.96
ITEM-004565,ORD-02175,PROD-0009,2,113999.83,22799.97,205199.69
ITEM-004566,ORD-02175,PROD-0016,3,13284.93,3985.48,35869.31
ITEM-004567,ORD-02176,PROD-0018,1,13595.1,3398.78,10196.32
ITEM-004568,ORD-02177,PROD-0018,4,13595.1,13595.1,40785.3
ITEM-004569,ORD-02177,PROD-0024,1,855.93,213.98,641.95
ITEM-004570,ORD-02178,PROD-0063,2,3661.31,0.0,7322.62
ITEM-004571,ORD-02179,PROD-0007,1,64234.24,6423.42,57810.82
ITEM-004572,ORD-02179,PROD-0050,1,1843.01,184.3,1658.71
ITEM-004573,ORD-02179,PROD-0009,4,113999.83,45599.93,410399.39
ITEM-004574,ORD-02180,PROD-0067,2,12793.32,3838.0,21748.64
ITEM-004575,ORD-02180,PROD-0042,1,472.22,70.83,401.39
ITEM-004576,ORD-02180,PROD-0064,1,2018.49,302.77,1715.72
ITEM-004577,ORD-02181,PROD-0075,1,17455.24,4363.81,13091.43
ITEM-004578,ORD-02182,PROD-0042,2,472.22,0.0,944.44
ITEM-004579,ORD-02182,PROD-0058,2,3021.89,0.0,6043.78
ITEM-004580,ORD-02182,PROD-0052,3,814.65,0.0,2443.95
ITEM-004581,ORD-02183,PROD-0059,2,955.76,191.15,1720.37
ITEM-004582,ORD-02184,PROD-0001,4,85654.19,51392.51,291224.25
ITEM-004583,ORD-02184,PROD-0007,1,64234.24,9635.14,54599.1
ITEM-004584,ORD-02185,PROD-0017,2,14949.48,2989.9,26909.06
ITEM-004585,ORD-02185,PROD-0051,1,1302.78,130.28,1172.5
ITEM-004586,ORD-02185,PROD-0062,1,4002.89,400.29,3602.6
ITEM-004587,ORD-02186,PROD-0028,4,14434.11,0.0,57736.44
ITEM-004588,ORD-02186,PROD-0054,1,4451.78,0.0,4451.78
ITEM-004589,ORD-02187,PROD-0053,1,1974.19,0.0,1974.19
ITEM-004590,ORD-02188,PROD-0046,1,1068.78,267.19,801.59
ITEM-004591,ORD-02188,PROD-0025,1,13690.5,3422.62,10267.88
ITEM-004592,ORD-02188,PROD-0033,5,45327.59,56659.49,169978.46
ITEM-004593,ORD-02188,PROD-0023,2,9803.45,4901.73,14705.17
ITEM-004594,ORD-02188,PROD-0006,1,78104.58,19526.15,58578.43
ITEM-004595,ORD-02189,PROD-0013,1,116727.16,29181.79,87545.37
ITEM-004596,ORD-02189,PROD-0048,1,1883.43,470.86,1412.57
ITEM-004597,ORD-02190,PROD-0074,1,23577.52,2357.75,21219.77
ITEM-004598,ORD-02191,PROD-0045,2,523.28,313.97,732.59
ITEM-004599,ORD-02191,PROD-0003,1,32384.66,9715.4,22669.26
ITEM-004600,ORD-02191,PROD-0044,1,1147.03,344.11,802.92
ITEM-004601,ORD-02191,PROD-0053,3,1974.19,1776.77,4145.8
ITEM-004602,ORD-02191,PROD-0048,1,1883.43,565.03,1318.4
ITEM-004603,ORD-02192,PROD-0034,4,10118.15,12141.78,28330.82
ITEM-004604,ORD-02192,PROD-0025,3,13690.5,12321.45,28750.05
ITEM-004605,ORD-02193,PROD-0065,1,3085.73,462.86,2622.87
ITEM-004606,ORD-02193,PROD-0061,5,3090.65,2317.99,13135.26
ITEM-004607,ORD-02193,PROD-0055,1,3269.86,490.48,2779.38
ITEM-004608,ORD-02194,PROD-0076,3,23557.35,7067.2,63604.85
ITEM-004609,ORD-02194,PROD-0007,1,64234.24,6423.42,57810.82
ITEM-004610,ORD-02195,PROD-0013,1,116727.16,17509.07,99218.09
ITEM-004611,ORD-02196,PROD-0065,2,3085.73,617.15,5554.31
ITEM-004612,ORD-02197,PROD-0063,1,3661.31,366.13,3295.18
ITEM-004613,ORD-02198,PROD-0017,2,14949.48,8969.69,20929.27
ITEM-004614,ORD-02199,PROD-0045,4,523.28,523.28,1569.84
ITEM-004615,ORD-02199,PROD-0059,2,955.76,477.88,1433.64
ITEM-004616,ORD-02200,PROD-0038,1,15629.94,2344.49,13285.45
ITEM-004617,ORD-02200,PROD-0075,2,17455.24,5236.57,29673.91
ITEM-004618,ORD-02200,PROD-0053,1,1974.19,296.13,1678.06
ITEM-004619,ORD-02201,PROD-0003,2,32384.66,6476.93,58292.39
ITEM-004620,ORD-02202,PROD-0080,1,47311.93,14193.58,33118.35
ITEM-004621,ORD-02203,PROD-0038,1,15629.94,3907.49,11722.45
ITEM-004622,ORD-02203,PROD-0028,4,14434.11,14434.11,43302.33
ITEM-004623,ORD-02203,PROD-0041,1,1147.18,286.8,860.38
ITEM-004624,ORD-02203,PROD-0065,1,3085.73,771.43,2314.3
ITEM-004625,ORD-02203,PROD-0025,2,13690.5,6845.25,20535.75
ITEM-004626,ORD-02204,PROD-0047,1,1537.69,461.31,1076.38
ITEM-004627,ORD-02204,PROD-0016,1,13284.93,3985.48,9299.45
ITEM-004628,ORD-02204,PROD-0029,2,26905.65,16143.39,37667.91
ITEM-004629,ORD-02205,PROD-0018,1,13595.1,0.0,13595.1
ITEM-004630,ORD-02206,PROD-0059,1,955.76,0.0,955.76
ITEM-004631,ORD-02206,PROD-0037,4,31165.03,0.0,124660.12
ITEM-004632,ORD-02207,PROD-0015,1,11857.0,2371.4,9485.6
ITEM-004633,ORD-02207,PROD-0037,3,31165.03,18699.02,74796.07
ITEM-004634,ORD-02207,PROD-0058,1,3021.89,604.38,2417.51
ITEM-004635,ORD-02208,PROD-0079,1,2367.89,0.0,2367.89
ITEM-004636,ORD-02209,PROD-0012,1,51591.73,15477.52,36114.21
ITEM-004637,ORD-02210,PROD-0045,3,523.28,78.49,1491.35
ITEM-004638,ORD-02210,PROD-0051,1,1302.78,65.14,1237.64
ITEM-004639,ORD-02211,PROD-0012,4,51591.73,20636.69,185730.23
ITEM-004640,ORD-02212,PROD-0044,1,1147.03,0.0,1147.03
ITEM-004641,ORD-02212,PROD-0066,1,3066.74,0.0,3066.74
ITEM-004642,ORD-02212,PROD-0003,1,32384.66,0.0,32384.66
ITEM-004643,ORD-02212,PROD-0054,1,4451.78,0.0,4451.78
ITEM-004644,ORD-02212,PROD-0019,4,13763.21,0.0,55052.84
ITEM-004645,ORD-02213,PROD-0031,1,43799.96,4380.0,39419.96
ITEM-004646,ORD-02213,PROD-0052,2,814.65,162.93,1466.37
ITEM-004647,ORD-02213,PROD-0061,1,3090.65,309.06,2781.59
ITEM-004648,ORD-02213,PROD-0008,1,112318.49,11231.85,101086.64
ITEM-004649,ORD-02214,PROD-0056,2,1266.18,253.24,2279.12
ITEM-004650,ORD-02214,PROD-0071,1,3798.51,379.85,3418.66
ITEM-004651,ORD-02214,PROD-0063,5,3661.31,1830.65,16475.9
ITEM-004652,ORD-02214,PROD-0006,3,78104.58,23431.37,210882.37
ITEM-004653,ORD-02214,PROD-0055,5,3269.86,1634.93,14714.37
ITEM-004654,ORD-02215,PROD-0067,1,12793.32,1919.0,10874.32
ITEM-004655,ORD-02216,PROD-0077,1,18535.55,0.0,18535.55
ITEM-004656,ORD-02217,PROD-0031,1,43799.96,8759.99,35039.97
ITEM-004657,ORD-02218,PROD-0074,2,23577.52,2357.75,44797.29
ITEM-004658,ORD-02218,PROD-0030,1,7630.74,381.54,7249.2
ITEM-004659,ORD-02218,PROD-0003,2,32384.66,3238.47,61530.85
ITEM-004660,ORD-02219,PROD-0041,1,1147.18,114.72,1032.46
ITEM-004661,ORD-02219,PROD-0011,3,8972.23,2691.67,24225.02
ITEM-004662,ORD-02219,PROD-0054,4,4451.78,1780.71,16026.41
ITEM-004663,ORD-02220,PROD-0025,3,13690.5,6160.73,34910.77
ITEM-004664,ORD-02220,PROD-0019,2,13763.21,4128.96,23397.46
ITEM-004665,ORD-02221,PROD-0019,1,13763.21,1376.32,12386.89
ITEM-004666,ORD-02222,PROD-0034,1,10118.15,1517.72,8600.43
ITEM-004667,ORD-02223,PROD-0043,2,1299.09,519.64,2078.54
ITEM-004668,ORD-02223,PROD-0015,1,11857.0,2371.4,9485.6
ITEM-004669,ORD-02224,PROD-0009,3,113999.83,34199.95,307799.54
ITEM-004670,ORD-02225,PROD-0009,2,113999.83,0.0,227999.66
ITEM-004671,ORD-02225,PROD-0042,2,472.22,0.0,944.44
ITEM-004672,ORD-02226,PROD-0041,1,1147.18,286.8,860.38
ITEM-004673,ORD-02227,PROD-0025,1,13690.5,0.0,13690.5
ITEM-004674,ORD-02227,PROD-0037,1,31165.03,0.0,31165.03
ITEM-004675,ORD-02228,PROD-0054,1,4451.78,0.0,4451.78
ITEM-004676,ORD-02229,PROD-0041,1,1147.18,0.0,1147.18
ITEM-004677,ORD-02230,PROD-0039,2,738.18,221.45,1254.91
ITEM-004678,ORD-02230,PROD-0025,1,13690.5,2053.57,11636.93
ITEM-004679,ORD-02230,PROD-0060,2,239.31,71.79,406.83
ITEM-004680,ORD-02231,PROD-0037,1,31165.03,7791.26,23373.77
ITEM-004681,ORD-02231,PROD-0016,5,13284.93,16606.16,49818.49
ITEM-004682,ORD-02232,PROD-0058,1,3021.89,906.57,2115.32
ITEM-004683,ORD-02233,PROD-0013,1,116727.16,0.0,116727.16
ITEM-004684,ORD-02233,PROD-0060,5,239.31,0.0,1196.55
ITEM-004685,ORD-02234,PROD-0008,1,112318.49,28079.62,84238.87
ITEM-004686,ORD-02235,PROD-0080,1,47311.93,4731.19,42580.74
ITEM-004687,ORD-02236,PROD-0029,1,26905.65,2690.57,24215.08
ITEM-004688,ORD-02236,PROD-0028,2,14434.11,2886.82,25981.4
ITEM-004689,ORD-02236,PROD-0073,3,11158.63,3347.59,30128.3
ITEM-004690,ORD-02236,PROD-0061,1,3090.65,309.06,2781.59
ITEM-004691,ORD-02237,PROD-0059,2,955.76,0.0,1911.52
ITEM-004692,ORD-02237,PROD-0049,1,543.64,0.0,543.64
ITEM-004693,ORD-02238,PROD-0013,1,116727.16,0.0,116727.16
ITEM-004694,ORD-02239,PROD-0073,3,11158.63,6695.18,26780.71
ITEM-004695,ORD-02239,PROD-0031,1,43799.96,8759.99,35039.97
ITEM-004696,ORD-02239,PROD-0004,1,104516.44,20903.29,83613.15
ITEM-004697,ORD-02240,PROD-0047,4,1537.69,615.08,5535.68
ITEM-004698,ORD-02241,PROD-0049,3,543.64,0.0,1630.92
ITEM-004699,ORD-02241,PROD-0078,1,14307.56,0.0,14307.56
ITEM-004700,ORD-02242,PROD-0010,1,29080.61,5816.12,23264.49
ITEM-004701,ORD-02242,PROD-0063,4,3661.31,2929.05,11716.19
ITEM-004702,ORD-02242,PROD-0076,1,23557.35,4711.47,18845.88
ITEM-004703,ORD-02243,PROD-0067,2,12793.32,7675.99,17910.65
ITEM-004704,ORD-02243,PROD-0078,1,14307.56,4292.27,10015.29
ITEM-004705,ORD-02244,PROD-0050,1,1843.01,184.3,1658.71
ITEM-004706,ORD-02245,PROD-0038,5,15629.94,19537.42,58612.28
ITEM-004707,ORD-02245,PROD-0046,1,1068.78,267.19,801.59
ITEM-004708,ORD-02245,PROD-0020,1,7859.34,1964.84,5894.5
ITEM-004709,ORD-02246,PROD-0060,3,239.31,71.79,646.14
ITEM-004710,ORD-02246,PROD-0003,5,32384.66,16192.33,145730.97
ITEM-004711,ORD-02246,PROD-0064,3,2018.49,605.55,5449.92
ITEM-004712,ORD-02247,PROD-0034,1,10118.15,1517.72,8600.43
ITEM-004713,ORD-02248,PROD-0061,1,3090.65,0.0,3090.65
ITEM-004714,ORD-02248,PROD-0069,4,4275.33,0.0,17101.32
ITEM-004715,ORD-02248,PROD-0042,1,472.22,0.0,472.22
ITEM-004716,ORD-02248,PROD-0055,1,3269.86,0.0,3269.86
ITEM-004717,ORD-02249,PROD-0021,1,14237.71,1423.77,12813.94
ITEM-004718,ORD-02249,PROD-0053,1,1974.19,197.42,1776.77
ITEM-004719,ORD-02250,PROD-0050,1,1843.01,552.9,1290.11
ITEM-004720,ORD-02250,PROD-0009,3,113999.83,102599.85,239399.64
ITEM-004721,ORD-02250,PROD-0016,1,13284.93,3985.48,9299.45
ITEM-004722,ORD-02250,PROD-0072,1,3464.52,1039.36,2425.16
ITEM-004723,ORD-02251,PROD-0029,2,26905.65,16143.39,37667.91
ITEM-004724,ORD-02251,PROD-0056,3,1266.18,1139.56,2658.98
ITEM-004725,ORD-02251,PROD-0001,1,85654.19,25696.26,59957.93
ITEM-004726,ORD-02251,PROD-0076,2,23557.35,14134.41,32980.29
ITEM-004727,ORD-02251,PROD-0009,2,113999.83,68399.9,159599.76
ITEM-004728,ORD-02252,PROD-0026,5,6024.68,9037.02,21086.38
ITEM-004729,ORD-02253,PROD-0052,2,814.65,162.93,1466.37
ITEM-004730,ORD-02253,PROD-0022,1,10152.93,1015.29,9137.64
ITEM-004731,ORD-02254,PROD-0068,3,10709.38,0.0,32128.14
ITEM-004732,ORD-02254,PROD-0060,3,239.31,0.0,717.93
ITEM-004733,ORD-02254,PROD-0063,1,3661.31,0.0,3661.31
ITEM-004734,ORD-02255,PROD-0060,2,239.31,71.79,406.83
ITEM-004735,ORD-02255,PROD-0018,2,13595.1,4078.53,23111.67
ITEM-004736,ORD-02256,PROD-0013,1,116727.16,0.0,116727.16
ITEM-004737,ORD-02256,PROD-0014,2,1370.35,0.0,2740.7
ITEM-004738,ORD-02256,PROD-0073,2,11158.63,0.0,22317.26
ITEM-004739,ORD-02256,PROD-0043,4,1299.09,0.0,5196.36
ITEM-004740,ORD-02257,PROD-0004,5,104516.44,26129.11,496453.09
ITEM-004741,ORD-02258,PROD-0041,1,1147.18,0.0,1147.18
ITEM-004742,ORD-02258,PROD-0077,2,18535.55,0.0,37071.1
ITEM-004743,ORD-02259,PROD-0015,3,11857.0,8892.75,26678.25
ITEM-004744,ORD-02259,PROD-0076,1,23557.35,5889.34,17668.01
ITEM-004745,ORD-02260,PROD-0016,5,13284.93,0.0,66424.65
ITEM-004746,ORD-02261,PROD-0031,3,43799.96,0.0,131399.88
ITEM-004747,ORD-02262,PROD-0073,2,11158.63,3347.59,18969.67
ITEM-004748,ORD-02262,PROD-0059,3,955.76,430.09,2437.19
ITEM-004749,ORD-02262,PROD-0037,2,31165.03,9349.51,52980.55
ITEM-004750,ORD-02263,PROD-0007,1,64234.24,0.0,64234.24
ITEM-004751,ORD-02264,PROD-0060,2,239.31,47.86,430.76
ITEM-004752,ORD-02265,PROD-0068,1,10709.38,2677.34,8032.04
ITEM-004753,ORD-02265,PROD-0054,1,4451.78,1112.94,3338.84
ITEM-004754,ORD-02265,PROD-0061,1,3090.65,772.66,2317.99
ITEM-004755,ORD-02265,PROD-0025,1,13690.5,3422.62,10267.88
ITEM-004756,ORD-02266,PROD-0034,4,10118.15,12141.78,28330.82
ITEM-004757,ORD-02266,PROD-0066,1,3066.74,920.02,2146.72
ITEM-004758,ORD-02266,PROD-0058,1,3021.89,906.57,2115.32
ITEM-004759,ORD-02267,PROD-0079,4,2367.89,1420.73,8050.83
ITEM-004760,ORD-02268,PROD-0043,1,1299.09,389.73,909.36
ITEM-004761,ORD-02268,PROD-0071,2,3798.51,2279.11,5317.91
ITEM-004762,ORD-02269,PROD-0078,2,14307.56,0.0,28615.12
ITEM-004763,ORD-02270,PROD-0016,1,13284.93,0.0,13284.93
ITEM-004764,ORD-02270,PROD-0023,3,9803.45,0.0,29410.35
ITEM-004765,ORD-02271,PROD-0079,2,2367.89,0.0,4735.78
ITEM-004766,ORD-02271,PROD-0026,4,6024.68,0.0,24098.72
ITEM-004767,ORD-02271,PROD-0008,1,112318.49,0.0,112318.49
ITEM-004768,ORD-02272,PROD-0020,3,7859.34,3536.7,20041.32
ITEM-004769,ORD-02272,PROD-0049,1,543.64,81.55,462.09
ITEM-004770,ORD-02273,PROD-0054,5,4451.78,2225.89,20033.01
ITEM-004771,ORD-02274,PROD-0027,1,35192.66,0.0,35192.66
ITEM-004772,ORD-02274,PROD-0048,1,1883.43,0.0,1883.43
ITEM-004773,ORD-02275,PROD-0032,1,27601.51,8280.45,19321.06
ITEM-004774,ORD-02275,PROD-0072,1,3464.52,1039.36,2425.16
ITEM-004775,ORD-02276,PROD-0051,2,1302.78,130.28,2475.28
ITEM-004776,ORD-02277,PROD-0062,1,4002.89,1200.87,2802.02
ITEM-004777,ORD-02277,PROD-0048,1,1883.43,565.03,1318.4
ITEM-004778,ORD-02278,PROD-0055,2,3269.86,0.0,6539.72
ITEM-004779,ORD-02279,PROD-0077,2,18535.55,7414.22,29656.88
ITEM-004780,ORD-02280,PROD-0063,2,3661.31,0.0,7322.62
ITEM-004781,ORD-02280,PROD-0033,1,45327.59,0.0,45327.59
ITEM-004782,ORD-02280,PROD-0062,2,4002.89,0.0,8005.78
ITEM-004783,ORD-02281,PROD-0076,1,23557.35,0.0,23557.35
ITEM-004784,ORD-02281,PROD-0026,1,6024.68,0.0,6024.68
ITEM-004785,ORD-02282,PROD-0074,3,23577.52,0.0,70732.56
ITEM-004786,ORD-02282,PROD-0022,1,10152.93,0.0,10152.93
ITEM-004787,ORD-02283,PROD-0057,2,3014.34,0.0,6028.68
ITEM-004788,ORD-02284,PROD-0043,3,1299.09,0.0,3897.27
ITEM-004789,ORD-02284,PROD-0002,2,121819.8,0.0,243639.6
ITEM-004790,ORD-02285,PROD-0057,1,3014.34,602.87,2411.47
ITEM-004791,ORD-02286,PROD-0008,5,112318.49,112318.49,449273.96
ITEM-004792,ORD-02286,PROD-0041,2,1147.18,458.87,1835.49
ITEM-004793,ORD-02286,PROD-0042,1,472.22,94.44,377.78
ITEM-004794,ORD-02287,PROD-0073,1,11158.63,2789.66,8368.97
ITEM-004795,ORD-02287,PROD-0011,1,8972.23,2243.06,6729.17
ITEM-004796,ORD-02288,PROD-0039,1,738.18,0.0,738.18
ITEM-004797,ORD-02288,PROD-0028,2,14434.11,0.0,28868.22
ITEM-004798,ORD-02288,PROD-0041,2,1147.18,0.0,2294.36
ITEM-004799,ORD-02288,PROD-0027,1,35192.66,0.0,35192.66
ITEM-004800,ORD-02289,PROD-0046,1,1068.78,106.88,961.9
ITEM-004801,ORD-02290,PROD-0059,1,955.76,0.0,955.76
ITEM-004802,ORD-02290,PROD-0021,1,14237.71,0.0,14237.71
ITEM-004803,ORD-02291,PROD-0025,1,13690.5,0.0,13690.5
ITEM-004804,ORD-02292,PROD-0048,5,1883.43,0.0,9417.15
ITEM-004805,ORD-02292,PROD-0058,1,3021.89,0.0,3021.89
ITEM-004806,ORD-02292,PROD-0046,2,1068.78,0.0,2137.56
ITEM-004807,ORD-02293,PROD-0074,1,23577.52,2357.75,21219.77
ITEM-004808,ORD-02294,PROD-0059,3,955.76,0.0,2867.28
ITEM-004809,ORD-02294,PROD-0001,2,85654.19,0.0,171308.38
ITEM-004810,ORD-02295,PROD-0052,2,814.65,162.93,1466.37
ITEM-004811,ORD-02296,PROD-0075,2,17455.24,6982.1,27928.38
ITEM-004812,ORD-02297,PROD-0014,1,1370.35,0.0,1370.35
ITEM-004813,ORD-02298,PROD-0003,3,32384.66,9715.4,87438.58
ITEM-004814,ORD-02298,PROD-0039,3,738.18,221.45,1993.09
ITEM-004815,ORD-02298,PROD-0019,2,13763.21,2752.64,24773.78
ITEM-004816,ORD-02299,PROD-0025,1,13690.5,0.0,13690.5
ITEM-004817,ORD-02300,PROD-0020,1,7859.34,0.0,7859.34
ITEM-004818,ORD-02300,PROD-0015,2,11857.0,0.0,23714.0
ITEM-004819,ORD-02300,PROD-0001,1,85654.19,0.0,85654.19
ITEM-004820,ORD-02301,PROD-0079,2,2367.89,473.58,4262.2
ITEM-004821,ORD-02301,PROD-0054,4,4451.78,1780.71,16026.41
ITEM-004822,ORD-02302,PROD-0028,3,14434.11,0.0,43302.33
ITEM-004823,ORD-02302,PROD-0020,3,7859.34,0.0,23578.02
ITEM-004824,ORD-02303,PROD-0048,5,1883.43,470.86,8946.29
ITEM-004825,ORD-02303,PROD-0058,1,3021.89,151.09,2870.8
ITEM-004826,ORD-02304,PROD-0065,1,3085.73,0.0,3085.73
ITEM-004827,ORD-02304,PROD-0010,1,29080.61,0.0,29080.61
ITEM-004828,ORD-02305,PROD-0025,1,13690.5,0.0,13690.5
ITEM-004829,ORD-02305,PROD-0039,1,738.18,0.0,738.18
ITEM-004830,ORD-02306,PROD-0053,3,1974.19,592.26,5330.31
ITEM-004831,ORD-02306,PROD-0037,3,31165.03,9349.51,84145.58
ITEM-004832,ORD-02307,PROD-0024,1,855.93,256.78,599.15
ITEM-004833,ORD-02308,PROD-0042,1,472.22,0.0,472.22
ITEM-004834,ORD-02308,PROD-0037,1,31165.03,0.0,31165.03
ITEM-004835,ORD-02308,PROD-0054,1,4451.78,0.0,4451.78
ITEM-004836,ORD-02308,PROD-0021,1,14237.71,0.0,14237.71
ITEM-004837,ORD-02309,PROD-0050,1,1843.01,0.0,1843.01
ITEM-004838,ORD-02309,PROD-0080,1,47311.93,0.0,47311.93
ITEM-004839,ORD-02309,PROD-0022,1,10152.93,0.0,10152.93
ITEM-004840,ORD-02310,PROD-0011,1,8972.23,2243.06,6729.17
ITEM-004841,ORD-02310,PROD-0057,1,3014.34,753.59,2260.75
ITEM-004842,ORD-02311,PROD-0050,4,1843.01,0.0,7372.04
ITEM-004843,ORD-02312,PROD-0080,2,47311.93,0.0,94623.86
ITEM-004844,ORD-02312,PROD-0044,2,1147.03,0.0,2294.06
ITEM-004845,ORD-02312,PROD-0034,1,10118.15,0.0,10118.15
ITEM-004846,ORD-02312,PROD-0061,1,3090.65,0.0,3090.65
ITEM-004847,ORD-02313,PROD-0074,1,23577.52,2357.75,21219.77
ITEM-004848,ORD-02313,PROD-0068,2,10709.38,2141.88,19276.88
ITEM-004849,ORD-02313,PROD-0010,3,29080.61,8724.18,78517.65
ITEM-004850,ORD-02314,PROD-0025,1,13690.5,3422.62,10267.88
ITEM-004851,ORD-02315,PROD-0011,2,8972.23,2691.67,15252.79
ITEM-004852,ORD-02316,PROD-0022,1,10152.93,1015.29,9137.64
ITEM-004853,ORD-02317,PROD-0063,1,3661.31,183.07,3478.24
ITEM-004854,ORD-02317,PROD-0044,1,1147.03,57.35,1089.68
ITEM-004855,ORD-02318,PROD-0078,1,14307.56,0.0,14307.56
ITEM-004856,ORD-02319,PROD-0011,2,8972.23,3588.89,14355.57
ITEM-004857,ORD-02320,PROD-0043,2,1299.09,779.45,1818.73
ITEM-004858,ORD-02320,PROD-0035,1,32410.39,9723.12,22687.27
ITEM-004859,ORD-02320,PROD-0016,1,13284.93,3985.48,9299.45
ITEM-004860,ORD-02320,PROD-0025,3,13690.5,12321.45,28750.05
ITEM-004861,ORD-02320,PROD-0028,1,14434.11,4330.23,10103.88
ITEM-004862,ORD-02321,PROD-0077,3,18535.55,2780.33,52826.32
ITEM-004863,ORD-02322,PROD-0056,2,1266.18,253.24,2279.12
ITEM-004864,ORD-02323,PROD-0071,1,3798.51,1139.55,2658.96
ITEM-004865,ORD-02323,PROD-0015,1,11857.0,3557.1,8299.9
ITEM-004866,ORD-02323,PROD-0057,1,3014.34,904.3,2110.04
ITEM-004867,ORD-02323,PROD-0079,1,2367.89,710.37,1657.52
ITEM-004868,ORD-02324,PROD-0043,1,1299.09,259.82,1039.27
ITEM-004869,ORD-02325,PROD-0076,1,23557.35,2355.74,21201.61
ITEM-004870,ORD-02325,PROD-0023,2,9803.45,1960.69,17646.21
ITEM-004871,ORD-02325,PROD-0022,1,10152.93,1015.29,9137.64
ITEM-004872,ORD-02326,PROD-0037,2,31165.03,0.0,62330.06
ITEM-004873,ORD-02326,PROD-0021,4,14237.71,0.0,56950.84
ITEM-004874,ORD-02327,PROD-0015,1,11857.0,1185.7,10671.3
ITEM-004875,ORD-02328,PROD-0011,1,8972.23,0.0,8972.23
ITEM-004876,ORD-02329,PROD-0047,4,1537.69,0.0,6150.76
ITEM-004877,ORD-02329,PROD-0051,2,1302.78,0.0,2605.56
ITEM-004878,ORD-02330,PROD-0037,1,31165.03,3116.5,28048.53
ITEM-004879,ORD-02330,PROD-0022,1,10152.93,1015.29,9137.64
ITEM-004880,ORD-02331,PROD-0021,1,14237.71,4271.31,9966.4
ITEM-004881,ORD-02331,PROD-0004,1,104516.44,31354.93,73161.51
ITEM-004882,ORD-02331,PROD-0014,1,1370.35,411.11,959.24
ITEM-004883,ORD-02331,PROD-0058,4,3021.89,3626.27,8461.29
ITEM-004884,ORD-02332,PROD-0040,2,354.18,141.67,566.69
ITEM-004885,ORD-02332,PROD-0056,2,1266.18,506.47,2025.89
ITEM-004886,ORD-02333,PROD-0051,2,1302.78,521.11,2084.45
ITEM-004887,ORD-02333,PROD-0052,2,814.65,325.86,1303.44
ITEM-004888,ORD-02333,PROD-0047,1,1537.69,307.54,1230.15
ITEM-004889,ORD-02333,PROD-0080,1,47311.93,9462.39,37849.54
ITEM-004890,ORD-02333,PROD-0039,3,738.18,442.91,1771.63
ITEM-004891,ORD-02334,PROD-0050,1,1843.01,92.15,1750.86
ITEM-004892,ORD-02335,PROD-0078,4,14307.56,5723.02,51507.22
ITEM-004893,ORD-02335,PROD-0014,1,1370.35,137.03,1233.32
ITEM-004894,ORD-02336,PROD-0074,1,23577.52,7073.26,16504.26
ITEM-004895,ORD-02337,PROD-0041,2,1147.18,114.72,2179.64
ITEM-004896,ORD-02337,PROD-0025,1,13690.5,684.52,13005.98
ITEM-004897,ORD-02337,PROD-0020,1,7859.34,392.97,7466.37
ITEM-004898,ORD-02337,PROD-0015,1,11857.0,592.85,11264.15
ITEM-004899,ORD-02338,PROD-0018,1,13595.1,1359.51,12235.59
ITEM-004900,ORD-02338,PROD-0028,1,14434.11,1443.41,12990.7
ITEM-004901,ORD-02339,PROD-0022,2,10152.93,5076.47,15229.39
ITEM-004902,ORD-02339,PROD-0031,4,43799.96,43799.96,131399.88
ITEM-004903,ORD-02339,PROD-0038,5,15629.94,19537.42,58612.28
ITEM-004904,ORD-02339,PROD-0024,2,855.93,427.96,1283.9
ITEM-004905,ORD-02340,PROD-0033,1,45327.59,0.0,45327.59
ITEM-004906,ORD-02341,PROD-0062,1,4002.89,800.58,3202.31
ITEM-004907,ORD-02341,PROD-0011,1,8972.23,1794.45,7177.78
ITEM-004908,ORD-02341,PROD-0032,1,27601.51,5520.3,22081.21
ITEM-004909,ORD-02341,PROD-0021,3,14237.71,8542.63,34170.5
ITEM-004910,ORD-02342,PROD-0033,2,45327.59,27196.55,63458.63
ITEM-004911,ORD-02342,PROD-0021,1,14237.71,4271.31,9966.4
ITEM-004912,ORD-02342,PROD-0031,1,43799.96,13139.99,30659.97
ITEM-004913,ORD-02343,PROD-0050,1,1843.01,368.6,1474.41
ITEM-004914,ORD-02343,PROD-0004,1,104516.44,20903.29,83613.15
ITEM-004915,ORD-02344,PROD-0026,2,6024.68,602.47,11446.89
ITEM-004916,ORD-02344,PROD-0076,4,23557.35,4711.47,89517.93
ITEM-004917,ORD-02344,PROD-0069,1,4275.33,213.77,4061.56
ITEM-004918,ORD-02344,PROD-0064,1,2018.49,100.92,1917.57
ITEM-004919,ORD-02345,PROD-0007,2,64234.24,38540.54,89927.94
ITEM-004920,ORD-02345,PROD-0070,4,26338.96,31606.75,73749.09
ITEM-004921,ORD-02346,PROD-0018,1,13595.1,0.0,13595.1
ITEM-004922,ORD-02346,PROD-0010,2,29080.61,0.0,58161.22
ITEM-004923,ORD-02347,PROD-0038,3,15629.94,4688.98,42200.84
ITEM-004924,ORD-02348,PROD-0031,3,43799.96,6569.99,124829.89
ITEM-004925,ORD-02349,PROD-0048,1,1883.43,188.34,1695.09
ITEM-004926,ORD-02349,PROD-0010,2,29080.61,5816.12,52345.1
ITEM-004927,ORD-02350,PROD-0077,1,18535.55,5560.66,12974.89
ITEM-004928,ORD-02350,PROD-0064,1,2018.49,605.55,1412.94
ITEM-004929,ORD-02350,PROD-0019,5,13763.21,20644.81,48171.24
ITEM-004930,ORD-02351,PROD-0024,1,855.93,0.0,855.93
ITEM-004931,ORD-02352,PROD-0009,1,113999.83,0.0,113999.83
ITEM-004932,ORD-02353,PROD-0069,2,4275.33,427.53,8123.13
ITEM-004933,ORD-02353,PROD-0076,1,23557.35,1177.87,22379.48
ITEM-004934,ORD-02353,PROD-0027,3,35192.66,5278.9,100299.08
ITEM-004935,ORD-02354,PROD-0030,1,7630.74,1526.15,6104.59
ITEM-004936,ORD-02354,PROD-0075,1,17455.24,3491.05,13964.19
ITEM-004937,ORD-02354,PROD-0071,2,3798.51,1519.4,6077.62
ITEM-004938,ORD-02355,PROD-0071,1,3798.51,379.85,3418.66
ITEM-004939,ORD-02356,PROD-0074,3,23577.52,0.0,70732.56
ITEM-004940,ORD-02356,PROD-0025,1,13690.5,0.0,13690.5
ITEM-004941,ORD-02356,PROD-0049,2,543.64,0.0,1087.28
ITEM-004942,ORD-02356,PROD-0022,2,10152.93,0.0,20305.86
ITEM-004943,ORD-02357,PROD-0006,1,78104.58,0.0,78104.58
ITEM-004944,ORD-02357,PROD-0036,3,29238.48,0.0,87715.44
ITEM-004945,ORD-02358,PROD-0059,3,955.76,0.0,2867.28
ITEM-004946,ORD-02359,PROD-0067,2,12793.32,0.0,25586.64
ITEM-004947,ORD-02360,PROD-0031,1,43799.96,8759.99,35039.97
ITEM-004948,ORD-02361,PROD-0055,2,3269.86,1634.93,4904.79
ITEM-004949,ORD-02362,PROD-0011,1,8972.23,2691.67,6280.56
ITEM-004950,ORD-02362,PROD-0025,1,13690.5,4107.15,9583.35
ITEM-004951,ORD-02363,PROD-0008,1,112318.49,22463.7,89854.79
ITEM-004952,ORD-02363,PROD-0045,1,523.28,104.66,418.62
ITEM-004953,ORD-02364,PROD-0001,1,85654.19,0.0,85654.19
ITEM-004954,ORD-02364,PROD-0064,2,2018.49,0.0,4036.98
ITEM-004955,ORD-02364,PROD-0062,4,4002.89,0.0,16011.56
ITEM-004956,ORD-02364,PROD-0048,4,1883.43,0.0,7533.72
ITEM-004957,ORD-02365,PROD-0074,2,23577.52,11788.76,35366.28
ITEM-004958,ORD-02365,PROD-0079,4,2367.89,2367.89,7103.67
ITEM-004959,ORD-02366,PROD-0045,1,523.28,0.0,523.28
ITEM-004960,ORD-02367,PROD-0054,3,4451.78,1335.53,12019.81
ITEM-004961,ORD-02367,PROD-0017,1,14949.48,1494.95,13454.53
ITEM-004962,ORD-02368,PROD-0042,2,472.22,141.67,802.77
ITEM-004963,ORD-02368,PROD-0075,3,17455.24,7854.86,44510.86
ITEM-004964,ORD-02368,PROD-0046,2,1068.78,320.63,1816.93
ITEM-004965,ORD-02368,PROD-0010,2,29080.61,8724.18,49437.04
ITEM-004966,ORD-02369,PROD-0022,1,10152.93,1015.29,9137.64
ITEM-004967,ORD-02370,PROD-0043,1,1299.09,324.77,974.32
ITEM-004968,ORD-02371,PROD-0025,2,13690.5,1369.05,26011.95
ITEM-004969,ORD-02372,PROD-0079,1,2367.89,0.0,2367.89
ITEM-004970,ORD-02372,PROD-0009,2,113999.83,0.0,227999.66
ITEM-004971,ORD-02372,PROD-0045,1,523.28,0.0,523.28
ITEM-004972,ORD-02373,PROD-0015,1,11857.0,1185.7,10671.3
ITEM-004973,ORD-02373,PROD-0013,1,116727.16,11672.72,105054.44
ITEM-004974,ORD-02374,PROD-0014,2,1370.35,274.07,2466.63
ITEM-004975,ORD-02375,PROD-0055,1,3269.86,0.0,3269.86
ITEM-004976,ORD-02375,PROD-0030,3,7630.74,0.0,22892.22
ITEM-004977,ORD-02375,PROD-0052,2,814.65,0.0,1629.3
ITEM-004978,ORD-02375,PROD-0046,1,1068.78,0.0,1068.78
ITEM-004979,ORD-02375,PROD-0078,1,14307.56,0.0,14307.56
ITEM-004980,ORD-02376,PROD-0019,1,13763.21,0.0,13763.21
ITEM-004981,ORD-02376,PROD-0031,1,43799.96,0.0,43799.96
ITEM-004982,ORD-02377,PROD-0065,5,3085.73,0.0,15428.65
ITEM-004983,ORD-02377,PROD-0060,1,239.31,0.0,239.31
ITEM-004984,ORD-02377,PROD-0006,5,78104.58,0.0,390522.9
ITEM-004985,ORD-02378,PROD-0028,1,14434.11,0.0,14434.11
ITEM-004986,ORD-02378,PROD-0070,2,26338.96,0.0,52677.92
ITEM-004987,ORD-02379,PROD-0068,2,10709.38,3212.81,18205.95
ITEM-004988,ORD-02379,PROD-0080,2,47311.93,14193.58,80430.28
ITEM-004989,ORD-02380,PROD-0040,2,354.18,212.51,495.85
ITEM-004990,ORD-02381,PROD-0041,1,1147.18,172.08,975.1
ITEM-004991,ORD-02381,PROD-0018,1,13595.1,2039.27,11555.83
ITEM-004992,ORD-02381,PROD-0016,2,13284.93,3985.48,22584.38
ITEM-004993,ORD-02382,PROD-0055,1,3269.86,0.0,3269.86
ITEM-004994,ORD-02382,PROD-0032,1,27601.51,0.0,27601.51
ITEM-004995,ORD-02382,PROD-0064,3,2018.49,0.0,6055.47
ITEM-004996,ORD-02382,PROD-0028,1,14434.11,0.0,14434.11
ITEM-004997,ORD-02383,PROD-0014,1,1370.35,0.0,1370.35
ITEM-004998,ORD-02383,PROD-0003,1,32384.66,0.0,32384.66
ITEM-004999,ORD-02383,PROD-0069,3,4275.33,0.0,12825.99
ITEM-005000,ORD-02383,PROD-0065,2,3085.73,0.0,6171.46
ITEM-005001,ORD-02383,PROD-0052,1,814.65,0.0,814.65
ITEM-005002,ORD-02384,PROD-0034,2,10118.15,6070.89,14165.41
ITEM-005003,ORD-02384,PROD-0004,1,104516.44,31354.93,73161.51
ITEM-005004,ORD-02384,PROD-0031,2,43799.96,26279.98,61319.94
ITEM-005005,ORD-02384,PROD-0069,1,4275.33,1282.6,2992.73
ITEM-005006,ORD-02384,PROD-0013,5,116727.16,175090.74,408545.06
ITEM-005007,ORD-02385,PROD-0005,1,93567.0,23391.75,70175.25
ITEM-005008,ORD-02385,PROD-0006,1,78104.58,19526.15,58578.43
ITEM-005009,ORD-02385,PROD-0017,1,14949.48,3737.37,11212.11
ITEM-005010,ORD-02386,PROD-0070,1,26338.96,0.0,26338.96
ITEM-005011,ORD-02387,PROD-0067,1,12793.32,0.0,12793.32
ITEM-005012,ORD-02388,PROD-0055,1,3269.86,0.0,3269.86
ITEM-005013,ORD-02388,PROD-0071,1,3798.51,0.0,3798.51
ITEM-005014,ORD-02389,PROD-0025,1,13690.5,1369.05,12321.45
ITEM-005015,ORD-02389,PROD-0024,2,855.93,171.19,1540.67
ITEM-005016,ORD-02389,PROD-0009,1,113999.83,11399.98,102599.85
ITEM-005017,ORD-02390,PROD-0002,1,121819.8,12181.98,109637.82
ITEM-005018,ORD-02390,PROD-0027,2,35192.66,7038.53,63346.79
ITEM-005019,ORD-02390,PROD-0017,2,14949.48,2989.9,26909.06
ITEM-005020,ORD-02390,PROD-0003,1,32384.66,3238.47,29146.19
ITEM-005021,ORD-02391,PROD-0040,1,354.18,35.42,318.76
ITEM-005022,ORD-02391,PROD-0017,1,14949.48,1494.95,13454.53
ITEM-005023,ORD-02391,PROD-0014,3,1370.35,411.1,3699.95
ITEM-005024,ORD-02392,PROD-0038,1,15629.94,1562.99,14066.95
ITEM-005025,ORD-02392,PROD-0051,2,1302.78,260.56,2345.0
ITEM-005026,ORD-02392,PROD-0001,1,85654.19,8565.42,77088.77
ITEM-005027,ORD-02393,PROD-0044,1,1147.03,0.0,1147.03
ITEM-005028,ORD-02394,PROD-0059,2,955.76,0.0,1911.52
ITEM-005029,ORD-02394,PROD-0074,3,23577.52,0.0,70732.56
ITEM-005030,ORD-02394,PROD-0039,5,738.18,0.0,3690.9
ITEM-005031,ORD-02394,PROD-0018,2,13595.1,0.0,27190.2
ITEM-005032,ORD-02394,PROD-0007,1,64234.24,0.0,64234.24
ITEM-005033,ORD-02395,PROD-0046,1,1068.78,267.19,801.59
ITEM-005034,ORD-02396,PROD-0060,1,239.31,59.83,179.48
ITEM-005035,ORD-02396,PROD-0017,3,14949.48,11212.11,33636.33
ITEM-005036,ORD-02396,PROD-0011,2,8972.23,4486.11,13458.35
ITEM-005037,ORD-02396,PROD-0063,3,3661.31,2745.98,8237.95
ITEM-005038,ORD-02397,PROD-0072,2,3464.52,2078.71,4850.33
ITEM-005039,ORD-02397,PROD-0075,2,17455.24,10473.14,24437.34
ITEM-005040,ORD-02398,PROD-0059,2,955.76,573.46,1338.06
ITEM-005041,ORD-02398,PROD-0063,4,3661.31,4393.57,10251.67
ITEM-005042,ORD-02398,PROD-0055,3,3269.86,2942.87,6866.71
ITEM-005043,ORD-02398,PROD-0061,1,3090.65,927.2,2163.45
ITEM-005044,ORD-02399,PROD-0010,3,29080.61,21810.46,65431.37
ITEM-005045,ORD-02399,PROD-0017,2,14949.48,7474.74,22424.22
ITEM-005046,ORD-02400,PROD-0074,1,23577.52,0.0,23577.52
ITEM-005047,ORD-02401,PROD-0021,1,14237.71,711.89,13525.82
ITEM-005048,ORD-02401,PROD-0006,1,78104.58,3905.23,74199.35
ITEM-005049,ORD-02402,PROD-0047,1,1537.69,153.77,1383.92
ITEM-005050,ORD-02403,PROD-0044,2,1147.03,229.41,2064.65
ITEM-005051,ORD-02404,PROD-0066,2,3066.74,1226.7,4906.78
ITEM-005052,ORD-02404,PROD-0011,3,8972.23,5383.34,21533.35
ITEM-005053,ORD-02405,PROD-0029,2,26905.65,2690.57,51120.73
ITEM-005054,ORD-02405,PROD-0036,4,29238.48,5847.7,111106.22
ITEM-005055,ORD-02405,PROD-0015,1,11857.0,592.85,11264.15
ITEM-005056,ORD-02406,PROD-0075,2,17455.24,3491.05,31419.43
ITEM-005057,ORD-02406,PROD-0052,3,814.65,244.4,2199.55
ITEM-005058,ORD-02406,PROD-0040,1,354.18,35.42,318.76
ITEM-005059,ORD-02406,PROD-0006,1,78104.58,7810.46,70294.12
ITEM-005060,ORD-02406,PROD-0032,1,27601.51,2760.15,24841.36
ITEM-005061,ORD-02407,PROD-0025,4,13690.5,8214.3,46547.7
ITEM-005062,ORD-02408,PROD-0070,2,26338.96,5267.79,47410.13
ITEM-005063,ORD-02409,PROD-0051,2,1302.78,781.67,1823.89
ITEM-005064,ORD-02410,PROD-0036,3,29238.48,13157.32,74558.12
ITEM-005065,ORD-02411,PROD-0031,1,43799.96,6569.99,37229.97
ITEM-005066,ORD-02411,PROD-0075,1,17455.24,2618.29,14836.95
ITEM-005067,ORD-02412,PROD-0033,4,45327.59,0.0,181310.36
ITEM-005068,ORD-02412,PROD-0004,1,104516.44,0.0,104516.44
ITEM-005069,ORD-02413,PROD-0054,4,4451.78,5342.14,12464.98
ITEM-005070,ORD-02414,PROD-0007,2,64234.24,12846.85,115621.63
ITEM-005071,ORD-02415,PROD-0010,2,29080.61,8724.18,49437.04
ITEM-005072,ORD-02415,PROD-0046,1,1068.78,160.32,908.46
ITEM-005073,ORD-02415,PROD-0026,2,6024.68,1807.4,10241.96
ITEM-005074,ORD-02415,PROD-0059,1,955.76,143.36,812.4
ITEM-005075,ORD-02415,PROD-0072,2,3464.52,1039.36,5889.68
ITEM-005076,ORD-02416,PROD-0044,3,1147.03,688.22,2752.87
ITEM-005077,ORD-02417,PROD-0035,4,32410.39,0.0,129641.56
ITEM-005078,ORD-02417,PROD-0037,3,31165.03,0.0,93495.09
ITEM-005079,ORD-02418,PROD-0067,2,12793.32,6396.66,19189.98
ITEM-005080,ORD-02418,PROD-0076,1,23557.35,5889.34,17668.01
ITEM-005081,ORD-02419,PROD-0065,2,3085.73,1542.87,4628.59
ITEM-005082,ORD-02419,PROD-0068,3,10709.38,8032.03,24096.11
ITEM-005083,ORD-02420,PROD-0022,2,10152.93,2030.59,18275.27
ITEM-005084,ORD-02420,PROD-0018,1,13595.1,1359.51,12235.59
ITEM-005085,ORD-02420,PROD-0014,1,1370.35,137.03,1233.32
ITEM-005086,ORD-02420,PROD-0005,2,93567.0,18713.4,168420.6
ITEM-005087,ORD-02421,PROD-0003,3,32384.66,19430.8,77723.18
ITEM-005088,ORD-02421,PROD-0080,1,47311.93,9462.39,37849.54
ITEM-005089,ORD-02421,PROD-0040,1,354.18,70.84,283.34
ITEM-005090,ORD-02421,PROD-0064,1,2018.49,403.7,1614.79
ITEM-005091,ORD-02422,PROD-0057,2,3014.34,904.3,5124.38
ITEM-005092,ORD-02422,PROD-0047,2,1537.69,461.31,2614.07
ITEM-005093,ORD-02423,PROD-0036,1,29238.48,8771.54,20466.94
ITEM-005094,ORD-02424,PROD-0040,1,354.18,17.71,336.47
ITEM-005095,ORD-02424,PROD-0071,2,3798.51,379.85,7217.17
ITEM-005096,ORD-02424,PROD-0055,1,3269.86,163.49,3106.37
ITEM-005097,ORD-02424,PROD-0053,1,1974.19,98.71,1875.48
ITEM-005098,ORD-02425,PROD-0017,2,14949.48,2989.9,26909.06
ITEM-005099,ORD-02425,PROD-0038,2,15629.94,3125.99,28133.89
ITEM-005100,ORD-02425,PROD-0039,1,738.18,73.82,664.36
ITEM-005101,ORD-02425,PROD-0064,1,2018.49,201.85,1816.64
ITEM-005102,ORD-02425,PROD-0008,3,112318.49,33695.55,303259.92
ITEM-005103,ORD-02426,PROD-0065,1,3085.73,308.57,2777.16
ITEM-005104,ORD-02426,PROD-0060,1,239.31,23.93,215.38
ITEM-005105,ORD-02426,PROD-0002,1,121819.8,12181.98,109637.82
ITEM-005106,ORD-02426,PROD-0030,1,7630.74,763.07,6867.67
ITEM-005107,ORD-02426,PROD-0032,1,27601.51,2760.15,24841.36
ITEM-005108,ORD-02427,PROD-0004,1,104516.44,0.0,104516.44
ITEM-005109,ORD-02427,PROD-0060,3,239.31,0.0,717.93
ITEM-005110,ORD-02427,PROD-0032,2,27601.51,0.0,55203.02
ITEM-005111,ORD-02428,PROD-0073,2,11158.63,2231.73,20085.53
ITEM-005112,ORD-02428,PROD-0079,1,2367.89,236.79,2131.1
ITEM-005113,ORD-02428,PROD-0062,3,4002.89,1200.87,10807.8
ITEM-005114,ORD-02429,PROD-0028,1,14434.11,2165.12,12268.99
ITEM-005115,ORD-02429,PROD-0008,5,112318.49,84238.87,477353.58
ITEM-005116,ORD-02430,PROD-0013,1,116727.16,17509.07,99218.09
ITEM-005117,ORD-02430,PROD-0060,2,239.31,71.79,406.83
ITEM-005118,ORD-02431,PROD-0076,1,23557.35,0.0,23557.35
ITEM-005119,ORD-02431,PROD-0074,3,23577.52,0.0,70732.56
ITEM-005120,ORD-02431,PROD-0019,1,13763.21,0.0,13763.21
ITEM-005121,ORD-02432,PROD-0037,1,31165.03,0.0,31165.03
ITEM-005122,ORD-02432,PROD-0068,4,10709.38,0.0,42837.52
ITEM-005123,ORD-02433,PROD-0008,2,112318.49,67391.09,157245.89
ITEM-005124,ORD-02433,PROD-0012,3,51591.73,46432.56,108342.63
ITEM-005125,ORD-02434,PROD-0018,1,13595.1,1359.51,12235.59
ITEM-005126,ORD-02435,PROD-0046,1,1068.78,0.0,1068.78
ITEM-005127,ORD-02435,PROD-0049,3,543.64,0.0,1630.92
ITEM-005128,ORD-02435,PROD-0048,1,1883.43,0.0,1883.43
ITEM-005129,ORD-02436,PROD-0011,4,8972.23,10766.68,25122.24
ITEM-005130,ORD-02437,PROD-0003,1,32384.66,6476.93,25907.73
ITEM-005131,ORD-02437,PROD-0032,4,27601.51,22081.21,88324.83
ITEM-005132,ORD-02438,PROD-0026,1,6024.68,0.0,6024.68
ITEM-005133,ORD-02438,PROD-0020,1,7859.34,0.0,7859.34
ITEM-005134,ORD-02439,PROD-0038,5,15629.94,15629.94,62519.76
ITEM-005135,ORD-02439,PROD-0004,3,104516.44,62709.86,250839.46
ITEM-005136,ORD-02440,PROD-0043,1,1299.09,324.77,974.32
ITEM-005137,ORD-02440,PROD-0027,1,35192.66,8798.17,26394.49
ITEM-005138,ORD-02440,PROD-0049,2,543.64,271.82,815.46
ITEM-005139,ORD-02441,PROD-0016,1,13284.93,664.25,12620.68
ITEM-005140,ORD-02442,PROD-0014,2,1370.35,0.0,2740.7
ITEM-005141,ORD-02443,PROD-0004,2,104516.44,0.0,209032.88
ITEM-005142,ORD-02444,PROD-0002,1,121819.8,18272.97,103546.83
ITEM-005143,ORD-02445,PROD-0052,2,814.65,0.0,1629.3
ITEM-005144,ORD-02446,PROD-0005,1,93567.0,0.0,93567.0
ITEM-005145,ORD-02447,PROD-0010,5,29080.61,14540.31,130862.74
ITEM-005146,ORD-02448,PROD-0021,2,14237.71,2847.54,25627.88
ITEM-005147,ORD-02449,PROD-0057,2,3014.34,602.87,5425.81
ITEM-005148,ORD-02449,PROD-0032,1,27601.51,2760.15,24841.36
ITEM-005149,ORD-02450,PROD-0034,2,10118.15,0.0,20236.3
ITEM-005150,ORD-02451,PROD-0055,1,3269.86,653.97,2615.89
ITEM-005151,ORD-02452,PROD-0014,2,1370.35,137.03,2603.67
ITEM-005152,ORD-02452,PROD-0041,2,1147.18,114.72,2179.64
ITEM-005153,ORD-02452,PROD-0080,1,47311.93,2365.6,44946.33
ITEM-005154,ORD-02453,PROD-0011,2,8972.23,0.0,17944.46
ITEM-005155,ORD-02454,PROD-0043,3,1299.09,0.0,3897.27
ITEM-005156,ORD-02454,PROD-0041,5,1147.18,0.0,5735.9
ITEM-005157,ORD-02454,PROD-0027,1,35192.66,0.0,35192.66
ITEM-005158,ORD-02454,PROD-0057,5,3014.34,0.0,15071.7
ITEM-005159,ORD-02455,PROD-0017,1,14949.48,747.47,14202.01
ITEM-005160,ORD-02455,PROD-0080,2,47311.93,4731.19,89892.67
ITEM-005161,ORD-02456,PROD-0079,2,2367.89,0.0,4735.78
ITEM-005162,ORD-02457,PROD-0040,1,354.18,35.42,318.76
ITEM-005163,ORD-02457,PROD-0005,1,93567.0,9356.7,84210.3
ITEM-005164,ORD-02457,PROD-0024,1,855.93,85.59,770.34
ITEM-005165,ORD-02457,PROD-0025,1,13690.5,1369.05,12321.45
ITEM-005166,ORD-02458,PROD-0008,2,112318.49,22463.7,202173.28
ITEM-005167,ORD-02459,PROD-0043,1,1299.09,129.91,1169.18
ITEM-005168,ORD-02459,PROD-0022,1,10152.93,1015.29,9137.64
ITEM-005169,ORD-02459,PROD-0066,3,3066.74,920.02,8280.2
ITEM-005170,ORD-02459,PROD-0067,1,12793.32,1279.33,11513.99
ITEM-005171,ORD-02460,PROD-0066,3,3066.74,2760.07,6440.15
ITEM-005172,ORD-02460,PROD-0012,1,51591.73,15477.52,36114.21
ITEM-005173,ORD-02460,PROD-0075,3,17455.24,15709.72,36656.0
ITEM-005174,ORD-02460,PROD-0058,3,3021.89,2719.7,6345.97
ITEM-005175,ORD-02461,PROD-0046,1,1068.78,0.0,1068.78
ITEM-005176,ORD-02461,PROD-0024,1,855.93,0.0,855.93
ITEM-005177,ORD-02461,PROD-0036,1,29238.48,0.0,29238.48
ITEM-005178,ORD-02461,PROD-0061,4,3090.65,0.0,12362.6
ITEM-005179,ORD-02462,PROD-0034,1,10118.15,1011.82,9106.33
ITEM-005180,ORD-02462,PROD-0076,1,23557.35,2355.74,21201.61
ITEM-005181,ORD-02463,PROD-0007,1,64234.24,12846.85,51387.39
ITEM-005182,ORD-02464,PROD-0073,2,11158.63,0.0,22317.26
ITEM-005183,ORD-02465,PROD-0018,1,13595.1,2719.02,10876.08
ITEM-005184,ORD-02465,PROD-0050,1,1843.01,368.6,1474.41
ITEM-005185,ORD-02466,PROD-0059,2,955.76,573.46,1338.06
ITEM-005186,ORD-02466,PROD-0047,3,1537.69,1383.92,3229.15
ITEM-005187,ORD-02466,PROD-0027,3,35192.66,31673.39,73904.59
ITEM-005188,ORD-02466,PROD-0064,2,2018.49,1211.09,2825.89
ITEM-005189,ORD-02466,PROD-0060,4,239.31,287.17,670.07
ITEM-005190,ORD-02467,PROD-0049,1,543.64,108.73,434.91
ITEM-005191,ORD-02467,PROD-0003,1,32384.66,6476.93,25907.73
ITEM-005192,ORD-02467,PROD-0075,3,17455.24,10473.14,41892.58
ITEM-005193,ORD-02467,PROD-0013,1,116727.16,23345.43,93381.73
ITEM-005194,ORD-02468,PROD-0047,1,1537.69,307.54,1230.15
ITEM-005195,ORD-02469,PROD-0026,3,6024.68,1807.4,16266.64
ITEM-005196,ORD-02469,PROD-0078,1,14307.56,1430.76,12876.8
ITEM-005197,ORD-02469,PROD-0056,3,1266.18,379.85,3418.69
ITEM-005198,ORD-02469,PROD-0006,2,78104.58,15620.92,140588.24
ITEM-005199,ORD-02469,PROD-0012,5,51591.73,25795.87,232162.78
ITEM-005200,ORD-02470,PROD-0033,1,45327.59,2266.38,43061.21
ITEM-005201,ORD-02471,PROD-0019,5,13763.21,0.0,68816.05
ITEM-005202,ORD-02471,PROD-0051,1,1302.78,0.0,1302.78
ITEM-005203,ORD-02472,PROD-0014,1,1370.35,137.03,1233.32
ITEM-005204,ORD-02472,PROD-0062,1,4002.89,400.29,3602.6
ITEM-005205,ORD-02472,PROD-0038,1,15629.94,1562.99,14066.95
ITEM-005206,ORD-02472,PROD-0026,1,6024.68,602.47,5422.21
ITEM-005207,ORD-02473,PROD-0030,2,7630.74,0.0,15261.48
ITEM-005208,ORD-02474,PROD-0075,4,17455.24,6982.1,62838.86
ITEM-005209,ORD-02474,PROD-0039,1,738.18,73.82,664.36
ITEM-005210,ORD-02474,PROD-0032,1,27601.51,2760.15,24841.36
ITEM-005211,ORD-02474,PROD-0077,1,18535.55,1853.56,16681.99
ITEM-005212,ORD-02474,PROD-0066,2,3066.74,613.35,5520.13
ITEM-005213,ORD-02475,PROD-0032,1,27601.51,2760.15,24841.36
ITEM-005214,ORD-02476,PROD-0064,2,2018.49,1009.25,3027.73
ITEM-005215,ORD-02476,PROD-0076,2,23557.35,11778.67,35336.03
ITEM-005216,ORD-02476,PROD-0034,1,10118.15,2529.54,7588.61
ITEM-005217,ORD-02477,PROD-0078,1,14307.56,2146.13,12161.43
ITEM-005218,ORD-02477,PROD-0046,1,1068.78,160.32,908.46
ITEM-005219,ORD-02477,PROD-0080,2,47311.93,14193.58,80430.28
ITEM-005220,ORD-02478,PROD-0058,2,3021.89,0.0,6043.78
ITEM-005221,ORD-02479,PROD-0064,1,2018.49,0.0,2018.49
ITEM-005222,ORD-02479,PROD-0037,1,31165.03,0.0,31165.03
ITEM-005223,ORD-02479,PROD-0019,1,13763.21,0.0,13763.21
ITEM-005224,ORD-02480,PROD-0036,2,29238.48,2923.85,55553.11
ITEM-005225,ORD-02480,PROD-0004,1,104516.44,5225.82,99290.62
ITEM-005226,ORD-02480,PROD-0021,3,14237.71,2135.66,40577.47
ITEM-005227,ORD-02480,PROD-0028,4,14434.11,2886.82,54849.62
ITEM-005228,ORD-02481,PROD-0014,1,1370.35,411.11,959.24
ITEM-005229,ORD-02481,PROD-0060,3,239.31,215.38,502.55
ITEM-005230,ORD-02482,PROD-0036,1,29238.48,5847.7,23390.78
ITEM-005231,ORD-02482,PROD-0006,1,78104.58,15620.92,62483.66
ITEM-005232,ORD-02482,PROD-0050,1,1843.01,368.6,1474.41
ITEM-005233,ORD-02483,PROD-0030,1,7630.74,2289.22,5341.52
ITEM-005234,ORD-02483,PROD-0065,1,3085.73,925.72,2160.01
ITEM-005235,ORD-02484,PROD-0001,4,85654.19,34261.68,308355.08
ITEM-005236,ORD-02485,PROD-0017,1,14949.48,0.0,14949.48
ITEM-005237,ORD-02485,PROD-0069,1,4275.33,0.0,4275.33
ITEM-005238,ORD-02485,PROD-0078,2,14307.56,0.0,28615.12
ITEM-005239,ORD-02486,PROD-0044,1,1147.03,57.35,1089.68
ITEM-005240,ORD-02486,PROD-0076,3,23557.35,3533.6,67138.45
ITEM-005241,ORD-02487,PROD-0018,1,13595.1,4078.53,9516.57
ITEM-005242,ORD-02487,PROD-0057,1,3014.34,904.3,2110.04
ITEM-005243,ORD-02487,PROD-0054,1,4451.78,1335.53,3116.25
ITEM-005244,ORD-02487,PROD-0063,1,3661.31,1098.39,2562.92
ITEM-005245,ORD-02488,PROD-0028,3,14434.11,4330.23,38972.1
ITEM-005246,ORD-02488,PROD-0030,5,7630.74,3815.37,34338.33
ITEM-005247,ORD-02489,PROD-0018,2,13595.1,2719.02,24471.18
ITEM-005248,ORD-02489,PROD-0057,1,3014.34,301.43,2712.91
ITEM-005249,ORD-02490,PROD-0075,1,17455.24,2618.29,14836.95
ITEM-005250,ORD-02490,PROD-0024,5,855.93,641.95,3637.7
ITEM-005251,ORD-02491,PROD-0002,1,121819.8,12181.98,109637.82
ITEM-005252,ORD-02492,PROD-0057,3,3014.34,1356.45,7686.57
ITEM-005253,ORD-02493,PROD-0025,4,13690.5,16428.6,38333.4
ITEM-005254,ORD-02494,PROD-0067,5,12793.32,19189.98,44776.62
ITEM-005255,ORD-02494,PROD-0050,2,1843.01,1105.81,2580.21
ITEM-005256,ORD-02495,PROD-0044,1,1147.03,0.0,1147.03
ITEM-005257,ORD-02495,PROD-0028,4,14434.11,0.0,57736.44
ITEM-005258,ORD-02495,PROD-0064,1,2018.49,0.0,2018.49
ITEM-005259,ORD-02496,PROD-0004,1,104516.44,0.0,104516.44
ITEM-005260,ORD-02497,PROD-0073,2,11158.63,5579.31,16737.95
ITEM-005261,ORD-02498,PROD-0059,1,955.76,95.58,860.18
ITEM-005262,ORD-02499,PROD-0073,1,11158.63,557.93,10600.7
ITEM-005263,ORD-02499,PROD-0047,2,1537.69,153.77,2921.61
ITEM-005264,ORD-02500,PROD-0060,1,239.31,35.9,203.41
ITEM-005265,ORD-02500,PROD-0058,1,3021.89,453.28,2568.61
ITEM-005266,ORD-02500,PROD-0030,1,7630.74,1144.61,6486.13
ITEM-005267,ORD-02501,PROD-0036,4,29238.48,0.0,116953.92
ITEM-005268,ORD-02502,PROD-0067,4,12793.32,2558.66,48614.62
ITEM-005269,ORD-02502,PROD-0044,3,1147.03,172.05,3269.04
ITEM-005270,ORD-02502,PROD-0007,2,64234.24,6423.42,122045.06
ITEM-005271,ORD-02503,PROD-0048,2,1883.43,941.72,2825.14
ITEM-005272,ORD-02503,PROD-0078,4,14307.56,14307.56,42922.68
ITEM-005273,ORD-02504,PROD-0020,1,7859.34,1571.87,6287.47
ITEM-005274,ORD-02505,PROD-0001,1,85654.19,0.0,85654.19
ITEM-005275,ORD-02505,PROD-0078,1,14307.56,0.0,14307.56
ITEM-005276,ORD-02505,PROD-0008,2,112318.49,0.0,224636.98
ITEM-005277,ORD-02506,PROD-0011,4,8972.23,3588.89,32300.03
ITEM-005278,ORD-02506,PROD-0021,1,14237.71,1423.77,12813.94
ITEM-005279,ORD-02507,PROD-0036,1,29238.48,0.0,29238.48
ITEM-005280,ORD-02507,PROD-0045,2,523.28,0.0,1046.56
ITEM-005281,ORD-02508,PROD-0042,1,472.22,47.22,425.0
ITEM-005282,ORD-02508,PROD-0073,1,11158.63,1115.86,10042.77
ITEM-005283,ORD-02509,PROD-0010,3,29080.61,4362.09,82879.74
ITEM-005284,ORD-02510,PROD-0080,4,47311.93,28387.16,160860.56
ITEM-005285,ORD-02510,PROD-0067,1,12793.32,1919.0,10874.32
ITEM-005286,ORD-02510,PROD-0060,1,239.31,35.9,203.41
ITEM-005287,ORD-02511,PROD-0004,1,104516.44,20903.29,83613.15
ITEM-005288,ORD-02511,PROD-0026,3,6024.68,3614.81,14459.23
ITEM-005289,ORD-02511,PROD-0022,2,10152.93,4061.17,16244.69
ITEM-005290,ORD-02512,PROD-0056,4,1266.18,0.0,5064.72
ITEM-005291,ORD-02512,PROD-0001,1,85654.19,0.0,85654.19
ITEM-005292,ORD-02513,PROD-0044,1,1147.03,172.05,974.98
ITEM-005293,ORD-02514,PROD-0036,1,29238.48,5847.7,23390.78
ITEM-005294,ORD-02514,PROD-0016,2,13284.93,5313.97,21255.89
ITEM-005295,ORD-02514,PROD-0029,1,26905.65,5381.13,21524.52
ITEM-005296,ORD-02514,PROD-0004,2,104516.44,41806.58,167226.3
ITEM-005297,ORD-02514,PROD-0007,2,64234.24,25693.7,102774.78
ITEM-005298,ORD-02515,PROD-0042,1,472.22,47.22,425.0
ITEM-005299,ORD-02515,PROD-0044,5,1147.03,573.51,5161.64
ITEM-005300,ORD-02515,PROD-0070,2,26338.96,5267.79,47410.13
ITEM-005301,ORD-02516,PROD-0013,1,116727.16,29181.79,87545.37
ITEM-005302,ORD-02516,PROD-0039,1,738.18,184.54,553.64
ITEM-005303,ORD-02517,PROD-0057,1,3014.34,452.15,2562.19
ITEM-005304,ORD-02517,PROD-0023,2,9803.45,2941.03,16665.87
ITEM-005305,ORD-02517,PROD-0032,2,27601.51,8280.45,46922.57
ITEM-005306,ORD-02518,PROD-0023,2,9803.45,0.0,19606.9
ITEM-005307,ORD-02519,PROD-0014,1,1370.35,0.0,1370.35
ITEM-005308,ORD-02519,PROD-0070,3,26338.96,0.0,79016.88
ITEM-005309,ORD-02519,PROD-0016,4,13284.93,0.0,53139.72
ITEM-005310,ORD-02519,PROD-0037,2,31165.03,0.0,62330.06
ITEM-005311,ORD-02519,PROD-0018,1,13595.1,0.0,13595.1
ITEM-005312,ORD-02520,PROD-0006,4,78104.58,15620.92,296797.4
ITEM-005313,ORD-02520,PROD-0034,1,10118.15,505.91,9612.24
ITEM-005314,ORD-02521,PROD-0050,2,1843.01,552.9,3133.12
ITEM-005315,ORD-02521,PROD-0034,4,10118.15,6070.89,34401.71
ITEM-005316,ORD-02522,PROD-0026,4,6024.68,4819.74,19278.98
ITEM-005317,ORD-02522,PROD-0074,1,23577.52,4715.5,18862.02
ITEM-005318,ORD-02523,PROD-0049,5,543.64,543.64,2174.56
ITEM-005319,ORD-02523,PROD-0058,1,3021.89,604.38,2417.51
ITEM-005320,ORD-02523,PROD-0033,4,45327.59,36262.07,145048.29
ITEM-005321,ORD-02524,PROD-0054,2,4451.78,0.0,8903.56
ITEM-005322,ORD-02524,PROD-0073,3,11158.63,0.0,33475.89
ITEM-005323,ORD-02525,PROD-0047,1,1537.69,0.0,1537.69
ITEM-005324,ORD-02525,PROD-0069,1,4275.33,0.0,4275.33
ITEM-005325,ORD-02525,PROD-0041,3,1147.18,0.0,3441.54
ITEM-005326,ORD-02525,PROD-0058,1,3021.89,0.0,3021.89
ITEM-005327,ORD-02526,PROD-0056,2,1266.18,0.0,2532.36
ITEM-005328,ORD-02526,PROD-0059,5,955.76,0.0,4778.8
ITEM-005329,ORD-02527,PROD-0012,2,51591.73,0.0,103183.46
ITEM-005330,ORD-02528,PROD-0075,2,17455.24,6982.1,27928.38
ITEM-005331,ORD-02528,PROD-0058,4,3021.89,2417.51,9670.05
ITEM-005332,ORD-02529,PROD-0061,1,3090.65,309.06,2781.59
ITEM-005333,ORD-02530,PROD-0036,2,29238.48,0.0,58476.96
ITEM-005334,ORD-02530,PROD-0074,1,23577.52,0.0,23577.52
ITEM-005335,ORD-02530,PROD-0028,2,14434.11,0.0,28868.22
ITEM-005336,ORD-02530,PROD-0015,2,11857.0,0.0,23714.0
ITEM-005337,ORD-02530,PROD-0056,1,1266.18,0.0,1266.18
ITEM-005338,ORD-02531,PROD-0032,1,27601.51,2760.15,24841.36
ITEM-005339,ORD-02531,PROD-0057,1,3014.34,301.43,2712.91
ITEM-005340,ORD-02531,PROD-0070,1,26338.96,2633.9,23705.06
ITEM-005341,ORD-02531,PROD-0002,2,121819.8,24363.96,219275.64
ITEM-005342,ORD-02532,PROD-0045,1,523.28,0.0,523.28
ITEM-005343,ORD-02533,PROD-0058,1,3021.89,0.0,3021.89
ITEM-005344,ORD-02533,PROD-0048,2,1883.43,0.0,3766.86
ITEM-005345,ORD-02534,PROD-0076,1,23557.35,0.0,23557.35
ITEM-005346,ORD-02534,PROD-0018,1,13595.1,0.0,13595.1
ITEM-005347,ORD-02534,PROD-0007,1,64234.24,0.0,64234.24
ITEM-005348,ORD-02534,PROD-0029,1,26905.65,0.0,26905.65
ITEM-005349,ORD-02534,PROD-0021,1,14237.71,0.0,14237.71
ITEM-005350,ORD-02535,PROD-0062,5,4002.89,3002.17,17012.28
ITEM-005351,ORD-02536,PROD-0020,3,7859.34,4715.6,18862.42
ITEM-005352,ORD-02536,PROD-0032,1,27601.51,5520.3,22081.21
ITEM-005353,ORD-02536,PROD-0001,2,85654.19,34261.68,137046.7
ITEM-005354,ORD-02536,PROD-0004,2,104516.44,41806.58,167226.3
ITEM-005355,ORD-02536,PROD-0071,3,3798.51,2279.11,9116.42
ITEM-005356,ORD-02537,PROD-0030,1,7630.74,0.0,7630.74
ITEM-005357,ORD-02538,PROD-0044,3,1147.03,344.11,3096.98
ITEM-005358,ORD-02539,PROD-0001,2,85654.19,34261.68,137046.7
ITEM-005359,ORD-02540,PROD-0001,3,85654.19,25696.26,231266.31
ITEM-005360,ORD-02540,PROD-0043,1,1299.09,129.91,1169.18
ITEM-005361,ORD-02540,PROD-0063,2,3661.31,732.26,6590.36
ITEM-005362,ORD-02541,PROD-0027,1,35192.66,0.0,35192.66
ITEM-005363,ORD-02542,PROD-0035,1,32410.39,0.0,32410.39
ITEM-005364,ORD-02542,PROD-0010,1,29080.61,0.0,29080.61
ITEM-005365,ORD-02542,PROD-0032,2,27601.51,0.0,55203.02
ITEM-005366,ORD-02542,PROD-0052,1,814.65,0.0,814.65
ITEM-005367,ORD-02543,PROD-0069,4,4275.33,3420.26,13681.06
ITEM-005368,ORD-02543,PROD-0035,2,32410.39,12964.16,51856.62
ITEM-005369,ORD-02543,PROD-0079,3,2367.89,1420.73,5682.94
ITEM-005370,ORD-02544,PROD-0057,1,3014.34,0.0,3014.34
ITEM-005371,ORD-02544,PROD-0004,1,104516.44,0.0,104516.44
ITEM-005372,ORD-02544,PROD-0064,1,2018.49,0.0,2018.49
ITEM-005373,ORD-02544,PROD-0006,1,78104.58,0.0,78104.58
ITEM-005374,ORD-02545,PROD-0031,1,43799.96,6569.99,37229.97
ITEM-005375,ORD-02545,PROD-0032,1,27601.51,4140.23,23461.28
ITEM-005376,ORD-02545,PROD-0057,1,3014.34,452.15,2562.19
ITEM-005377,ORD-02546,PROD-0063,4,3661.31,1464.52,13180.72
ITEM-005378,ORD-02546,PROD-0040,1,354.18,35.42,318.76
ITEM-005379,ORD-02547,PROD-0057,1,3014.34,753.59,2260.75
ITEM-005380,ORD-02548,PROD-0049,4,543.64,0.0,2174.56
ITEM-005381,ORD-02548,PROD-0031,1,43799.96,0.0,43799.96
ITEM-005382,ORD-02548,PROD-0065,1,3085.73,0.0,3085.73
ITEM-005383,ORD-02549,PROD-0046,4,1068.78,0.0,4275.12
ITEM-005384,ORD-02550,PROD-0039,1,738.18,73.82,664.36
ITEM-005385,ORD-02550,PROD-0001,1,85654.19,8565.42,77088.77
ITEM-005386,ORD-02550,PROD-0042,2,472.22,94.44,850.0
ITEM-005387,ORD-02551,PROD-0068,1,10709.38,3212.81,7496.57
ITEM-005388,ORD-02551,PROD-0020,2,7859.34,4715.6,11003.08
ITEM-005389,ORD-02552,PROD-0009,1,113999.83,22799.97,91199.86
ITEM-005390,ORD-02552,PROD-0036,2,29238.48,11695.39,46781.57
ITEM-005391,ORD-02553,PROD-0009,2,113999.83,22799.97,205199.69
ITEM-005392,ORD-02553,PROD-0033,1,45327.59,4532.76,40794.83
ITEM-005393,ORD-02553,PROD-0014,1,1370.35,137.03,1233.32
ITEM-005394,ORD-02553,PROD-0078,2,14307.56,2861.51,25753.61
ITEM-005395,ORD-02554,PROD-0023,2,9803.45,1960.69,17646.21
ITEM-005396,ORD-02554,PROD-0011,1,8972.23,897.22,8075.01
ITEM-005397,ORD-02555,PROD-0074,4,23577.52,28293.02,66017.06
ITEM-005398,ORD-02555,PROD-0075,3,17455.24,15709.72,36656.0
ITEM-005399,ORD-02555,PROD-0068,1,10709.38,3212.81,7496.57
ITEM-005400,ORD-02556,PROD-0004,1,104516.44,15677.47,88838.97
ITEM-005401,ORD-02557,PROD-0016,3,13284.93,11956.44,27898.35
ITEM-005402,ORD-02557,PROD-0028,1,14434.11,4330.23,10103.88
ITEM-005403,ORD-02558,PROD-0038,4,15629.94,9377.96,53141.8
ITEM-005404,ORD-02558,PROD-0035,1,32410.39,4861.56,27548.83
ITEM-005405,ORD-02559,PROD-0054,1,4451.78,0.0,4451.78
ITEM-005406,ORD-02559,PROD-0059,3,955.76,0.0,2867.28
ITEM-005407,ORD-02559,PROD-0062,2,4002.89,0.0,8005.78
ITEM-005408,ORD-02560,PROD-0060,2,239.31,119.66,358.96
ITEM-005409,ORD-02561,PROD-0001,1,85654.19,0.0,85654.19
ITEM-005410,ORD-02562,PROD-0076,2,23557.35,0.0,47114.7
ITEM-005411,ORD-02562,PROD-0030,4,7630.74,0.0,30522.96
ITEM-005412,ORD-02563,PROD-0040,1,354.18,0.0,354.18
ITEM-005413,ORD-02563,PROD-0048,1,1883.43,0.0,1883.43
ITEM-005414,ORD-02564,PROD-0058,2,3021.89,1510.94,4532.84
ITEM-005415,ORD-02564,PROD-0052,1,814.65,203.66,610.99
ITEM-005416,ORD-02564,PROD-0048,3,1883.43,1412.57,4237.72
ITEM-005417,ORD-02564,PROD-0061,1,3090.65,772.66,2317.99
ITEM-005418,ORD-02565,PROD-0072,1,3464.52,519.68,2944.84
ITEM-005419,ORD-02566,PROD-0044,3,1147.03,344.11,3096.98
ITEM-005420,ORD-02567,PROD-0056,1,1266.18,0.0,1266.18
ITEM-005421,ORD-02568,PROD-0024,1,855.93,256.78,599.15
ITEM-005422,ORD-02568,PROD-0010,2,29080.61,17448.37,40712.85
ITEM-005423,ORD-02568,PROD-0063,2,3661.31,2196.79,5125.83
ITEM-005424,ORD-02568,PROD-0047,1,1537.69,461.31,1076.38
ITEM-005425,ORD-02569,PROD-0072,2,3464.52,1732.26,5196.78
ITEM-005426,ORD-02570,PROD-0060,1,239.31,35.9,203.41
ITEM-005427,ORD-02570,PROD-0047,1,1537.69,230.65,1307.04
ITEM-005428,ORD-02570,PROD-0039,2,738.18,221.45,1254.91
ITEM-005429,ORD-02570,PROD-0036,2,29238.48,8771.54,49705.42
ITEM-005430,ORD-02570,PROD-0019,2,13763.21,4128.96,23397.46
ITEM-005431,ORD-02571,PROD-0078,2,14307.56,1430.76,27184.36
ITEM-005432,ORD-02571,PROD-0022,2,10152.93,1015.29,19290.57
ITEM-005433,ORD-02572,PROD-0030,3,7630.74,0.0,22892.22
ITEM-005434,ORD-02572,PROD-0068,1,10709.38,0.0,10709.38
ITEM-005435,ORD-02572,PROD-0056,1,1266.18,0.0,1266.18
ITEM-005436,ORD-02573,PROD-0018,3,13595.1,0.0,40785.3
ITEM-005437,ORD-02573,PROD-0040,1,354.18,0.0,354.18
ITEM-005438,ORD-02573,PROD-0054,2,4451.78,0.0,8903.56
ITEM-005439,ORD-02574,PROD-0012,1,51591.73,12897.93,38693.8
ITEM-005440,ORD-02575,PROD-0012,2,51591.73,0.0,103183.46
ITEM-005441,ORD-02576,PROD-0073,3,11158.63,0.0,33475.89
ITEM-005442,ORD-02577,PROD-0003,4,32384.66,19430.8,110107.84
ITEM-005443,ORD-02578,PROD-0015,3,11857.0,0.0,35571.0
ITEM-005444,ORD-02579,PROD-0003,1,32384.66,4857.7,27526.96
ITEM-005445,ORD-02579,PROD-0052,2,814.65,244.4,1384.9
ITEM-005446,ORD-02580,PROD-0067,1,12793.32,1279.33,11513.99
ITEM-005447,ORD-02581,PROD-0038,1,15629.94,1562.99,14066.95
ITEM-005448,ORD-02582,PROD-0014,1,1370.35,205.55,1164.8
ITEM-005449,ORD-02582,PROD-0044,1,1147.03,172.05,974.98
ITEM-005450,ORD-02583,PROD-0033,1,45327.59,2266.38,43061.21
ITEM-005451,ORD-02583,PROD-0045,5,523.28,130.82,2485.58
ITEM-005452,ORD-02584,PROD-0010,4,29080.61,23264.49,93057.95
ITEM-005453,ORD-02585,PROD-0070,2,26338.96,13169.48,39508.44
ITEM-005454,ORD-02585,PROD-0026,1,6024.68,1506.17,4518.51
ITEM-005455,ORD-02585,PROD-0065,5,3085.73,3857.16,11571.49
ITEM-005456,ORD-02585,PROD-0059,5,955.76,1194.7,3584.1
ITEM-005457,ORD-02585,PROD-0012,4,51591.73,51591.73,154775.19
ITEM-005458,ORD-02586,PROD-0032,3,27601.51,12420.68,70383.85
ITEM-005459,ORD-02586,PROD-0027,2,35192.66,10557.8,59827.52
ITEM-005460,ORD-02587,PROD-0046,2,1068.78,0.0,2137.56
ITEM-005461,ORD-02587,PROD-0069,1,4275.33,0.0,4275.33
ITEM-005462,ORD-02587,PROD-0056,2,1266.18,0.0,2532.36
ITEM-005463,ORD-02588,PROD-0042,2,472.22,236.11,708.33
ITEM-005464,ORD-02588,PROD-0050,2,1843.01,921.5,2764.52
ITEM-005465,ORD-02588,PROD-0006,5,78104.58,97630.73,292892.17
ITEM-005466,ORD-02588,PROD-0016,3,13284.93,9963.7,29891.09
ITEM-005467,ORD-02589,PROD-0056,4,1266.18,1519.42,3545.3
ITEM-005468,ORD-02589,PROD-0017,1,14949.48,4484.84,10464.64
ITEM-005469,ORD-02589,PROD-0034,1,10118.15,3035.45,7082.7
ITEM-005470,ORD-02589,PROD-0055,2,3269.86,1961.92,4577.8
ITEM-005471,ORD-02590,PROD-0026,1,6024.68,0.0,6024.68
ITEM-005472,ORD-02591,PROD-0069,2,4275.33,1282.6,7268.06
ITEM-005473,ORD-02591,PROD-0037,1,31165.03,4674.75,26490.28
ITEM-005474,ORD-02591,PROD-0018,1,13595.1,2039.27,11555.83
ITEM-005475,ORD-02591,PROD-0056,5,1266.18,949.64,5381.26
ITEM-005476,ORD-02592,PROD-0056,2,1266.18,633.09,1899.27
ITEM-005477,ORD-02592,PROD-0062,3,4002.89,3002.17,9006.5
ITEM-005478,ORD-02593,PROD-0007,2,64234.24,0.0,128468.48
ITEM-005479,ORD-02593,PROD-0012,4,51591.73,0.0,206366.92
ITEM-005480,ORD-02593,PROD-0001,3,85654.19,0.0,256962.57
ITEM-005481,ORD-02593,PROD-0017,3,14949.48,0.0,44848.44
ITEM-005482,ORD-02594,PROD-0008,1,112318.49,0.0,112318.49
ITEM-005483,ORD-02594,PROD-0080,2,47311.93,0.0,94623.86
ITEM-005484,ORD-02595,PROD-0017,1,14949.48,2242.42,12707.06
ITEM-005485,ORD-02595,PROD-0002,5,121819.8,91364.85,517734.15
ITEM-005486,ORD-02596,PROD-0013,1,116727.16,23345.43,93381.73
ITEM-005487,ORD-02596,PROD-0017,3,14949.48,8969.69,35878.75
ITEM-005488,ORD-02597,PROD-0010,2,29080.61,8724.18,49437.04
ITEM-005489,ORD-02598,PROD-0046,1,1068.78,320.63,748.15
ITEM-005490,ORD-02598,PROD-0049,1,543.64,163.09,380.55
ITEM-005491,ORD-02599,PROD-0035,1,32410.39,1620.52,30789.87
ITEM-005492,ORD-02599,PROD-0054,1,4451.78,222.59,4229.19
ITEM-005493,ORD-02599,PROD-0024,1,855.93,42.8,813.13
ITEM-005494,ORD-02599,PROD-0020,2,7859.34,785.93,14932.75
ITEM-005495,ORD-02599,PROD-0005,1,93567.0,4678.35,88888.65
ITEM-005496,ORD-02600,PROD-0046,1,1068.78,320.63,748.15
ITEM-005497,ORD-02601,PROD-0025,2,13690.5,2738.1,24642.9
ITEM-005498,ORD-02602,PROD-0042,1,472.22,94.44,377.78
ITEM-005499,ORD-02603,PROD-0036,1,29238.48,0.0,29238.48
ITEM-005500,ORD-02603,PROD-0002,2,121819.8,0.0,243639.6
ITEM-005501,ORD-02604,PROD-0077,3,18535.55,13901.66,41704.99
ITEM-005502,ORD-02605,PROD-0009,1,113999.83,11399.98,102599.85
ITEM-005503,ORD-02605,PROD-0036,4,29238.48,11695.39,105258.53
ITEM-005504,ORD-02605,PROD-0021,2,14237.71,2847.54,25627.88
ITEM-005505,ORD-02606,PROD-0045,1,523.28,52.33,470.95
ITEM-005506,ORD-02607,PROD-0002,3,121819.8,18272.97,347186.43
ITEM-005507,ORD-02608,PROD-0028,2,14434.11,4330.23,24537.99
ITEM-005508,ORD-02608,PROD-0032,3,27601.51,12420.68,70383.85
ITEM-005509,ORD-02608,PROD-0024,2,855.93,256.78,1455.08
ITEM-005510,ORD-02609,PROD-0078,1,14307.56,4292.27,10015.29
ITEM-005511,ORD-02609,PROD-0060,1,239.31,71.79,167.52
ITEM-005512,ORD-02609,PROD-0004,4,104516.44,125419.73,292646.03
ITEM-005513,ORD-02609,PROD-0018,1,13595.1,4078.53,9516.57
ITEM-005514,ORD-02610,PROD-0080,1,47311.93,14193.58,33118.35
ITEM-005515,ORD-02611,PROD-0072,1,3464.52,346.45,3118.07
ITEM-005516,ORD-02611,PROD-0023,1,9803.45,980.35,8823.1
ITEM-005517,ORD-02612,PROD-0017,1,14949.48,2989.9,11959.58
ITEM-005518,ORD-02612,PROD-0063,2,3661.31,1464.52,5858.1
ITEM-005519,ORD-02613,PROD-0046,1,1068.78,267.19,801.59
ITEM-005520,ORD-02613,PROD-0044,1,1147.03,286.76,860.27
ITEM-005521,ORD-02614,PROD-0057,1,3014.34,150.72,2863.62
ITEM-005522,ORD-02614,PROD-0046,1,1068.78,53.44,1015.34
ITEM-005523,ORD-02615,PROD-0072,4,3464.52,1385.81,12472.27
ITEM-005524,ORD-02616,PROD-0013,1,116727.16,0.0,116727.16
ITEM-005525,ORD-02617,PROD-0055,1,3269.86,0.0,3269.86
ITEM-005526,ORD-02618,PROD-0032,2,27601.51,2760.15,52442.87
ITEM-005527,ORD-02618,PROD-0075,1,17455.24,872.76,16582.48
ITEM-005528,ORD-02618,PROD-0028,1,14434.11,721.71,13712.4
ITEM-005529,ORD-02618,PROD-0074,1,23577.52,1178.88,22398.64
ITEM-005530,ORD-02619,PROD-0018,5,13595.1,0.0,67975.5
ITEM-005531,ORD-02620,PROD-0013,1,116727.16,11672.72,105054.44
ITEM-005532,ORD-02621,PROD-0029,2,26905.65,10762.26,43049.04
ITEM-005533,ORD-02622,PROD-0056,1,1266.18,316.55,949.63
ITEM-005534,ORD-02622,PROD-0021,3,14237.71,10678.28,32034.85
ITEM-005535,ORD-02623,PROD-0079,2,2367.89,0.0,4735.78
ITEM-005536,ORD-02623,PROD-0043,4,1299.09,0.0,5196.36
ITEM-005537,ORD-02624,PROD-0061,2,3090.65,0.0,6181.3
ITEM-005538,ORD-02624,PROD-0025,3,13690.5,0.0,41071.5
ITEM-005539,ORD-02624,PROD-0028,1,14434.11,0.0,14434.11
ITEM-005540,ORD-02625,PROD-0078,3,14307.56,4292.27,38630.41
ITEM-005541,ORD-02626,PROD-0015,2,11857.0,4742.8,18971.2
ITEM-005542,ORD-02627,PROD-0057,1,3014.34,0.0,3014.34
ITEM-005543,ORD-02628,PROD-0047,1,1537.69,0.0,1537.69
ITEM-005544,ORD-02629,PROD-0012,3,51591.73,0.0,154775.19
ITEM-005545,ORD-02629,PROD-0037,1,31165.03,0.0,31165.03
ITEM-005546,ORD-02630,PROD-0054,1,4451.78,0.0,4451.78
ITEM-005547,ORD-02630,PROD-0024,4,855.93,0.0,3423.72
ITEM-005548,ORD-02630,PROD-0023,1,9803.45,0.0,9803.45
ITEM-005549,ORD-02631,PROD-0042,1,472.22,47.22,425.0
ITEM-005550,ORD-02631,PROD-0077,1,18535.55,1853.56,16681.99
ITEM-005551,ORD-02632,PROD-0033,1,45327.59,9065.52,36262.07
ITEM-005552,ORD-02633,PROD-0028,1,14434.11,4330.23,10103.88
ITEM-005553,ORD-02634,PROD-0027,3,35192.66,21115.6,84462.38
ITEM-005554,ORD-02635,PROD-0073,1,11158.63,0.0,11158.63
ITEM-005555,ORD-02635,PROD-0054,1,4451.78,0.0,4451.78
ITEM-005556,ORD-02635,PROD-0076,2,23557.35,0.0,47114.7
ITEM-005557,ORD-02636,PROD-0001,4,85654.19,51392.51,291224.25
ITEM-005558,ORD-02636,PROD-0008,5,112318.49,84238.87,477353.58
ITEM-005559,ORD-02636,PROD-0060,1,239.31,35.9,203.41
ITEM-005560,ORD-02636,PROD-0020,2,7859.34,2357.8,13360.88
ITEM-005561,ORD-02636,PROD-0022,1,10152.93,1522.94,8629.99
ITEM-005562,ORD-02637,PROD-0007,4,64234.24,0.0,256936.96
ITEM-005563,ORD-02637,PROD-0065,4,3085.73,0.0,12342.92
ITEM-005564,ORD-02638,PROD-0041,2,1147.18,229.44,2064.92
ITEM-005565,ORD-02638,PROD-0062,1,4002.89,400.29,3602.6
ITEM-005566,ORD-02638,PROD-0014,2,1370.35,274.07,2466.63
ITEM-005567,ORD-02638,PROD-0008,1,112318.49,11231.85,101086.64
ITEM-005568,ORD-02639,PROD-0006,2,78104.58,15620.92,140588.24
ITEM-005569,ORD-02640,PROD-0055,2,3269.86,653.97,5885.75
ITEM-005570,ORD-02640,PROD-0028,3,14434.11,4330.23,38972.1
ITEM-005571,ORD-02640,PROD-0018,2,13595.1,2719.02,24471.18
ITEM-005572,ORD-02640,PROD-0044,1,1147.03,114.7,1032.33
ITEM-005573,ORD-02641,PROD-0043,1,1299.09,324.77,974.32
ITEM-005574,ORD-02641,PROD-0037,2,31165.03,15582.51,46747.55
ITEM-005575,ORD-02642,PROD-0022,2,10152.93,0.0,20305.86
ITEM-005576,ORD-02643,PROD-0060,2,239.31,47.86,430.76
ITEM-005577,ORD-02644,PROD-0036,3,29238.48,8771.54,78943.9
ITEM-005578,ORD-02645,PROD-0029,2,26905.65,0.0,53811.3
ITEM-005579,ORD-02645,PROD-0024,3,855.93,0.0,2567.79
ITEM-005580,ORD-02646,PROD-0053,3,1974.19,1184.51,4738.06
ITEM-005581,ORD-02647,PROD-0009,1,113999.83,11399.98,102599.85
ITEM-005582,ORD-02647,PROD-0043,1,1299.09,129.91,1169.18
ITEM-005583,ORD-02648,PROD-0016,1,13284.93,664.25,12620.68
ITEM-005584,ORD-02649,PROD-0041,3,1147.18,172.08,3269.46
ITEM-005585,ORD-02649,PROD-0009,2,113999.83,11399.98,216599.68
ITEM-005586,ORD-02650,PROD-0064,1,2018.49,504.62,1513.87
ITEM-005587,ORD-02651,PROD-0046,1,1068.78,267.19,801.59
ITEM-005588,ORD-02651,PROD-0073,2,11158.63,5579.31,16737.95
ITEM-005589,ORD-02652,PROD-0053,1,1974.19,493.55,1480.64
ITEM-005590,ORD-02653,PROD-0030,2,7630.74,0.0,15261.48
ITEM-005591,ORD-02653,PROD-0029,1,26905.65,0.0,26905.65
ITEM-005592,ORD-02653,PROD-0058,2,3021.89,0.0,6043.78
ITEM-005593,ORD-02654,PROD-0035,2,32410.39,6482.08,58338.7
ITEM-005594,ORD-02655,PROD-0012,2,51591.73,0.0,103183.46
ITEM-005595,ORD-02655,PROD-0002,1,121819.8,0.0,121819.8
ITEM-005596,ORD-02656,PROD-0042,1,472.22,94.44,377.78
ITEM-005597,ORD-02656,PROD-0012,4,51591.73,41273.38,165093.54
ITEM-005598,ORD-02656,PROD-0034,2,10118.15,4047.26,16189.04
ITEM-005599,ORD-02656,PROD-0044,3,1147.03,688.22,2752.87
ITEM-005600,ORD-02657,PROD-0017,1,14949.48,2242.42,12707.06
ITEM-005601,ORD-02658,PROD-0006,1,78104.58,11715.69,66388.89
ITEM-005602,ORD-02659,PROD-0055,1,3269.86,490.48,2779.38
ITEM-005603,ORD-02660,PROD-0080,3,47311.93,0.0,141935.79
ITEM-005604,ORD-02661,PROD-0010,1,29080.61,1454.03,27626.58
ITEM-005605,ORD-02662,PROD-0023,2,9803.45,0.0,19606.9
ITEM-005606,ORD-02662,PROD-0076,1,23557.35,0.0,23557.35
ITEM-005607,ORD-02663,PROD-0026,2,6024.68,0.0,12049.36
ITEM-005608,ORD-02663,PROD-0047,1,1537.69,0.0,1537.69
ITEM-005609,ORD-02664,PROD-0025,2,13690.5,8214.3,19166.7
ITEM-005610,ORD-02664,PROD-0078,1,14307.56,4292.27,10015.29
ITEM-005611,ORD-02664,PROD-0020,1,7859.34,2357.8,5501.54
ITEM-005612,ORD-02664,PROD-0022,5,10152.93,15229.4,35535.25
ITEM-005613,ORD-02665,PROD-0040,1,354.18,106.25,247.93
ITEM-005614,ORD-02665,PROD-0073,1,11158.63,3347.59,7811.04
ITEM-005615,ORD-02666,PROD-0059,3,955.76,0.0,2867.28
ITEM-005616,ORD-02667,PROD-0076,1,23557.35,2355.74,21201.61
ITEM-005617,ORD-02667,PROD-0043,1,1299.09,129.91,1169.18
ITEM-005618,ORD-02668,PROD-0069,2,4275.33,855.07,7695.59
ITEM-005619,ORD-02668,PROD-0028,2,14434.11,2886.82,25981.4
ITEM-005620,ORD-02669,PROD-0052,1,814.65,81.47,733.18
ITEM-005621,ORD-02669,PROD-0059,5,955.76,477.88,4300.92
ITEM-005622,ORD-02669,PROD-0080,1,47311.93,4731.19,42580.74
ITEM-005623,ORD-02670,PROD-0039,1,738.18,0.0,738.18
ITEM-005624,ORD-02671,PROD-0049,1,543.64,135.91,407.73
ITEM-005625,ORD-02671,PROD-0078,2,14307.56,7153.78,21461.34
ITEM-005626,ORD-02671,PROD-0040,1,354.18,88.55,265.63
ITEM-005627,ORD-02671,PROD-0072,5,3464.52,4330.65,12991.95
ITEM-005628,ORD-02671,PROD-0029,2,26905.65,13452.83,40358.47
ITEM-005629,ORD-02672,PROD-0053,2,1974.19,1184.51,2763.87
ITEM-005630,ORD-02673,PROD-0046,1,1068.78,106.88,961.9
ITEM-005631,ORD-02673,PROD-0003,1,32384.66,3238.47,29146.19
ITEM-005632,ORD-02673,PROD-0068,3,10709.38,3212.81,28915.33
ITEM-005633,ORD-02673,PROD-0042,1,472.22,47.22,425.0
ITEM-005634,ORD-02674,PROD-0024,1,855.93,171.19,684.74
ITEM-005635,ORD-02674,PROD-0049,3,543.64,326.18,1304.74
ITEM-005636,ORD-02675,PROD-0019,1,13763.21,3440.8,10322.41
ITEM-005637,ORD-02676,PROD-0021,2,14237.71,2847.54,25627.88
ITEM-005638,ORD-02676,PROD-0063,1,3661.31,366.13,3295.18
ITEM-005639,ORD-02676,PROD-0032,3,27601.51,8280.45,74524.08
ITEM-005640,ORD-02677,PROD-0070,2,26338.96,0.0,52677.92
ITEM-005641,ORD-02677,PROD-0078,1,14307.56,0.0,14307.56
ITEM-005642,ORD-02678,PROD-0035,1,32410.39,0.0,32410.39
ITEM-005643,ORD-02679,PROD-0031,1,43799.96,2190.0,41609.96
ITEM-005644,ORD-02680,PROD-0056,1,1266.18,126.62,1139.56
ITEM-005645,ORD-02681,PROD-0046,1,1068.78,320.63,748.15
ITEM-005646,ORD-02682,PROD-0077,5,18535.55,9267.77,83409.98
ITEM-005647,ORD-02682,PROD-0050,3,1843.01,552.9,4976.13
ITEM-005648,ORD-02682,PROD-0012,1,51591.73,5159.17,46432.56
ITEM-005649,ORD-02682,PROD-0070,2,26338.96,5267.79,47410.13
ITEM-005650,ORD-02682,PROD-0007,2,64234.24,12846.85,115621.63
ITEM-005651,ORD-02683,PROD-0067,5,12793.32,0.0,63966.6
ITEM-005652,ORD-02683,PROD-0061,1,3090.65,0.0,3090.65
ITEM-005653,ORD-02683,PROD-0079,1,2367.89,0.0,2367.89
ITEM-005654,ORD-02684,PROD-0033,1,45327.59,0.0,45327.59
ITEM-005655,ORD-02684,PROD-0003,2,32384.66,0.0,64769.32
ITEM-005656,ORD-02684,PROD-0032,1,27601.51,0.0,27601.51
ITEM-005657,ORD-02684,PROD-0080,2,47311.93,0.0,94623.86
ITEM-005658,ORD-02685,PROD-0012,2,51591.73,30955.04,72228.42
ITEM-005659,ORD-02685,PROD-0030,1,7630.74,2289.22,5341.52
ITEM-005660,ORD-02686,PROD-0070,2,26338.96,5267.79,47410.13
ITEM-005661,ORD-02686,PROD-0030,2,7630.74,1526.15,13735.33
ITEM-005662,ORD-02686,PROD-0031,1,43799.96,4380.0,39419.96
ITEM-005663,ORD-02686,PROD-0013,2,116727.16,23345.43,210108.89
ITEM-005664,ORD-02687,PROD-0061,1,3090.65,618.13,2472.52
ITEM-005665,ORD-02688,PROD-0018,2,13595.1,4078.53,23111.67
ITEM-005666,ORD-02689,PROD-0027,5,35192.66,0.0,175963.3
ITEM-005667,ORD-02689,PROD-0064,1,2018.49,0.0,2018.49
ITEM-005668,ORD-02689,PROD-0078,5,14307.56,0.0,71537.8
ITEM-005669,ORD-02690,PROD-0001,3,85654.19,0.0,256962.57
ITEM-005670,ORD-02690,PROD-0012,3,51591.73,0.0,154775.19
ITEM-005671,ORD-02691,PROD-0004,1,104516.44,20903.29,83613.15
ITEM-005672,ORD-02692,PROD-0065,3,3085.73,925.72,8331.47
ITEM-005673,ORD-02693,PROD-0001,2,85654.19,17130.84,154177.54
ITEM-005674,ORD-02694,PROD-0013,1,116727.16,0.0,116727.16
ITEM-005675,ORD-02695,PROD-0025,1,13690.5,3422.62,10267.88
ITEM-005676,ORD-02696,PROD-0028,3,14434.11,4330.23,38972.1
ITEM-005677,ORD-02696,PROD-0009,2,113999.83,22799.97,205199.69
ITEM-005678,ORD-02696,PROD-0038,1,15629.94,1562.99,14066.95
ITEM-005679,ORD-02697,PROD-0006,1,78104.58,3905.23,74199.35
ITEM-005680,ORD-02698,PROD-0077,4,18535.55,18535.55,55606.65
ITEM-005681,ORD-02699,PROD-0005,1,93567.0,0.0,93567.0
ITEM-005682,ORD-02699,PROD-0015,1,11857.0,0.0,11857.0
ITEM-005683,ORD-02700,PROD-0032,1,27601.51,0.0,27601.51
ITEM-005684,ORD-02701,PROD-0063,4,3661.31,2929.05,11716.19
ITEM-005685,ORD-02701,PROD-0041,2,1147.18,458.87,1835.49
ITEM-005686,ORD-02701,PROD-0052,1,814.65,162.93,651.72
ITEM-005687,ORD-02702,PROD-0014,2,1370.35,0.0,2740.7
ITEM-005688,ORD-02702,PROD-0075,3,17455.24,0.0,52365.72
ITEM-005689,ORD-02703,PROD-0060,1,239.31,23.93,215.38
ITEM-005690,ORD-02704,PROD-0028,3,14434.11,0.0,43302.33
ITEM-005691,ORD-02705,PROD-0038,3,15629.94,7033.47,39856.35
ITEM-005692,ORD-02706,PROD-0033,3,45327.59,13598.28,122384.49
ITEM-005693,ORD-02706,PROD-0028,2,14434.11,2886.82,25981.4
ITEM-005694,ORD-02707,PROD-0015,1,11857.0,3557.1,8299.9
ITEM-005695,ORD-02707,PROD-0048,2,1883.43,1130.06,2636.8
ITEM-005696,ORD-02707,PROD-0010,1,29080.61,8724.18,20356.43
ITEM-005697,ORD-02708,PROD-0015,5,11857.0,11857.0,47428.0
ITEM-005698,ORD-02708,PROD-0060,1,239.31,47.86,191.45
ITEM-005699,ORD-02709,PROD-0071,1,3798.51,189.93,3608.58
ITEM-005700,ORD-02709,PROD-0058,1,3021.89,151.09,2870.8
ITEM-005701,ORD-02709,PROD-0002,5,121819.8,30454.95,578644.05
ITEM-005702,ORD-02710,PROD-0033,1,45327.59,0.0,45327.59
ITEM-005703,ORD-02710,PROD-0007,5,64234.24,0.0,321171.2
ITEM-005704,ORD-02710,PROD-0006,2,78104.58,0.0,156209.16
ITEM-005705,ORD-02710,PROD-0080,1,47311.93,0.0,47311.93
ITEM-005706,ORD-02711,PROD-0026,1,6024.68,602.47,5422.21
ITEM-005707,ORD-02711,PROD-0037,1,31165.03,3116.5,28048.53
ITEM-005708,ORD-02711,PROD-0073,1,11158.63,1115.86,10042.77
ITEM-005709,ORD-02711,PROD-0015,2,11857.0,2371.4,21342.6
ITEM-005710,ORD-02712,PROD-0048,3,1883.43,0.0,5650.29
ITEM-005711,ORD-02713,PROD-0028,2,14434.11,0.0,28868.22
ITEM-005712,ORD-02713,PROD-0023,1,9803.45,0.0,9803.45
ITEM-005713,ORD-02713,PROD-0034,2,10118.15,0.0,20236.3
ITEM-005714,ORD-02713,PROD-0010,1,29080.61,0.0,29080.61
ITEM-005715,ORD-02714,PROD-0050,1,1843.01,0.0,1843.01
ITEM-005716,ORD-02714,PROD-0021,3,14237.71,0.0,42713.13
ITEM-005717,ORD-02714,PROD-0047,4,1537.69,0.0,6150.76
ITEM-005718,ORD-02715,PROD-0015,1,11857.0,0.0,11857.0
ITEM-005719,ORD-02716,PROD-0045,1,523.28,104.66,418.62
ITEM-005720,ORD-02716,PROD-0038,5,15629.94,15629.94,62519.76
ITEM-005721,ORD-02717,PROD-0022,2,10152.93,2030.59,18275.27
ITEM-005722,ORD-02717,PROD-0050,1,1843.01,184.3,1658.71
ITEM-005723,ORD-02717,PROD-0064,3,2018.49,605.55,5449.92
ITEM-005724,ORD-02718,PROD-0065,1,3085.73,925.72,2160.01
ITEM-005725,ORD-02718,PROD-0015,1,11857.0,3557.1,8299.9
ITEM-005726,ORD-02719,PROD-0069,1,4275.33,0.0,4275.33
ITEM-005727,ORD-02719,PROD-0053,1,1974.19,0.0,1974.19
ITEM-005728,ORD-02719,PROD-0018,1,13595.1,0.0,13595.1
ITEM-005729,ORD-02719,PROD-0077,2,18535.55,0.0,37071.1
ITEM-005730,ORD-02720,PROD-0022,3,10152.93,4568.82,25889.97
ITEM-005731,ORD-02720,PROD-0056,1,1266.18,189.93,1076.25
ITEM-005732,ORD-02720,PROD-0057,1,3014.34,452.15,2562.19
ITEM-005733,ORD-02720,PROD-0030,2,7630.74,2289.22,12972.26
ITEM-005734,ORD-02721,PROD-0044,1,1147.03,0.0,1147.03
ITEM-005735,ORD-02722,PROD-0037,1,31165.03,0.0,31165.03
ITEM-005736,ORD-02722,PROD-0002,2,121819.8,0.0,243639.6
ITEM-005737,ORD-02722,PROD-0047,3,1537.69,0.0,4613.07
ITEM-005738,ORD-02722,PROD-0026,1,6024.68,0.0,6024.68
ITEM-005739,ORD-02723,PROD-0058,1,3021.89,453.28,2568.61
ITEM-005740,ORD-02724,PROD-0068,1,10709.38,1606.41,9102.97
ITEM-005741,ORD-02725,PROD-0071,1,3798.51,0.0,3798.51
ITEM-005742,ORD-02726,PROD-0058,2,3021.89,0.0,6043.78
ITEM-005743,ORD-02726,PROD-0008,1,112318.49,0.0,112318.49
ITEM-005744,ORD-02726,PROD-0030,2,7630.74,0.0,15261.48
ITEM-005745,ORD-02726,PROD-0064,1,2018.49,0.0,2018.49
ITEM-005746,ORD-02727,PROD-0030,5,7630.74,1907.68,36246.02
ITEM-005747,ORD-02728,PROD-0051,2,1302.78,781.67,1823.89
ITEM-005748,ORD-02728,PROD-0035,3,32410.39,29169.35,68061.82
ITEM-005749,ORD-02729,PROD-0066,1,3066.74,306.67,2760.07
ITEM-005750,ORD-02730,PROD-0001,1,85654.19,0.0,85654.19
ITEM-005751,ORD-02731,PROD-0057,5,3014.34,753.59,14318.11
ITEM-005752,ORD-02731,PROD-0022,1,10152.93,507.65,9645.28
ITEM-005753,ORD-02731,PROD-0059,2,955.76,95.58,1815.94
ITEM-005754,ORD-02731,PROD-0077,2,18535.55,1853.56,35217.54
ITEM-005755,ORD-02732,PROD-0016,4,13284.93,0.0,53139.72
ITEM-005756,ORD-02732,PROD-0071,1,3798.51,0.0,3798.51
ITEM-005757,ORD-02733,PROD-0012,3,51591.73,38693.8,116081.39
ITEM-005758,ORD-02734,PROD-0025,1,13690.5,0.0,13690.5
ITEM-005759,ORD-02735,PROD-0026,2,6024.68,1204.94,10844.42
ITEM-005760,ORD-02735,PROD-0050,1,1843.01,184.3,1658.71
ITEM-005761,ORD-02736,PROD-0006,1,78104.58,19526.15,58578.43
ITEM-005762,ORD-02736,PROD-0047,1,1537.69,384.42,1153.27
ITEM-005763,ORD-02737,PROD-0009,2,113999.83,11399.98,216599.68
ITEM-005764,ORD-02737,PROD-0061,3,3090.65,463.6,8808.35
ITEM-005765,ORD-02738,PROD-0061,1,3090.65,0.0,3090.65
ITEM-005766,ORD-02738,PROD-0010,1,29080.61,0.0,29080.61
ITEM-005767,ORD-02738,PROD-0012,2,51591.73,0.0,103183.46
ITEM-005768,ORD-02738,PROD-0059,4,955.76,0.0,3823.04
ITEM-005769,ORD-02739,PROD-0073,1,11158.63,0.0,11158.63
ITEM-005770,ORD-02739,PROD-0056,1,1266.18,0.0,1266.18
ITEM-005771,ORD-02739,PROD-0066,2,3066.74,0.0,6133.48
ITEM-005772,ORD-02739,PROD-0072,1,3464.52,0.0,3464.52
ITEM-005773,ORD-02740,PROD-0033,1,45327.59,0.0,45327.59
ITEM-005774,ORD-02740,PROD-0008,1,112318.49,0.0,112318.49
ITEM-005775,ORD-02740,PROD-0058,2,3021.89,0.0,6043.78
ITEM-005776,ORD-02740,PROD-0078,4,14307.56,0.0,57230.24
ITEM-005777,ORD-02740,PROD-0004,2,104516.44,0.0,209032.88
ITEM-005778,ORD-02741,PROD-0016,1,13284.93,0.0,13284.93
ITEM-005779,ORD-02741,PROD-0074,1,23577.52,0.0,23577.52
ITEM-005780,ORD-02742,PROD-0036,1,29238.48,2923.85,26314.63
ITEM-005781,ORD-02742,PROD-0043,1,1299.09,129.91,1169.18
ITEM-005782,ORD-02742,PROD-0053,1,1974.19,197.42,1776.77
ITEM-005783,ORD-02742,PROD-0064,3,2018.49,605.55,5449.92
ITEM-005784,ORD-02742,PROD-0052,1,814.65,81.47,733.18
ITEM-005785,ORD-02743,PROD-0004,1,104516.44,0.0,104516.44
ITEM-005786,ORD-02743,PROD-0013,2,116727.16,0.0,233454.32
ITEM-005787,ORD-02744,PROD-0058,1,3021.89,0.0,3021.89
ITEM-005788,ORD-02744,PROD-0055,4,3269.86,0.0,13079.44
ITEM-005789,ORD-02744,PROD-0040,1,354.18,0.0,354.18
ITEM-005790,ORD-02745,PROD-0006,2,78104.58,0.0,156209.16
ITEM-005791,ORD-02745,PROD-0017,1,14949.48,0.0,14949.48
ITEM-005792,ORD-02745,PROD-0020,5,7859.34,0.0,39296.7
ITEM-005793,ORD-02745,PROD-0027,5,35192.66,0.0,175963.3
ITEM-005794,ORD-02746,PROD-0065,3,3085.73,2314.3,6942.89
ITEM-005795,ORD-02747,PROD-0018,3,13595.1,4078.53,36706.77
ITEM-005796,ORD-02747,PROD-0042,2,472.22,94.44,850.0
ITEM-005797,ORD-02748,PROD-0046,2,1068.78,534.39,1603.17
ITEM-005798,ORD-02749,PROD-0024,1,855.93,0.0,855.93
ITEM-005799,ORD-02749,PROD-0069,2,4275.33,0.0,8550.66
ITEM-005800,ORD-02750,PROD-0031,2,43799.96,0.0,87599.92
ITEM-005801,ORD-02750,PROD-0047,1,1537.69,0.0,1537.69
ITEM-005802,ORD-02751,PROD-0022,2,10152.93,6091.76,14214.1
ITEM-005803,ORD-02751,PROD-0080,1,47311.93,14193.58,33118.35
ITEM-005804,ORD-02751,PROD-0078,1,14307.56,4292.27,10015.29
ITEM-005805,ORD-02751,PROD-0025,2,13690.5,8214.3,19166.7
ITEM-005806,ORD-02751,PROD-0028,1,14434.11,4330.23,10103.88
ITEM-005807,ORD-02752,PROD-0033,1,45327.59,6799.14,38528.45
ITEM-005808,ORD-02752,PROD-0004,2,104516.44,31354.93,177677.95
ITEM-005809,ORD-02752,PROD-0079,2,2367.89,710.37,4025.41
ITEM-005810,ORD-02753,PROD-0078,3,14307.56,12876.8,30045.88
ITEM-005811,ORD-02754,PROD-0050,1,1843.01,184.3,1658.71
ITEM-005812,ORD-02755,PROD-0018,2,13595.1,0.0,27190.2
ITEM-005813,ORD-02756,PROD-0072,1,3464.52,346.45,3118.07
ITEM-005814,ORD-02757,PROD-0051,2,1302.78,0.0,2605.56
ITEM-005815,ORD-02757,PROD-0045,2,523.28,0.0,1046.56
ITEM-005816,ORD-02757,PROD-0017,2,14949.48,0.0,29898.96
ITEM-005817,ORD-02758,PROD-0059,1,955.76,95.58,860.18
ITEM-005818,ORD-02758,PROD-0052,5,814.65,407.32,3665.93
ITEM-005819,ORD-02759,PROD-0043,3,1299.09,0.0,3897.27
ITEM-005820,ORD-02759,PROD-0029,3,26905.65,0.0,80716.95
ITEM-005821,ORD-02760,PROD-0050,1,1843.01,368.6,1474.41
ITEM-005822,ORD-02760,PROD-0021,1,14237.71,2847.54,11390.17
ITEM-005823,ORD-02760,PROD-0008,1,112318.49,22463.7,89854.79
ITEM-005824,ORD-02760,PROD-0014,1,1370.35,274.07,1096.28
ITEM-005825,ORD-02761,PROD-0018,1,13595.1,3398.78,10196.32
ITEM-005826,ORD-02762,PROD-0026,1,6024.68,0.0,6024.68
ITEM-005827,ORD-02763,PROD-0044,5,1147.03,1720.55,4014.6
ITEM-005828,ORD-02763,PROD-0023,1,9803.45,2941.03,6862.42
ITEM-005829,ORD-02764,PROD-0068,1,10709.38,535.47,10173.91
ITEM-005830,ORD-02764,PROD-0072,4,3464.52,692.9,13165.18
ITEM-005831,ORD-02765,PROD-0059,1,955.76,143.36,812.4
ITEM-005832,ORD-02766,PROD-0047,1,1537.69,307.54,1230.15
ITEM-005833,ORD-02767,PROD-0040,3,354.18,318.76,743.78
ITEM-005834,ORD-02767,PROD-0027,4,35192.66,42231.19,98539.45
ITEM-005835,ORD-02767,PROD-0035,1,32410.39,9723.12,22687.27
ITEM-005836,ORD-02768,PROD-0044,1,1147.03,172.05,974.98
ITEM-005837,ORD-02769,PROD-0038,1,15629.94,0.0,15629.94
ITEM-005838,ORD-02769,PROD-0073,2,11158.63,0.0,22317.26
ITEM-005839,ORD-02770,PROD-0011,2,8972.23,1794.45,16150.01
ITEM-005840,ORD-02771,PROD-0039,3,738.18,110.73,2103.81
ITEM-005841,ORD-02771,PROD-0023,3,9803.45,1470.52,27939.83
ITEM-005842,ORD-02772,PROD-0065,1,3085.73,154.29,2931.44
ITEM-005843,ORD-02773,PROD-0021,2,14237.71,0.0,28475.42
ITEM-005844,ORD-02774,PROD-0053,1,1974.19,592.26,1381.93
ITEM-005845,ORD-02775,PROD-0079,4,2367.89,0.0,9471.56
ITEM-005846,ORD-02775,PROD-0023,2,9803.45,0.0,19606.9
ITEM-005847,ORD-02776,PROD-0076,2,23557.35,11778.67,35336.03
ITEM-005848,ORD-02777,PROD-0057,1,3014.34,904.3,2110.04
ITEM-005849,ORD-02777,PROD-0023,2,9803.45,5882.07,13724.83
ITEM-005850,ORD-02778,PROD-0080,2,47311.93,0.0,94623.86
ITEM-005851,ORD-02779,PROD-0048,1,1883.43,0.0,1883.43
ITEM-005852,ORD-02779,PROD-0073,1,11158.63,0.0,11158.63
ITEM-005853,ORD-02779,PROD-0016,1,13284.93,0.0,13284.93
ITEM-005854,ORD-02779,PROD-0047,3,1537.69,0.0,4613.07
ITEM-005855,ORD-02780,PROD-0010,3,29080.61,8724.18,78517.65
ITEM-005856,ORD-02781,PROD-0036,1,29238.48,0.0,29238.48
ITEM-005857,ORD-02782,PROD-0031,1,43799.96,4380.0,39419.96
ITEM-005858,ORD-02782,PROD-0007,1,64234.24,6423.42,57810.82
ITEM-005859,ORD-02783,PROD-0022,5,10152.93,0.0,50764.65
ITEM-005860,ORD-02783,PROD-0034,1,10118.15,0.0,10118.15
ITEM-005861,ORD-02783,PROD-0042,2,472.22,0.0,944.44
ITEM-005862,ORD-02783,PROD-0026,1,6024.68,0.0,6024.68
ITEM-005863,ORD-02784,PROD-0039,2,738.18,221.45,1254.91
ITEM-005864,ORD-02784,PROD-0031,2,43799.96,13139.99,74459.93
ITEM-005865,ORD-02785,PROD-0050,1,1843.01,92.15,1750.86
ITEM-005866,ORD-02785,PROD-0022,2,10152.93,1015.29,19290.57
ITEM-005867,ORD-02786,PROD-0010,1,29080.61,0.0,29080.61
ITEM-005868,ORD-02786,PROD-0035,2,32410.39,0.0,64820.78
ITEM-005869,ORD-02786,PROD-0054,1,4451.78,0.0,4451.78
ITEM-005870,ORD-02786,PROD-0002,2,121819.8,0.0,243639.6
ITEM-005871,ORD-02786,PROD-0055,1,3269.86,0.0,3269.86
ITEM-005872,ORD-02787,PROD-0053,2,1974.19,0.0,3948.38
ITEM-005873,ORD-02787,PROD-0032,4,27601.51,0.0,110406.04
ITEM-005874,ORD-02787,PROD-0058,1,3021.89,0.0,3021.89
ITEM-005875,ORD-02787,PROD-0040,3,354.18,0.0,1062.54
ITEM-005876,ORD-02788,PROD-0063,2,3661.31,0.0,7322.62
ITEM-005877,ORD-02789,PROD-0005,1,93567.0,18713.4,74853.6
ITEM-005878,ORD-02789,PROD-0050,1,1843.01,368.6,1474.41
ITEM-005879,ORD-02789,PROD-0044,3,1147.03,688.22,2752.87
ITEM-005880,ORD-02790,PROD-0045,1,523.28,52.33,470.95
ITEM-005881,ORD-02790,PROD-0075,1,17455.24,1745.52,15709.72
ITEM-005882,ORD-02791,PROD-0001,1,85654.19,17130.84,68523.35
ITEM-005883,ORD-02792,PROD-0011,3,8972.23,0.0,26916.69
ITEM-005884,ORD-02792,PROD-0054,1,4451.78,0.0,4451.78
ITEM-005885,ORD-02792,PROD-0006,5,78104.58,0.0,390522.9
ITEM-005886,ORD-02792,PROD-0001,1,85654.19,0.0,85654.19
ITEM-005887,ORD-02792,PROD-0033,4,45327.59,0.0,181310.36
ITEM-005888,ORD-02793,PROD-0054,5,4451.78,4451.78,17807.12
ITEM-005889,ORD-02793,PROD-0066,2,3066.74,1226.7,4906.78
ITEM-005890,ORD-02794,PROD-0023,1,9803.45,0.0,9803.45
ITEM-005891,ORD-02795,PROD-0011,1,8972.23,1794.45,7177.78
ITEM-005892,ORD-02796,PROD-0071,1,3798.51,0.0,3798.51
ITEM-005893,ORD-02796,PROD-0038,3,15629.94,0.0,46889.82
ITEM-005894,ORD-02796,PROD-0019,2,13763.21,0.0,27526.42
ITEM-005895,ORD-02797,PROD-0080,2,47311.93,14193.58,80430.28
ITEM-005896,ORD-02797,PROD-0078,1,14307.56,2146.13,12161.43
ITEM-005897,ORD-02797,PROD-0058,1,3021.89,453.28,2568.61
ITEM-005898,ORD-02798,PROD-0009,1,113999.83,0.0,113999.83
ITEM-005899,ORD-02799,PROD-0035,1,32410.39,8102.6,24307.79
ITEM-005900,ORD-02800,PROD-0061,1,3090.65,0.0,3090.65
ITEM-005901,ORD-02801,PROD-0032,4,27601.51,0.0,110406.04
ITEM-005902,ORD-02801,PROD-0069,1,4275.33,0.0,4275.33
ITEM-005903,ORD-02802,PROD-0075,2,17455.24,3491.05,31419.43
ITEM-005904,ORD-02802,PROD-0048,2,1883.43,376.69,3390.17
ITEM-005905,ORD-02802,PROD-0022,2,10152.93,2030.59,18275.27
ITEM-005906,ORD-02802,PROD-0067,1,12793.32,1279.33,11513.99
ITEM-005907,ORD-02802,PROD-0042,1,472.22,47.22,425.0
ITEM-005908,ORD-02803,PROD-0056,4,1266.18,506.47,4558.25
ITEM-005909,ORD-02803,PROD-0028,4,14434.11,5773.64,51962.8
ITEM-005910,ORD-02804,PROD-0078,2,14307.56,0.0,28615.12
ITEM-005911,ORD-02804,PROD-0065,1,3085.73,0.0,3085.73
ITEM-005912,ORD-02804,PROD-0022,1,10152.93,0.0,10152.93
ITEM-005913,ORD-02805,PROD-0061,2,3090.65,1854.39,4326.91
ITEM-005914,ORD-02805,PROD-0077,3,18535.55,16681.99,38924.66
ITEM-005915,ORD-02806,PROD-0057,1,3014.34,904.3,2110.04
ITEM-005916,ORD-02807,PROD-0013,1,116727.16,0.0,116727.16
ITEM-005917,ORD-02807,PROD-0006,1,78104.58,0.0,78104.58
ITEM-005918,ORD-02808,PROD-0069,1,4275.33,1068.83,3206.5
ITEM-005919,ORD-02809,PROD-0036,3,29238.48,13157.32,74558.12
ITEM-005920,ORD-02810,PROD-0008,5,112318.49,0.0,561592.45
ITEM-005921,ORD-02811,PROD-0056,2,1266.18,379.85,2152.51
ITEM-005922,ORD-02812,PROD-0068,2,10709.38,0.0,21418.76
ITEM-005923,ORD-02812,PROD-0046,5,1068.78,0.0,5343.9
ITEM-005924,ORD-02812,PROD-0071,1,3798.51,0.0,3798.51
ITEM-005925,ORD-02812,PROD-0053,1,1974.19,0.0,1974.19
ITEM-005926,ORD-02813,PROD-0028,1,14434.11,1443.41,12990.7
ITEM-005927,ORD-02813,PROD-0046,1,1068.78,106.88,961.9
ITEM-005928,ORD-02814,PROD-0003,3,32384.66,0.0,97153.98
ITEM-005929,ORD-02814,PROD-0063,1,3661.31,0.0,3661.31
ITEM-005930,ORD-02814,PROD-0042,1,472.22,0.0,472.22
ITEM-005931,ORD-02814,PROD-0011,1,8972.23,0.0,8972.23
ITEM-005932,ORD-02815,PROD-0018,1,13595.1,0.0,13595.1
ITEM-005933,ORD-02816,PROD-0037,1,31165.03,0.0,31165.03
ITEM-005934,ORD-02816,PROD-0014,3,1370.35,0.0,4111.05
ITEM-005935,ORD-02816,PROD-0068,3,10709.38,0.0,32128.14
ITEM-005936,ORD-02817,PROD-0038,1,15629.94,4688.98,10940.96
ITEM-005937,ORD-02818,PROD-0078,2,14307.56,0.0,28615.12
ITEM-005938,ORD-02819,PROD-0048,1,1883.43,0.0,1883.43
ITEM-005939,ORD-02820,PROD-0036,2,29238.48,14619.24,43857.72
ITEM-005940,ORD-02821,PROD-0059,1,955.76,95.58,860.18
ITEM-005941,ORD-02821,PROD-0076,3,23557.35,7067.2,63604.85
ITEM-005942,ORD-02822,PROD-0054,1,4451.78,0.0,4451.78
ITEM-005943,ORD-02822,PROD-0047,1,1537.69,0.0,1537.69
ITEM-005944,ORD-02822,PROD-0042,3,472.22,0.0,1416.66
ITEM-005945,ORD-02823,PROD-0046,2,1068.78,213.76,1923.8
ITEM-005946,ORD-02824,PROD-0043,1,1299.09,129.91,1169.18
ITEM-005947,ORD-02824,PROD-0010,1,29080.61,2908.06,26172.55
ITEM-005948,ORD-02824,PROD-0022,3,10152.93,3045.88,27412.91
ITEM-005949,ORD-02825,PROD-0038,1,15629.94,3125.99,12503.95
ITEM-005950,ORD-02825,PROD-0054,2,4451.78,1780.71,7122.85
ITEM-005951,ORD-02826,PROD-0011,3,8972.23,8075.01,18841.68
ITEM-005952,ORD-02826,PROD-0063,3,3661.31,3295.18,7688.75
ITEM-005953,ORD-02827,PROD-0062,1,4002.89,0.0,4002.89
ITEM-005954,ORD-02827,PROD-0076,2,23557.35,0.0,47114.7
ITEM-005955,ORD-02827,PROD-0023,3,9803.45,0.0,29410.35
ITEM-005956,ORD-02827,PROD-0080,1,47311.93,0.0,47311.93
ITEM-005957,ORD-02828,PROD-0027,1,35192.66,0.0,35192.66
ITEM-005958,ORD-02828,PROD-0080,3,47311.93,0.0,141935.79
ITEM-005959,ORD-02828,PROD-0051,5,1302.78,0.0,6513.9
ITEM-005960,ORD-02828,PROD-0064,2,2018.49,0.0,4036.98
ITEM-005961,ORD-02829,PROD-0008,3,112318.49,0.0,336955.47
ITEM-005962,ORD-02830,PROD-0044,1,1147.03,172.05,974.98
ITEM-005963,ORD-02830,PROD-0035,1,32410.39,4861.56,27548.83
ITEM-005964,ORD-02831,PROD-0012,2,51591.73,25795.87,77387.59
ITEM-005965,ORD-02831,PROD-0044,1,1147.03,286.76,860.27
ITEM-005966,ORD-02832,PROD-0019,1,13763.21,3440.8,10322.41
ITEM-005967,ORD-02833,PROD-0061,3,3090.65,0.0,9271.95
ITEM-005968,ORD-02833,PROD-0041,2,1147.18,0.0,2294.36
ITEM-005969,ORD-02833,PROD-0029,1,26905.65,0.0,26905.65
ITEM-005970,ORD-02834,PROD-0078,1,14307.56,2146.13,12161.43
ITEM-005971,ORD-02834,PROD-0062,1,4002.89,600.43,3402.46
ITEM-005972,ORD-02834,PROD-0049,1,543.64,81.55,462.09
ITEM-005973,ORD-02834,PROD-0032,1,27601.51,4140.23,23461.28
ITEM-005974,ORD-02834,PROD-0043,1,1299.09,194.86,1104.23
ITEM-005975,ORD-02835,PROD-0035,1,32410.39,6482.08,25928.31
ITEM-005976,ORD-02836,PROD-0003,1,32384.66,6476.93,25907.73
ITEM-005977,ORD-02837,PROD-0034,4,10118.15,2023.63,38448.97
ITEM-005978,ORD-02838,PROD-0068,2,10709.38,2141.88,19276.88
ITEM-005979,ORD-02839,PROD-0025,1,13690.5,0.0,13690.5
ITEM-005980,ORD-02839,PROD-0058,1,3021.89,0.0,3021.89
ITEM-005981,ORD-02840,PROD-0045,5,523.28,130.82,2485.58
ITEM-005982,ORD-02841,PROD-0025,1,13690.5,1369.05,12321.45
ITEM-005983,ORD-02841,PROD-0028,2,14434.11,2886.82,25981.4
ITEM-005984,ORD-02841,PROD-0065,2,3085.73,617.15,5554.31
ITEM-005985,ORD-02841,PROD-0006,1,78104.58,7810.46,70294.12
ITEM-005986,ORD-02842,PROD-0050,1,1843.01,184.3,1658.71
ITEM-005987,ORD-02842,PROD-0007,3,64234.24,19270.27,173432.45
ITEM-005988,ORD-02842,PROD-0032,3,27601.51,8280.45,74524.08
ITEM-005989,ORD-02843,PROD-0065,3,3085.73,0.0,9257.19
ITEM-005990,ORD-02844,PROD-0012,2,51591.73,0.0,103183.46
ITEM-005991,ORD-02845,PROD-0054,2,4451.78,890.36,8013.2
ITEM-005992,ORD-02846,PROD-0007,4,64234.24,25693.7,231243.26
ITEM-005993,ORD-02846,PROD-0024,1,855.93,85.59,770.34
ITEM-005994,ORD-02846,PROD-0003,1,32384.66,3238.47,29146.19
ITEM-005995,ORD-02846,PROD-0078,2,14307.56,2861.51,25753.61
ITEM-005996,ORD-02847,PROD-0021,2,14237.71,2847.54,25627.88
ITEM-005997,ORD-02848,PROD-0075,1,17455.24,0.0,17455.24
ITEM-005998,ORD-02849,PROD-0053,4,1974.19,2369.03,5527.73
ITEM-005999,ORD-02849,PROD-0064,3,2018.49,1816.64,4238.83
ITEM-006000,ORD-02850,PROD-0054,3,4451.78,1335.53,12019.81
ITEM-006001,ORD-02850,PROD-0044,1,1147.03,114.7,1032.33
ITEM-006002,ORD-02851,PROD-0045,1,523.28,104.66,418.62
ITEM-006003,ORD-02852,PROD-0008,1,112318.49,33695.55,78622.94
ITEM-006004,ORD-02852,PROD-0027,5,35192.66,52788.99,123174.31
ITEM-006005,ORD-02853,PROD-0043,3,1299.09,0.0,3897.27
ITEM-006006,ORD-02854,PROD-0026,3,6024.68,903.7,17170.34
ITEM-006007,ORD-02854,PROD-0046,2,1068.78,106.88,2030.68
ITEM-006008,ORD-02855,PROD-0007,1,64234.24,9635.14,54599.1
ITEM-006009,ORD-02856,PROD-0074,1,23577.52,4715.5,18862.02
ITEM-006010,ORD-02856,PROD-0041,1,1147.18,229.44,917.74
ITEM-006011,ORD-02857,PROD-0080,2,47311.93,0.0,94623.86
ITEM-006012,ORD-02858,PROD-0032,1,27601.51,2760.15,24841.36
ITEM-006013,ORD-02859,PROD-0011,1,8972.23,0.0,8972.23
ITEM-006014,ORD-02859,PROD-0027,2,35192.66,0.0,70385.32
ITEM-006015,ORD-02859,PROD-0047,1,1537.69,0.0,1537.69
ITEM-006016,ORD-02859,PROD-0009,2,113999.83,0.0,227999.66
ITEM-006017,ORD-02860,PROD-0003,1,32384.66,0.0,32384.66
ITEM-006018,ORD-02861,PROD-0056,1,1266.18,253.24,1012.94
ITEM-006019,ORD-02862,PROD-0002,1,121819.8,12181.98,109637.82
ITEM-006020,ORD-02862,PROD-0050,1,1843.01,184.3,1658.71
ITEM-006021,ORD-02862,PROD-0057,2,3014.34,602.87,5425.81
ITEM-006022,ORD-02863,PROD-0039,1,738.18,147.64,590.54
ITEM-006023,ORD-02864,PROD-0056,1,1266.18,189.93,1076.25
ITEM-006024,ORD-02864,PROD-0021,4,14237.71,8542.63,48408.21
ITEM-006025,ORD-02865,PROD-0037,1,31165.03,0.0,31165.03
ITEM-006026,ORD-02865,PROD-0072,3,3464.52,0.0,10393.56
ITEM-006027,ORD-02865,PROD-0032,4,27601.51,0.0,110406.04
ITEM-006028,ORD-02865,PROD-0033,1,45327.59,0.0,45327.59
ITEM-006029,ORD-02865,PROD-0018,1,13595.1,0.0,13595.1
ITEM-006030,ORD-02866,PROD-0007,2,64234.24,6423.42,122045.06
ITEM-006031,ORD-02866,PROD-0056,3,1266.18,189.93,3608.61
ITEM-006032,ORD-02867,PROD-0045,1,523.28,52.33,470.95
ITEM-006033,ORD-02867,PROD-0022,3,10152.93,3045.88,27412.91
ITEM-006034,ORD-02867,PROD-0005,5,93567.0,46783.5,421051.5
ITEM-006035,ORD-02867,PROD-0021,2,14237.71,2847.54,25627.88
ITEM-006036,ORD-02868,PROD-0060,3,239.31,215.38,502.55
ITEM-006037,ORD-02869,PROD-0070,1,26338.96,6584.74,19754.22
ITEM-006038,ORD-02870,PROD-0072,2,3464.52,0.0,6929.04
ITEM-006039,ORD-02871,PROD-0076,5,23557.35,0.0,117786.75
ITEM-006040,ORD-02872,PROD-0078,1,14307.56,715.38,13592.18
ITEM-006041,ORD-02873,PROD-0043,2,1299.09,259.82,2338.36
ITEM-006042,ORD-02874,PROD-0075,1,17455.24,3491.05,13964.19
ITEM-006043,ORD-02875,PROD-0051,1,1302.78,130.28,1172.5
ITEM-006044,ORD-02875,PROD-0038,3,15629.94,4688.98,42200.84
ITEM-006045,ORD-02875,PROD-0039,1,738.18,73.82,664.36
ITEM-006046,ORD-02876,PROD-0001,1,85654.19,21413.55,64240.64
ITEM-006047,ORD-02876,PROD-0004,1,104516.44,26129.11,78387.33
ITEM-006048,ORD-02876,PROD-0034,1,10118.15,2529.54,7588.61
ITEM-006049,ORD-02877,PROD-0068,1,10709.38,0.0,10709.38
ITEM-006050,ORD-02878,PROD-0043,1,1299.09,0.0,1299.09
ITEM-006051,ORD-02878,PROD-0033,1,45327.59,0.0,45327.59
ITEM-006052,ORD-02879,PROD-0076,1,23557.35,2355.74,21201.61
ITEM-006053,ORD-02880,PROD-0045,1,523.28,0.0,523.28
ITEM-006054,ORD-02880,PROD-0006,2,78104.58,0.0,156209.16
ITEM-006055,ORD-02881,PROD-0006,2,78104.58,15620.92,140588.24
ITEM-006056,ORD-02882,PROD-0030,1,7630.74,0.0,7630.74
ITEM-006057,ORD-02882,PROD-0055,3,3269.86,0.0,9809.58
ITEM-006058,ORD-02883,PROD-0006,3,78104.58,0.0,234313.74
ITEM-006059,ORD-02883,PROD-0017,1,14949.48,0.0,14949.48
ITEM-006060,ORD-02883,PROD-0065,1,3085.73,0.0,3085.73
ITEM-006061,ORD-02883,PROD-0004,1,104516.44,0.0,104516.44
ITEM-006062,ORD-02883,PROD-0008,2,112318.49,0.0,224636.98
ITEM-006063,ORD-02884,PROD-0064,2,2018.49,403.7,3633.28
ITEM-006064,ORD-02884,PROD-0031,1,43799.96,4380.0,39419.96
ITEM-006065,ORD-02884,PROD-0035,2,32410.39,6482.08,58338.7
ITEM-006066,ORD-02885,PROD-0013,1,116727.16,0.0,116727.16
ITEM-006067,ORD-02886,PROD-0063,2,3661.31,1464.52,5858.1
ITEM-006068,ORD-02887,PROD-0012,1,51591.73,2579.59,49012.14
ITEM-006069,ORD-02888,PROD-0062,1,4002.89,400.29,3602.6
ITEM-006070,ORD-02889,PROD-0045,1,523.28,52.33,470.95
ITEM-006071,ORD-02890,PROD-0065,2,3085.73,0.0,6171.46
ITEM-006072,ORD-02891,PROD-0026,3,6024.68,4518.51,13555.53
ITEM-006073,ORD-02891,PROD-0017,3,14949.48,11212.11,33636.33
ITEM-006074,ORD-02892,PROD-0065,4,3085.73,0.0,12342.92
ITEM-006075,ORD-02892,PROD-0044,5,1147.03,0.0,5735.15
ITEM-006076,ORD-02893,PROD-0055,2,3269.86,1961.92,4577.8
ITEM-006077,ORD-02893,PROD-0051,2,1302.78,781.67,1823.89
ITEM-006078,ORD-02894,PROD-0060,1,239.31,0.0,239.31
ITEM-006079,ORD-02895,PROD-0054,2,4451.78,0.0,8903.56
ITEM-006080,ORD-02896,PROD-0054,1,4451.78,1335.53,3116.25
ITEM-006081,ORD-02897,PROD-0039,4,738.18,295.27,2657.45
ITEM-006082,ORD-02897,PROD-0006,1,78104.58,7810.46,70294.12
ITEM-006083,ORD-02897,PROD-0073,1,11158.63,1115.86,10042.77
ITEM-006084,ORD-02897,PROD-0031,2,43799.96,8759.99,78839.93
ITEM-006085,ORD-02897,PROD-0054,1,4451.78,445.18,4006.6
ITEM-006086,ORD-02898,PROD-0041,3,1147.18,1032.46,2409.08
ITEM-006087,ORD-02898,PROD-0016,1,13284.93,3985.48,9299.45
ITEM-006088,ORD-02898,PROD-0053,1,1974.19,592.26,1381.93
ITEM-006089,ORD-02898,PROD-0015,1,11857.0,3557.1,8299.9
ITEM-006090,ORD-02899,PROD-0024,2,855.93,342.37,1369.49
ITEM-006091,ORD-02899,PROD-0017,1,14949.48,2989.9,11959.58
ITEM-006092,ORD-02899,PROD-0034,2,10118.15,4047.26,16189.04
ITEM-006093,ORD-02899,PROD-0048,1,1883.43,376.69,1506.74
ITEM-006094,ORD-02899,PROD-0010,1,29080.61,5816.12,23264.49
ITEM-006095,ORD-02900,PROD-0055,2,3269.86,980.96,5558.76
ITEM-006096,ORD-02900,PROD-0073,3,11158.63,5021.38,28454.51
ITEM-006097,ORD-02900,PROD-0058,3,3021.89,1359.85,7705.82
ITEM-006098,ORD-02900,PROD-0040,2,354.18,106.25,602.11
ITEM-006099,ORD-02901,PROD-0068,2,10709.38,0.0,21418.76
ITEM-006100,ORD-02901,PROD-0062,3,4002.89,0.0,12008.67
ITEM-006101,ORD-02902,PROD-0053,1,1974.19,592.26,1381.93
ITEM-006102,ORD-02902,PROD-0026,1,6024.68,1807.4,4217.28
ITEM-006103,ORD-02903,PROD-0045,1,523.28,52.33,470.95
ITEM-006104,ORD-02904,PROD-0034,1,10118.15,3035.45,7082.7
ITEM-006105,ORD-02904,PROD-0027,3,35192.66,31673.39,73904.59
ITEM-006106,ORD-02905,PROD-0024,1,855.93,0.0,855.93
ITEM-006107,ORD-02905,PROD-0045,1,523.28,0.0,523.28
ITEM-006108,ORD-02905,PROD-0073,4,11158.63,0.0,44634.52
ITEM-006109,ORD-02905,PROD-0011,1,8972.23,0.0,8972.23
ITEM-006110,ORD-02905,PROD-0055,1,3269.86,0.0,3269.86
ITEM-006111,ORD-02906,PROD-0002,1,121819.8,12181.98,109637.82
ITEM-006112,ORD-02906,PROD-0015,1,11857.0,1185.7,10671.3
ITEM-006113,ORD-02907,PROD-0078,1,14307.56,4292.27,10015.29
ITEM-006114,ORD-02908,PROD-0055,5,3269.86,817.47,15531.83
ITEM-006115,ORD-02908,PROD-0032,2,27601.51,2760.15,52442.87
ITEM-006116,ORD-02908,PROD-0060,3,239.31,35.9,682.03
ITEM-006117,ORD-02909,PROD-0045,1,523.28,26.16,497.12
ITEM-006118,ORD-02910,PROD-0054,3,4451.78,4006.6,9348.74
ITEM-006119,ORD-02911,PROD-0002,1,121819.8,36545.94,85273.86
ITEM-006120,ORD-02912,PROD-0061,1,3090.65,309.06,2781.59
ITEM-006121,ORD-02913,PROD-0063,1,3661.31,1098.39,2562.92
ITEM-006122,ORD-02913,PROD-0059,2,955.76,573.46,1338.06
ITEM-006123,ORD-02913,PROD-0048,1,1883.43,565.03,1318.4
ITEM-006124,ORD-02914,PROD-0040,1,354.18,0.0,354.18
ITEM-006125,ORD-02914,PROD-0009,1,113999.83,0.0,113999.83
ITEM-006126,ORD-02915,PROD-0005,1,93567.0,9356.7,84210.3
ITEM-006127,ORD-02916,PROD-0061,1,3090.65,463.6,2627.05
ITEM-006128,ORD-02916,PROD-0027,1,35192.66,5278.9,29913.76
ITEM-006129,ORD-02916,PROD-0003,3,32384.66,14573.1,82580.88
ITEM-006130,ORD-02917,PROD-0057,1,3014.34,602.87,2411.47
ITEM-006131,ORD-02918,PROD-0049,2,543.64,163.09,924.19
ITEM-006132,ORD-02918,PROD-0027,1,35192.66,5278.9,29913.76
ITEM-006133,ORD-02919,PROD-0030,3,7630.74,1144.61,21747.61
ITEM-006134,ORD-02919,PROD-0044,1,1147.03,57.35,1089.68
ITEM-006135,ORD-02920,PROD-0020,5,7859.34,9824.17,29472.53
ITEM-006136,ORD-02920,PROD-0002,3,121819.8,91364.85,274094.55
ITEM-006137,ORD-02921,PROD-0055,1,3269.86,0.0,3269.86
ITEM-006138,ORD-02921,PROD-0075,2,17455.24,0.0,34910.48
ITEM-006139,ORD-02922,PROD-0018,2,13595.1,1359.51,25830.69
ITEM-006140,ORD-02922,PROD-0009,1,113999.83,5699.99,108299.84
ITEM-006141,ORD-02923,PROD-0009,1,113999.83,11399.98,102599.85
ITEM-006142,ORD-02923,PROD-0014,4,1370.35,548.14,4933.26
ITEM-006143,ORD-02924,PROD-0011,1,8972.23,0.0,8972.23
ITEM-006144,ORD-02924,PROD-0060,2,239.31,0.0,478.62
ITEM-006145,ORD-02925,PROD-0027,1,35192.66,0.0,35192.66
ITEM-006146,ORD-02925,PROD-0051,1,1302.78,0.0,1302.78
ITEM-006147,ORD-02925,PROD-0055,2,3269.86,0.0,6539.72
ITEM-006148,ORD-02926,PROD-0039,1,738.18,221.45,516.73
ITEM-006149,ORD-02926,PROD-0062,1,4002.89,1200.87,2802.02
ITEM-006150,ORD-02926,PROD-0023,1,9803.45,2941.03,6862.42
ITEM-006151,ORD-02926,PROD-0065,3,3085.73,2777.16,6480.03
ITEM-006152,ORD-02927,PROD-0036,1,29238.48,5847.7,23390.78
ITEM-006153,ORD-02927,PROD-0044,1,1147.03,229.41,917.62
ITEM-006154,ORD-02928,PROD-0079,2,2367.89,1420.73,3315.05
ITEM-006155,ORD-02928,PROD-0007,2,64234.24,38540.54,89927.94
ITEM-006156,ORD-02929,PROD-0004,1,104516.44,0.0,104516.44
ITEM-006157,ORD-02929,PROD-0029,1,26905.65,0.0,26905.65
ITEM-006158,ORD-02930,PROD-0026,2,6024.68,3012.34,9037.02
ITEM-006159,ORD-02930,PROD-0014,1,1370.35,342.59,1027.76
ITEM-006160,ORD-02931,PROD-0044,1,1147.03,229.41,917.62
ITEM-006161,ORD-02932,PROD-0043,1,1299.09,64.95,1234.14
ITEM-006162,ORD-02932,PROD-0054,1,4451.78,222.59,4229.19
ITEM-006163,ORD-02933,PROD-0007,1,64234.24,19270.27,44963.97
ITEM-006164,ORD-02933,PROD-0032,1,27601.51,8280.45,19321.06
ITEM-006165,ORD-02934,PROD-0008,3,112318.49,33695.55,303259.92
ITEM-006166,ORD-02934,PROD-0059,1,955.76,95.58,860.18
ITEM-006167,ORD-02935,PROD-0051,3,1302.78,977.09,2931.25
ITEM-006168,ORD-02935,PROD-0043,2,1299.09,649.54,1948.64
ITEM-006169,ORD-02935,PROD-0020,3,7859.34,5894.51,17683.51
ITEM-006170,ORD-02935,PROD-0037,2,31165.03,15582.51,46747.55
ITEM-006171,ORD-02936,PROD-0021,5,14237.71,0.0,71188.55
ITEM-006172,ORD-02936,PROD-0077,1,18535.55,0.0,18535.55
ITEM-006173,ORD-02937,PROD-0022,4,10152.93,12183.52,28428.2
ITEM-006174,ORD-02937,PROD-0001,1,85654.19,25696.26,59957.93
ITEM-006175,ORD-02938,PROD-0076,1,23557.35,0.0,23557.35
ITEM-006176,ORD-02939,PROD-0035,1,32410.39,3241.04,29169.35
ITEM-006177,ORD-02939,PROD-0074,1,23577.52,2357.75,21219.77
ITEM-006178,ORD-02940,PROD-0046,1,1068.78,160.32,908.46
ITEM-006179,ORD-02941,PROD-0018,5,13595.1,3398.78,64576.72
ITEM-006180,ORD-02941,PROD-0066,2,3066.74,306.67,5826.81
ITEM-006181,ORD-02941,PROD-0022,3,10152.93,1522.94,28935.85
ITEM-006182,ORD-02942,PROD-0073,2,11158.63,0.0,22317.26
ITEM-006183,ORD-02943,PROD-0073,4,11158.63,13390.36,31244.16
ITEM-006184,ORD-02943,PROD-0004,5,104516.44,156774.66,365807.54
ITEM-006185,ORD-02944,PROD-0072,2,3464.52,0.0,6929.04
ITEM-006186,ORD-02944,PROD-0034,1,10118.15,0.0,10118.15
ITEM-006187,ORD-02945,PROD-0033,1,45327.59,0.0,45327.59
ITEM-006188,ORD-02945,PROD-0041,3,1147.18,0.0,3441.54
ITEM-006189,ORD-02946,PROD-0051,3,1302.78,586.25,3322.09
ITEM-006190,ORD-02946,PROD-0010,1,29080.61,4362.09,24718.52
ITEM-006191,ORD-02946,PROD-0031,1,43799.96,6569.99,37229.97
ITEM-006192,ORD-02946,PROD-0070,3,26338.96,11852.53,67164.35
ITEM-006193,ORD-02946,PROD-0069,5,4275.33,3206.5,18170.15
ITEM-006194,ORD-02947,PROD-0075,1,17455.24,0.0,17455.24
ITEM-006195,ORD-02947,PROD-0012,1,51591.73,0.0,51591.73
ITEM-006196,ORD-02947,PROD-0048,1,1883.43,0.0,1883.43
ITEM-006197,ORD-02947,PROD-0077,1,18535.55,0.0,18535.55
ITEM-006198,ORD-02948,PROD-0073,1,11158.63,3347.59,7811.04
ITEM-006199,ORD-02948,PROD-0047,1,1537.69,461.31,1076.38
ITEM-006200,ORD-02948,PROD-0076,1,23557.35,7067.2,16490.15
ITEM-006201,ORD-02948,PROD-0025,3,13690.5,12321.45,28750.05
ITEM-006202,ORD-02949,PROD-0059,1,955.76,0.0,955.76
ITEM-006203,ORD-02950,PROD-0072,3,3464.52,1559.03,8834.53
ITEM-006204,ORD-02951,PROD-0053,2,1974.19,789.68,3158.7
ITEM-006205,ORD-02951,PROD-0005,1,93567.0,18713.4,74853.6
ITEM-006206,ORD-02952,PROD-0057,1,3014.34,452.15,2562.19
ITEM-006207,ORD-02953,PROD-0004,4,104516.44,62709.86,355355.9
ITEM-006208,ORD-02953,PROD-0029,2,26905.65,8071.69,45739.61
ITEM-006209,ORD-02954,PROD-0071,4,3798.51,0.0,15194.04
ITEM-006210,ORD-02954,PROD-0013,1,116727.16,0.0,116727.16
ITEM-006211,ORD-02955,PROD-0074,1,23577.52,2357.75,21219.77
ITEM-006212,ORD-02955,PROD-0080,1,47311.93,4731.19,42580.74
ITEM-006213,ORD-02955,PROD-0055,5,3269.86,1634.93,14714.37
ITEM-006214,ORD-02956,PROD-0003,2,32384.66,3238.47,61530.85
ITEM-006215,ORD-02956,PROD-0026,1,6024.68,301.23,5723.45
ITEM-006216,ORD-02957,PROD-0065,1,3085.73,925.72,2160.01
ITEM-006217,ORD-02957,PROD-0029,1,26905.65,8071.69,18833.96
ITEM-006218,ORD-02957,PROD-0049,1,543.64,163.09,380.55
ITEM-006219,ORD-02958,PROD-0001,1,85654.19,4282.71,81371.48
ITEM-006220,ORD-02959,PROD-0042,3,472.22,0.0,1416.66
ITEM-006221,ORD-02959,PROD-0063,3,3661.31,0.0,10983.93
ITEM-006222,ORD-02960,PROD-0076,1,23557.35,3533.6,20023.75
ITEM-006223,ORD-02960,PROD-0053,1,1974.19,296.13,1678.06
ITEM-006224,ORD-02960,PROD-0063,1,3661.31,549.2,3112.11
ITEM-006225,ORD-02961,PROD-0077,1,18535.55,926.78,17608.77
ITEM-006226,ORD-02961,PROD-0032,1,27601.51,1380.08,26221.43
ITEM-006227,ORD-02962,PROD-0076,1,23557.35,3533.6,20023.75
ITEM-006228,ORD-02962,PROD-0044,1,1147.03,172.05,974.98
ITEM-006229,ORD-02963,PROD-0069,2,4275.33,2137.66,6413.0
ITEM-006230,ORD-02963,PROD-0064,1,2018.49,504.62,1513.87
ITEM-006231,ORD-02964,PROD-0046,5,1068.78,0.0,5343.9
ITEM-006232,ORD-02964,PROD-0067,1,12793.32,0.0,12793.32
ITEM-006233,ORD-02965,PROD-0021,1,14237.71,2847.54,11390.17
ITEM-006234,ORD-02966,PROD-0018,1,13595.1,679.75,12915.35
ITEM-006235,ORD-02966,PROD-0076,1,23557.35,1177.87,22379.48
ITEM-006236,ORD-02966,PROD-0023,1,9803.45,490.17,9313.28
ITEM-006237,ORD-02966,PROD-0055,2,3269.86,326.99,6212.73
ITEM-006238,ORD-02966,PROD-0054,1,4451.78,222.59,4229.19
ITEM-006239,ORD-02967,PROD-0042,2,472.22,236.11,708.33
ITEM-006240,ORD-02968,PROD-0012,3,51591.73,15477.52,139297.67
ITEM-006241,ORD-02969,PROD-0041,2,1147.18,0.0,2294.36
ITEM-006242,ORD-02970,PROD-0002,1,121819.8,0.0,121819.8
ITEM-006243,ORD-02970,PROD-0006,4,78104.58,0.0,312418.32
ITEM-006244,ORD-02971,PROD-0005,1,93567.0,0.0,93567.0
ITEM-006245,ORD-02971,PROD-0058,2,3021.89,0.0,6043.78
ITEM-006246,ORD-02972,PROD-0051,1,1302.78,260.56,1042.22
ITEM-006247,ORD-02973,PROD-0030,1,7630.74,763.07,6867.67
ITEM-006248,ORD-02973,PROD-0040,3,354.18,106.25,956.29
ITEM-006249,ORD-02973,PROD-0064,3,2018.49,605.55,5449.92
ITEM-006250,ORD-02974,PROD-0074,2,23577.52,14146.51,33008.53
ITEM-006251,ORD-02975,PROD-0078,1,14307.56,2861.51,11446.05
ITEM-006252,ORD-02976,PROD-0074,2,23577.52,2357.75,44797.29
ITEM-006253,ORD-02977,PROD-0049,1,543.64,81.55,462.09
ITEM-006254,ORD-02977,PROD-0064,1,2018.49,302.77,1715.72
ITEM-006255,ORD-02977,PROD-0009,5,113999.83,85499.87,484499.28
ITEM-006256,ORD-02977,PROD-0068,1,10709.38,1606.41,9102.97
ITEM-006257,ORD-02978,PROD-0070,2,26338.96,7901.69,44776.23
ITEM-006258,ORD-02979,PROD-0023,2,9803.45,2941.03,16665.87
ITEM-006259,ORD-02979,PROD-0046,1,1068.78,160.32,908.46
ITEM-006260,ORD-02980,PROD-0075,1,17455.24,0.0,17455.24
ITEM-006261,ORD-02980,PROD-0006,2,78104.58,0.0,156209.16
ITEM-006262,ORD-02980,PROD-0026,2,6024.68,0.0,12049.36
ITEM-006263,ORD-02980,PROD-0046,1,1068.78,0.0,1068.78
ITEM-006264,ORD-02980,PROD-0077,2,18535.55,0.0,37071.1
ITEM-006265,ORD-02981,PROD-0024,1,855.93,171.19,684.74
ITEM-006266,ORD-02982,PROD-0080,1,47311.93,11827.98,35483.95
ITEM-006267,ORD-02982,PROD-0076,2,23557.35,11778.67,35336.03
ITEM-006268,ORD-02983,PROD-0018,2,13595.1,0.0,27190.2
ITEM-006269,ORD-02983,PROD-0032,1,27601.51,0.0,27601.51
ITEM-006270,ORD-02983,PROD-0072,1,3464.52,0.0,3464.52
ITEM-006271,ORD-02984,PROD-0056,5,1266.18,0.0,6330.9
ITEM-006272,ORD-02984,PROD-0005,1,93567.0,0.0,93567.0
ITEM-006273,ORD-02985,PROD-0068,2,10709.38,2141.88,19276.88
ITEM-006274,ORD-02986,PROD-0010,4,29080.61,23264.49,93057.95
ITEM-006275,ORD-02987,PROD-0040,2,354.18,0.0,708.36
ITEM-006276,ORD-02987,PROD-0003,3,32384.66,0.0,97153.98
ITEM-006277,ORD-02987,PROD-0028,1,14434.11,0.0,14434.11
ITEM-006278,ORD-02988,PROD-0060,1,239.31,47.86,191.45
ITEM-006279,ORD-02989,PROD-0025,2,13690.5,6845.25,20535.75
ITEM-006280,ORD-02989,PROD-0003,2,32384.66,16192.33,48576.99
ITEM-006281,ORD-02990,PROD-0021,2,14237.71,1423.77,27051.65
ITEM-006282,ORD-02990,PROD-0073,2,11158.63,1115.86,21201.4
ITEM-006283,ORD-02991,PROD-0058,3,3021.89,1813.13,7252.54
ITEM-006284,ORD-02991,PROD-0002,1,121819.8,24363.96,97455.84
ITEM-006285,ORD-02991,PROD-0024,1,855.93,171.19,684.74
ITEM-006286,ORD-02991,PROD-0050,1,1843.01,368.6,1474.41
ITEM-006287,ORD-02992,PROD-0040,2,354.18,177.09,531.27
ITEM-006288,ORD-02993,PROD-0016,1,13284.93,1328.49,11956.44
ITEM-006289,ORD-02993,PROD-0029,3,26905.65,8071.7,72645.25
ITEM-006290,ORD-02994,PROD-0061,2,3090.65,0.0,6181.3
ITEM-006291,ORD-02995,PROD-0057,3,3014.34,0.0,9043.02
ITEM-006292,ORD-02996,PROD-0058,1,3021.89,453.28,2568.61
ITEM-006293,ORD-02996,PROD-0064,1,2018.49,302.77,1715.72
ITEM-006294,ORD-02997,PROD-0072,1,3464.52,0.0,3464.52
ITEM-006295,ORD-02997,PROD-0071,1,3798.51,0.0,3798.51
ITEM-006296,ORD-02997,PROD-0078,1,14307.56,0.0,14307.56
ITEM-006297,ORD-02998,PROD-0068,1,10709.38,3212.81,7496.57
ITEM-006298,ORD-02998,PROD-0057,2,3014.34,1808.6,4220.08
ITEM-006299,ORD-02998,PROD-0041,3,1147.18,1032.46,2409.08
ITEM-006300,ORD-02998,PROD-0035,1,32410.39,9723.12,22687.27
ITEM-006301,ORD-02999,PROD-0002,1,121819.8,30454.95,91364.85
ITEM-006302,ORD-02999,PROD-0027,1,35192.66,8798.17,26394.49
ITEM-006303,ORD-03000,PROD-0062,2,4002.89,1601.16,6404.62
ITEM-006304,ORD-03000,PROD-0015,2,11857.0,4742.8,18971.2
