order_id,customer_id,order_date,ship_date,shipping_type,order_status,payment_method,discount_percent
ORD-00001,CUST-0436,2025-04-03,2025-04-10,Standard,Shipped,Cash on Delivery,0
ORD-00002,CUST-0262,2024-11-10,2024-11-16,Standard,Delivered,Debit Card,10
ORD-00003,CUST-0336,2023-06-01,2023-06-03,Express,Delivered,UPI,15
ORD-00004,CUST-0343,2024-07-09,2024-07-13,Standard,Delivered,Credit Card,0
ORD-00005,CUST-0282,2024-03-18,2024-03-24,Express,Processing,Debit Card,10
ORD-00006,CUST-0311,2023-12-17,2023-12-21,Standard,Cancelled,Cash on Delivery,15
ORD-00007,CUST-0055,2024-12-24,2024-12-25,Express,Shipped,UPI,25
ORD-00008,CUST-0449,2024-12-02,2024-12-09,Same Day,Shipped,Net Banking,30
ORD-00009,CUST-0395,2024-02-05,2024-02-12,Same Day,Processing,Cash on Delivery,20
ORD-00010,CUST-0442,2023-06-29,2023-07-03,Express,Delivered,Net Banking,0
ORD-00011,CUST-0325,2024-01-12,2024-01-18,Express,Delivered,UPI,15
ORD-00012,CUST-0265,2024-11-30,2024-12-01,Standard,Shipped,Wallet,15
ORD-00013,CUST-0384,2024-05-16,2024-05-17,Same Day,Delivered,UPI,10
ORD-00014,CUST-0112,2025-01-08,2025-01-11,Standard,Delivered,Wallet,20
ORD-00015,CUST-0103,2024-01-27,2024-02-02,Express,Delivered,Debit Card,5
ORD-00016,CUST-0104,2024-02-11,2024-02-18,Standard,Processing,Credit Card,0
ORD-00017,CUST-0472,2023-08-20,2023-08-26,Standard,Returned,Credit Card,25
ORD-00018,CUST-0435,2024-10-06,2024-10-09,Same Day,Processing,UPI,30
ORD-00019,CUST-0252,2023-12-05,2023-12-12,Same Day,Shipped,Debit Card,30
ORD-00020,CUST-0028,2024-11-20,2024-11-27,Same Day,Cancelled,Cash on Delivery,0
ORD-00021,CUST-0178,2024-07-08,2024-07-15,Same Day,Delivered,Wallet,0
ORD-00022,CUST-0266,2024-09-14,2024-09-17,Standard,Delivered,Net Banking,5
ORD-00023,CUST-0298,2023-09-12,2023-09-15,Express,Processing,Cash on Delivery,0
ORD-00024,CUST-0135,2024-01-29,2024-02-01,Express,Returned,Debit Card,10
ORD-00025,CUST-0256,2024-08-08,2024-08-10,Express,Cancelled,Net Banking,10
ORD-00026,CUST-0144,2024-09-04,2024-09-06,Standard,Delivered,Wallet,0
ORD-00027,CUST-0139,2024-01-28,2024-02-02,Same Day,Cancelled,Debit Card,5
ORD-00028,CUST-0410,2023-11-01,2023-11-05,Standard,Delivered,Wallet,0
ORD-00029,CUST-0265,2024-11-28,2024-12-04,Same Day,Processing,Cash on Delivery,25
ORD-00030,CUST-0025,2024-07-12,2024-07-13,Standard,Delivered,UPI,5
ORD-00031,CUST-0244,2025-03-06,2025-03-07,Express,Returned,UPI,10
ORD-00032,CUST-0185,2024-12-25,2024-12-30,Express,Shipped,UPI,0
ORD-00033,CUST-0445,2025-04-26,2025-05-01,Standard,Delivered,UPI,10
ORD-00034,CUST-0167,2025-04-20,2025-04-25,Same Day,Returned,Net Banking,0
ORD-00035,CUST-0315,2024-03-20,2024-03-24,Standard,Delivered,Net Banking,10
ORD-00036,CUST-0324,2025-02-17,2025-02-22,Standard,Cancelled,Debit Card,0
ORD-00037,CUST-0176,2024-01-20,2024-01-23,Express,Processing,Cash on Delivery,10
ORD-00038,CUST-0331,2024-07-09,2024-07-12,Express,Returned,Cash on Delivery,30
ORD-00039,CUST-0495,2024-09-04,2024-09-08,Standard,Delivered,Debit Card,0
ORD-00040,CUST-0373,2024-01-27,2024-02-02,Standard,Shipped,Debit Card,5
ORD-00041,CUST-0204,2023-09-14,2023-09-15,Same Day,Delivered,Credit Card,25
ORD-00042,CUST-0014,2024-07-11,2024-07-16,Standard,Delivered,Cash on Delivery,10
ORD-00043,CUST-0080,2023-08-26,2023-09-01,Express,Cancelled,Debit Card,5
ORD-00044,CUST-0378,2024-03-17,2024-03-21,Standard,Delivered,Debit Card,25
ORD-00045,CUST-0015,2023-07-06,2023-07-12,Express,Processing,Net Banking,20
ORD-00046,CUST-0500,2024-12-05,2024-12-08,Standard,Returned,Debit Card,25
ORD-00047,CUST-0303,2025-02-01,2025-02-05,Express,Cancelled,Net Banking,10
ORD-00048,CUST-0277,2024-01-19,2024-01-26,Same Day,Delivered,UPI,10
ORD-00049,CUST-0212,2024-02-22,2024-02-24,Standard,Shipped,Cash on Delivery,0
ORD-00050,CUST-0418,2023-10-18,2023-10-21,Same Day,Shipped,Net Banking,20
ORD-00051,CUST-0154,2023-06-10,2023-06-17,Express,Cancelled,Debit Card,30
ORD-00052,CUST-0408,2023-06-08,2023-06-13,Standard,Processing,Cash on Delivery,15
ORD-00053,CUST-0224,2024-07-09,2024-07-11,Same Day,Delivered,Debit Card,15
ORD-00054,CUST-0135,2023-08-21,2023-08-25,Express,Delivered,Wallet,10
ORD-00055,CUST-0381,2024-11-26,2024-12-03,Same Day,Shipped,Debit Card,0
ORD-00056,CUST-0070,2024-03-23,2024-03-24,Same Day,Returned,Wallet,10
ORD-00057,CUST-0319,2024-10-16,2024-10-18,Standard,Processing,Credit Card,25
ORD-00058,CUST-0096,2023-09-13,2023-09-16,Standard,Shipped,Wallet,20
ORD-00059,CUST-0005,2024-01-25,2024-01-26,Standard,Delivered,Debit Card,20
ORD-00060,CUST-0176,2024-08-04,2024-08-07,Express,Returned,Wallet,20
ORD-00061,CUST-0406,2023-07-03,2023-07-06,Standard,Delivered,UPI,0
ORD-00062,CUST-0398,2024-07-06,2024-07-07,Standard,Returned,UPI,5
ORD-00063,CUST-0419,2024-06-25,2024-07-02,Standard,Delivered,Net Banking,5
ORD-00064,CUST-0395,2024-08-27,2024-08-29,Standard,Delivered,Wallet,20
ORD-00065,CUST-0395,2023-09-05,2023-09-10,Same Day,Delivered,Wallet,15
ORD-00066,CUST-0493,2024-04-15,2024-04-18,Standard,Delivered,Cash on Delivery,25
ORD-00067,CUST-0063,2024-02-15,2024-02-19,Standard,Shipped,Credit Card,10
ORD-00068,CUST-0443,2025-04-13,2025-04-15,Standard,Delivered,UPI,15
ORD-00069,CUST-0008,2023-11-19,2023-11-26,Standard,Shipped,Credit Card,5
ORD-00070,CUST-0497,2023-07-14,2023-07-19,Standard,Returned,Credit Card,10
ORD-00071,CUST-0128,2023-11-09,2023-11-13,Express,Delivered,Credit Card,0
ORD-00072,CUST-0183,2025-03-22,2025-03-24,Standard,Delivered,Debit Card,20
ORD-00073,CUST-0163,2024-12-23,2024-12-30,Same Day,Processing,Wallet,0
ORD-00074,CUST-0194,2024-06-01,2024-06-07,Express,Delivered,Net Banking,0
ORD-00075,CUST-0362,2024-08-22,2024-08-27,Same Day,Shipped,Cash on Delivery,5
ORD-00076,CUST-0096,2024-12-08,2024-12-11,Same Day,Processing,Cash on Delivery,30
ORD-00077,CUST-0083,2023-08-10,2023-08-15,Same Day,Delivered,UPI,10
ORD-00078,CUST-0278,2024-06-10,2024-06-14,Same Day,Delivered,Credit Card,0
ORD-00079,CUST-0318,2024-06-07,2024-06-14,Express,Delivered,Wallet,0
ORD-00080,CUST-0496,2024-12-03,2024-12-10,Standard,Cancelled,Cash on Delivery,20
ORD-00081,CUST-0079,2025-02-17,2025-02-20,Same Day,Processing,Credit Card,10
ORD-00082,CUST-0050,2024-11-17,2024-11-23,Standard,Delivered,Debit Card,0
ORD-00083,CUST-0448,2023-07-03,2023-07-05,Same Day,Delivered,Credit Card,5
ORD-00084,CUST-0017,2025-01-05,2025-01-11,Same Day,Cancelled,Cash on Delivery,25
ORD-00085,CUST-0360,2025-01-25,2025-01-28,Express,Delivered,Cash on Delivery,5
ORD-00086,CUST-0368,2023-08-12,2023-08-13,Same Day,Delivered,Net Banking,0
ORD-00087,CUST-0411,2025-03-16,2025-03-17,Same Day,Processing,Wallet,10
ORD-00088,CUST-0030,2025-02-21,2025-02-24,Standard,Delivered,Credit Card,10
ORD-00089,CUST-0484,2024-01-08,2024-01-13,Standard,Delivered,Cash on Delivery,5
ORD-00090,CUST-0198,2023-12-12,2023-12-14,Standard,Delivered,Net Banking,25
ORD-00091,CUST-0383,2023-09-17,2023-09-24,Same Day,Processing,Credit Card,15
ORD-00092,CUST-0086,2023-12-02,2023-12-07,Express,Cancelled,Cash on Delivery,25
ORD-00093,CUST-0227,2024-05-26,2024-05-29,Express,Processing,Wallet,15
ORD-00094,CUST-0221,2024-04-27,2024-05-02,Standard,Delivered,Cash on Delivery,15
ORD-00095,CUST-0475,2024-02-16,2024-02-19,Same Day,Returned,Credit Card,15
ORD-00096,CUST-0372,2023-07-06,2023-07-09,Standard,Delivered,Credit Card,10
ORD-00097,CUST-0154,2024-01-14,2024-01-16,Standard,Processing,Cash on Delivery,10
ORD-00098,CUST-0262,2024-12-21,2024-12-26,Standard,Delivered,Debit Card,10
ORD-00099,CUST-0071,2024-02-27,2024-03-01,Standard,Delivered,UPI,10
ORD-00100,CUST-0048,2025-01-05,2025-01-09,Standard,Delivered,Net Banking,10
ORD-00101,CUST-0089,2024-10-12,2024-10-19,Express,Delivered,Net Banking,30
ORD-00102,CUST-0041,2023-07-28,2023-08-04,Express,Processing,Net Banking,15
ORD-00103,CUST-0477,2023-10-02,2023-10-09,Standard,Delivered,Credit Card,15
ORD-00104,CUST-0157,2024-11-18,2024-11-19,Standard,Processing,Debit Card,5
ORD-00105,CUST-0026,2025-04-20,2025-04-26,Same Day,Cancelled,Cash on Delivery,30
ORD-00106,CUST-0259,2023-09-01,2023-09-03,Express,Cancelled,Debit Card,15
ORD-00107,CUST-0068,2024-05-10,2024-05-11,Standard,Returned,Net Banking,25
ORD-00108,CUST-0135,2023-08-27,2023-08-31,Standard,Cancelled,Net Banking,0
ORD-00109,CUST-0287,2023-12-20,2023-12-24,Standard,Cancelled,Debit Card,25
ORD-00110,CUST-0125,2023-08-13,2023-08-16,Express,Cancelled,Credit Card,30
ORD-00111,CUST-0058,2025-04-18,2025-04-22,Express,Cancelled,Debit Card,10
ORD-00112,CUST-0165,2024-05-18,2024-05-23,Express,Delivered,UPI,0
ORD-00113,CUST-0316,2024-08-26,2024-08-31,Same Day,Delivered,Debit Card,0
ORD-00114,CUST-0103,2024-06-17,2024-06-19,Standard,Delivered,Debit Card,0
ORD-00115,CUST-0486,2025-02-25,2025-02-27,Standard,Shipped,Wallet,10
ORD-00116,CUST-0412,2023-09-22,2023-09-25,Same Day,Returned,UPI,0
ORD-00117,CUST-0108,2024-12-02,2024-12-04,Express,Delivered,Wallet,30
ORD-00118,CUST-0073,2025-04-15,2025-04-16,Standard,Cancelled,Debit Card,10
ORD-00119,CUST-0031,2024-03-17,2024-03-19,Standard,Shipped,Wallet,20
ORD-00120,CUST-0484,2023-06-09,2023-06-10,Express,Cancelled,Credit Card,10
ORD-00121,CUST-0010,2024-03-26,2024-04-02,Standard,Cancelled,Cash on Delivery,15
ORD-00122,CUST-0364,2023-09-10,2023-09-13,Standard,Returned,Debit Card,0
ORD-00123,CUST-0257,2024-09-11,2024-09-16,Standard,Delivered,Cash on Delivery,5
ORD-00124,CUST-0157,2024-05-07,2024-05-11,Standard,Cancelled,UPI,0
ORD-00125,CUST-0351,2024-05-26,2024-05-29,Standard,Shipped,UPI,25
ORD-00126,CUST-0416,2023-08-03,2023-08-09,Same Day,Shipped,Cash on Delivery,0
ORD-00127,CUST-0486,2024-03-13,2024-03-15,Express,Delivered,Wallet,15
ORD-00128,CUST-0071,2023-08-29,2023-09-04,Standard,Cancelled,Debit Card,15
ORD-00129,CUST-0294,2023-11-04,2023-11-08,Express,Shipped,Debit Card,0
ORD-00130,CUST-0335,2023-10-20,2023-10-25,Standard,Delivered,Debit Card,25
ORD-00131,CUST-0221,2023-10-27,2023-11-02,Express,Delivered,Wallet,25
ORD-00132,CUST-0061,2023-12-06,2023-12-09,Standard,Delivered,Net Banking,15
ORD-00133,CUST-0156,2024-08-27,2024-09-02,Standard,Shipped,Credit Card,5
ORD-00134,CUST-0068,2023-12-07,2023-12-08,Standard,Shipped,Wallet,5
ORD-00135,CUST-0014,2024-06-02,2024-06-03,Standard,Returned,Cash on Delivery,25
ORD-00136,CUST-0241,2025-03-27,2025-03-30,Same Day,Delivered,Net Banking,20
ORD-00137,CUST-0071,2023-11-15,2023-11-17,Standard,Delivered,UPI,0
ORD-00138,CUST-0487,2024-07-27,2024-07-29,Standard,Delivered,Debit Card,0
ORD-00139,CUST-0475,2024-08-23,2024-08-30,Express,Returned,Debit Card,20
ORD-00140,CUST-0219,2024-07-19,2024-07-26,Same Day,Delivered,Net Banking,10
ORD-00141,CUST-0314,2025-01-06,2025-01-11,Standard,Delivered,Net Banking,20
ORD-00142,CUST-0424,2023-07-14,2023-07-16,Standard,Cancelled,Net Banking,25
ORD-00143,CUST-0265,2025-03-07,2025-03-08,Express,Delivered,Net Banking,20
ORD-00144,CUST-0453,2024-04-07,2024-04-14,Same Day,Shipped,Net Banking,0
ORD-00145,CUST-0151,2025-02-17,2025-02-18,Same Day,Delivered,Credit Card,20
ORD-00146,CUST-0370,2024-10-25,2024-10-26,Standard,Delivered,Net Banking,10
ORD-00147,CUST-0013,2023-12-01,2023-12-05,Same Day,Delivered,Wallet,10
ORD-00148,CUST-0333,2023-11-15,2023-11-21,Standard,Delivered,Wallet,20
ORD-00149,CUST-0186,2023-08-27,2023-09-01,Standard,Cancelled,Cash on Delivery,15
ORD-00150,CUST-0195,2023-07-15,2023-07-22,Express,Delivered,Wallet,30
ORD-00151,CUST-0442,2023-11-01,2023-11-03,Standard,Delivered,Net Banking,0
ORD-00152,CUST-0158,2024-04-12,2024-04-18,Express,Returned,Credit Card,0
ORD-00153,CUST-0461,2023-10-13,2023-10-15,Express,Delivered,Net Banking,20
ORD-00154,CUST-0279,2023-06-06,2023-06-11,Standard,Returned,Cash on Delivery,5
ORD-00155,CUST-0338,2024-09-30,2024-10-04,Same Day,Cancelled,Cash on Delivery,0
ORD-00156,CUST-0308,2023-06-07,2023-06-09,Standard,Shipped,Debit Card,0
ORD-00157,CUST-0076,2023-07-27,2023-08-02,Standard,Processing,Credit Card,0
ORD-00158,CUST-0342,2025-01-12,2025-01-19,Express,Shipped,Credit Card,0
ORD-00159,CUST-0056,2024-07-31,2024-08-02,Express,Delivered,Wallet,30
ORD-00160,CUST-0355,2025-01-30,2025-02-04,Same Day,Delivered,UPI,30
ORD-00161,CUST-0477,2023-07-07,2023-07-08,Express,Shipped,Net Banking,10
ORD-00162,CUST-0420,2023-08-09,2023-08-16,Standard,Cancelled,Net Banking,10
ORD-00163,CUST-0069,2023-10-03,2023-10-09,Express,Shipped,Debit Card,25
ORD-00164,CUST-0357,2024-01-01,2024-01-06,Standard,Delivered,Wallet,30
ORD-00165,CUST-0323,2024-11-23,2024-11-24,Express,Returned,UPI,10
ORD-00166,CUST-0270,2025-01-09,2025-01-14,Standard,Processing,Cash on Delivery,30
ORD-00167,CUST-0255,2024-11-14,2024-11-20,Same Day,Returned,Debit Card,30
ORD-00168,CUST-0363,2024-03-24,2024-03-26,Standard,Delivered,Net Banking,0
ORD-00169,CUST-0321,2023-09-29,2023-10-05,Same Day,Delivered,Credit Card,15
ORD-00170,CUST-0171,2024-05-24,2024-05-29,Standard,Delivered,Wallet,5
ORD-00171,CUST-0145,2024-02-16,2024-02-23,Express,Delivered,Cash on Delivery,10
ORD-00172,CUST-0282,2024-04-27,2024-05-04,Standard,Delivered,UPI,10
ORD-00173,CUST-0203,2025-01-03,2025-01-08,Standard,Delivered,UPI,5
ORD-00174,CUST-0427,2024-05-12,2024-05-18,Same Day,Returned,Wallet,0
ORD-00175,CUST-0070,2024-10-06,2024-10-08,Express,Returned,Wallet,15
ORD-00176,CUST-0029,2024-11-15,2024-11-18,Standard,Processing,UPI,10
ORD-00177,CUST-0034,2023-10-31,2023-11-03,Express,Delivered,Debit Card,25
ORD-00178,CUST-0293,2025-02-10,2025-02-14,Standard,Delivered,Wallet,10
ORD-00179,CUST-0440,2024-04-18,2024-04-24,Express,Delivered,Credit Card,15
ORD-00180,CUST-0255,2024-01-30,2024-02-02,Express,Returned,Cash on Delivery,5
ORD-00181,CUST-0155,2023-11-27,2023-11-28,Standard,Processing,Net Banking,0
ORD-00182,CUST-0260,2023-06-26,2023-07-03,Standard,Returned,UPI,5
ORD-00183,CUST-0473,2024-10-08,2024-10-14,Express,Shipped,Cash on Delivery,0
ORD-00184,CUST-0347,2023-10-14,2023-10-16,Same Day,Delivered,Credit Card,25
ORD-00185,CUST-0003,2024-04-14,2024-04-15,Express,Delivered,Credit Card,20
ORD-00186,CUST-0053,2024-11-15,2024-11-22,Standard,Shipped,Wallet,10
ORD-00187,CUST-0457,2024-01-01,2024-01-04,Standard,Delivered,UPI,10
ORD-00188,CUST-0273,2024-04-22,2024-04-29,Standard,Returned,Debit Card,10
ORD-00189,CUST-0081,2024-03-07,2024-03-08,Standard,Delivered,Cash on Delivery,5
ORD-00190,CUST-0180,2024-12-14,2024-12-17,Standard,Shipped,Cash on Delivery,10
ORD-00191,CUST-0126,2023-11-23,2023-11-24,Express,Shipped,Debit Card,0
ORD-00192,CUST-0015,2024-09-25,2024-10-01,Standard,Delivered,Credit Card,15
ORD-00193,CUST-0045,2024-08-10,2024-08-14,Same Day,Delivered,UPI,30
ORD-00194,CUST-0160,2024-05-06,2024-05-13,Standard,Delivered,Cash on Delivery,20
ORD-00195,CUST-0068,2023-09-04,2023-09-11,Standard,Returned,UPI,20
ORD-00196,CUST-0351,2025-03-21,2025-03-27,Same Day,Returned,Debit Card,5
ORD-00197,CUST-0074,2025-02-21,2025-02-24,Same Day,Processing,Wallet,0
ORD-00198,CUST-0470,2025-04-12,2025-04-15,Same Day,Processing,Credit Card,20
ORD-00199,CUST-0034,2024-09-29,2024-09-30,Same Day,Processing,Debit Card,20
ORD-00200,CUST-0145,2024-05-22,2024-05-27,Standard,Delivered,Wallet,15
ORD-00201,CUST-0408,2023-09-18,2023-09-21,Express,Delivered,Net Banking,25
ORD-00202,CUST-0206,2025-01-25,2025-01-29,Standard,Delivered,Debit Card,25
ORD-00203,CUST-0499,2024-10-06,2024-10-10,Express,Delivered,Net Banking,30
ORD-00204,CUST-0402,2024-08-19,2024-08-24,Standard,Processing,Wallet,0
ORD-00205,CUST-0343,2023-08-19,2023-08-25,Standard,Returned,Cash on Delivery,30
ORD-00206,CUST-0238,2024-04-29,2024-05-04,Same Day,Delivered,UPI,0
ORD-00207,CUST-0490,2024-07-20,2024-07-21,Same Day,Delivered,Net Banking,10
ORD-00208,CUST-0331,2025-04-07,2025-04-08,Standard,Delivered,Cash on Delivery,0
ORD-00209,CUST-0463,2025-03-13,2025-03-20,Standard,Delivered,Net Banking,0
ORD-00210,CUST-0273,2024-03-25,2024-03-29,Standard,Returned,Wallet,5
ORD-00211,CUST-0450,2024-04-20,2024-04-23,Same Day,Shipped,Credit Card,10
ORD-00212,CUST-0299,2023-06-09,2023-06-14,Standard,Cancelled,Credit Card,10
ORD-00213,CUST-0190,2024-12-14,2024-12-15,Express,Delivered,Credit Card,10
ORD-00214,CUST-0121,2024-08-16,2024-08-22,Express,Cancelled,Net Banking,15
ORD-00215,CUST-0196,2024-08-19,2024-08-24,Standard,Delivered,Debit Card,20
ORD-00216,CUST-0097,2024-12-20,2024-12-24,Same Day,Processing,Debit Card,0
ORD-00217,CUST-0006,2023-08-13,2023-08-19,Standard,Delivered,Wallet,20
ORD-00218,CUST-0224,2023-10-18,2023-10-19,Same Day,Delivered,Net Banking,30
ORD-00219,CUST-0320,2023-12-02,2023-12-06,Same Day,Cancelled,Debit Card,5
ORD-00220,CUST-0218,2025-02-09,2025-02-10,Standard,Returned,UPI,25
ORD-00221,CUST-0211,2024-12-11,2024-12-16,Standard,Processing,Net Banking,30
ORD-00222,CUST-0361,2024-06-12,2024-06-13,Standard,Returned,Wallet,0
ORD-00223,CUST-0375,2024-11-21,2024-11-28,Same Day,Shipped,Cash on Delivery,25
ORD-00224,CUST-0046,2024-02-07,2024-02-11,Express,Delivered,Credit Card,30
ORD-00225,CUST-0463,2024-05-17,2024-05-22,Same Day,Delivered,Cash on Delivery,20
ORD-00226,CUST-0464,2024-09-23,2024-09-28,Same Day,Processing,UPI,10
ORD-00227,CUST-0149,2023-11-19,2023-11-20,Express,Shipped,Cash on Delivery,20
ORD-00228,CUST-0087,2025-01-07,2025-01-08,Standard,Shipped,Net Banking,10
ORD-00229,CUST-0043,2023-10-08,2023-10-13,Express,Delivered,UPI,30
ORD-00230,CUST-0141,2024-02-19,2024-02-20,Standard,Delivered,Wallet,30
ORD-00231,CUST-0078,2025-04-05,2025-04-09,Standard,Processing,Wallet,10
ORD-00232,CUST-0121,2024-10-09,2024-10-11,Express,Delivered,Cash on Delivery,0
ORD-00233,CUST-0479,2023-11-05,2023-11-12,Same Day,Returned,Wallet,5
ORD-00234,CUST-0226,2025-03-14,2025-03-16,Express,Delivered,Wallet,0
ORD-00235,CUST-0136,2023-09-27,2023-09-28,Same Day,Delivered,Net Banking,15
ORD-00236,CUST-0155,2024-09-30,2024-10-06,Same Day,Delivered,Net Banking,15
ORD-00237,CUST-0135,2023-10-27,2023-11-01,Standard,Cancelled,Net Banking,20
ORD-00238,CUST-0348,2024-04-19,2024-04-24,Standard,Delivered,Wallet,25
ORD-00239,CUST-0182,2024-08-16,2024-08-21,Express,Shipped,UPI,10
ORD-00240,CUST-0411,2023-09-09,2023-09-12,Same Day,Cancelled,Wallet,5
ORD-00241,CUST-0345,2025-01-23,2025-01-30,Express,Delivered,UPI,0
ORD-00242,CUST-0281,2023-06-11,2023-06-17,Standard,Delivered,Net Banking,0
ORD-00243,CUST-0051,2024-11-19,2024-11-20,Express,Returned,UPI,10
ORD-00244,CUST-0099,2023-07-05,2023-07-06,Standard,Delivered,Wallet,30
ORD-00245,CUST-0458,2024-01-09,2024-01-14,Standard,Delivered,Cash on Delivery,0
ORD-00246,CUST-0067,2024-06-19,2024-06-25,Standard,Delivered,UPI,0
ORD-00247,CUST-0151,2024-09-21,2024-09-27,Same Day,Delivered,Net Banking,10
ORD-00248,CUST-0355,2025-04-14,2025-04-21,Express,Processing,Credit Card,0
ORD-00249,CUST-0142,2023-08-03,2023-08-07,Express,Cancelled,UPI,0
ORD-00250,CUST-0490,2024-02-27,2024-02-29,Standard,Returned,Debit Card,20
ORD-00251,CUST-0313,2024-07-07,2024-07-09,Standard,Returned,Cash on Delivery,0
ORD-00252,CUST-0394,2024-08-15,2024-08-17,Same Day,Delivered,Credit Card,10
ORD-00253,CUST-0018,2023-08-14,2023-08-15,Same Day,Shipped,Net Banking,0
ORD-00254,CUST-0077,2025-03-30,2025-04-05,Standard,Delivered,UPI,15
ORD-00255,CUST-0078,2024-05-03,2024-05-07,Same Day,Delivered,Net Banking,20
ORD-00256,CUST-0207,2023-08-11,2023-08-16,Standard,Delivered,Wallet,15
ORD-00257,CUST-0419,2024-10-06,2024-10-07,Express,Processing,Credit Card,15
ORD-00258,CUST-0324,2025-03-24,2025-03-25,Express,Processing,Net Banking,0
ORD-00259,CUST-0390,2024-03-23,2024-03-29,Standard,Delivered,Credit Card,25
ORD-00260,CUST-0496,2024-06-28,2024-07-04,Express,Delivered,Credit Card,15
ORD-00261,CUST-0323,2024-06-02,2024-06-06,Same Day,Delivered,Debit Card,5
ORD-00262,CUST-0019,2023-12-15,2023-12-16,Same Day,Delivered,Wallet,25
ORD-00263,CUST-0158,2024-10-24,2024-10-29,Standard,Returned,UPI,0
ORD-00264,CUST-0404,2023-07-14,2023-07-18,Standard,Delivered,Net Banking,25
ORD-00265,CUST-0482,2025-04-25,2025-05-02,Standard,Delivered,Credit Card,0
ORD-00266,CUST-0377,2023-10-23,2023-10-27,Same Day,Delivered,Credit Card,30
ORD-00267,CUST-0125,2025-03-26,2025-03-28,Standard,Delivered,UPI,0
ORD-00268,CUST-0421,2023-09-08,2023-09-12,Standard,Delivered,Credit Card,0
ORD-00269,CUST-0255,2025-01-30,2025-02-06,Standard,Delivered,Net Banking,5
ORD-00270,CUST-0173,2025-04-25,2025-04-29,Standard,Processing,Cash on Delivery,30
ORD-00271,CUST-0071,2024-04-25,2024-05-02,Standard,Delivered,Debit Card,30
ORD-00272,CUST-0172,2023-08-04,2023-08-05,Standard,Shipped,Debit Card,15
ORD-00273,CUST-0357,2024-06-13,2024-06-18,Same Day,Delivered,Cash on Delivery,5
ORD-00274,CUST-0021,2023-10-15,2023-10-16,Standard,Cancelled,Credit Card,20
ORD-00275,CUST-0004,2023-06-08,2023-06-10,Express,Delivered,Wallet,15
ORD-00276,CUST-0414,2024-09-30,2024-10-06,Standard,Delivered,Wallet,0
ORD-00277,CUST-0139,2024-11-17,2024-11-21,Standard,Cancelled,Wallet,30
ORD-00278,CUST-0020,2025-01-31,2025-02-02,Standard,Returned,UPI,10
ORD-00279,CUST-0215,2023-06-05,2023-06-10,Standard,Delivered,Cash on Delivery,0
ORD-00280,CUST-0049,2025-02-23,2025-02-26,Same Day,Delivered,UPI,5
ORD-00281,CUST-0028,2023-12-16,2023-12-17,Same Day,Delivered,Wallet,0
ORD-00282,CUST-0473,2023-07-15,2023-07-16,Express,Processing,Net Banking,5
ORD-00283,CUST-0129,2024-05-08,2024-05-13,Standard,Returned,Wallet,0
ORD-00284,CUST-0027,2024-12-02,2024-12-04,Standard,Delivered,Credit Card,0
ORD-00285,CUST-0459,2024-01-27,2024-02-02,Express,Returned,Debit Card,15
ORD-00286,CUST-0383,2025-04-24,2025-04-27,Standard,Delivered,Debit Card,10
ORD-00287,CUST-0051,2024-01-29,2024-02-04,Standard,Cancelled,Debit Card,15
ORD-00288,CUST-0038,2024-09-25,2024-09-30,Standard,Returned,Debit Card,15
ORD-00289,CUST-0111,2025-02-14,2025-02-18,Same Day,Delivered,Debit Card,10
ORD-00290,CUST-0235,2023-12-16,2023-12-22,Express,Processing,Credit Card,0
ORD-00291,CUST-0355,2025-01-03,2025-01-04,Standard,Shipped,Net Banking,0
ORD-00292,CUST-0235,2024-08-02,2024-08-04,Standard,Processing,Cash on Delivery,10
ORD-00293,CUST-0081,2025-03-15,2025-03-20,Standard,Delivered,Net Banking,0
ORD-00294,CUST-0439,2024-11-16,2024-11-20,Same Day,Delivered,Credit Card,10
ORD-00295,CUST-0374,2024-08-12,2024-08-18,Standard,Delivered,Net Banking,10
ORD-00296,CUST-0297,2024-01-14,2024-01-19,Standard,Delivered,Credit Card,15
ORD-00297,CUST-0021,2024-09-24,2024-09-30,Same Day,Delivered,Net Banking,25
ORD-00298,CUST-0246,2023-09-09,2023-09-13,Standard,Returned,Cash on Delivery,0
ORD-00299,CUST-0386,2023-06-13,2023-06-19,Standard,Cancelled,UPI,0
ORD-00300,CUST-0152,2024-01-31,2024-02-06,Standard,Delivered,Wallet,20
ORD-00301,CUST-0157,2023-11-13,2023-11-19,Standard,Returned,Debit Card,20
ORD-00302,CUST-0448,2024-07-20,2024-07-22,Same Day,Processing,Wallet,0
ORD-00303,CUST-0037,2024-06-29,2024-07-05,Standard,Processing,Net Banking,10
ORD-00304,CUST-0386,2024-03-03,2024-03-09,Standard,Delivered,UPI,30
ORD-00305,CUST-0377,2023-07-27,2023-08-01,Standard,Processing,Net Banking,0
ORD-00306,CUST-0188,2024-09-19,2024-09-24,Express,Delivered,Debit Card,10
ORD-00307,CUST-0332,2024-12-24,2024-12-30,Standard,Delivered,Debit Card,10
ORD-00308,CUST-0277,2023-09-25,2023-10-01,Standard,Returned,UPI,5
ORD-00309,CUST-0181,2024-02-29,2024-03-05,Express,Cancelled,Credit Card,0
ORD-00310,CUST-0191,2024-05-19,2024-05-23,Standard,Returned,Wallet,20
ORD-00311,CUST-0273,2025-04-25,2025-05-02,Same Day,Shipped,UPI,30
ORD-00312,CUST-0410,2025-04-20,2025-04-26,Standard,Delivered,Credit Card,20
ORD-00313,CUST-0042,2024-07-05,2024-07-07,Standard,Shipped,Debit Card,0
ORD-00314,CUST-0142,2023-09-23,2023-09-29,Same Day,Delivered,Debit Card,0
ORD-00315,CUST-0267,2025-03-04,2025-03-05,Same Day,Shipped,Debit Card,25
ORD-00316,CUST-0243,2024-05-21,2024-05-25,Standard,Returned,Debit Card,10
ORD-00317,CUST-0033,2023-06-23,2023-06-30,Express,Delivered,Cash on Delivery,15
ORD-00318,CUST-0176,2025-04-02,2025-04-08,Same Day,Processing,Wallet,30
ORD-00319,CUST-0357,2024-11-24,2024-12-01,Same Day,Returned,UPI,0
ORD-00320,CUST-0088,2024-02-22,2024-02-24,Express,Returned,Credit Card,10
ORD-00321,CUST-0076,2024-05-27,2024-05-30,Standard,Returned,Debit Card,30
ORD-00322,CUST-0365,2024-11-30,2024-12-03,Standard,Delivered,Debit Card,0
ORD-00323,CUST-0122,2023-09-28,2023-09-29,Standard,Processing,UPI,20
ORD-00324,CUST-0190,2023-12-06,2023-12-08,Express,Delivered,UPI,0
ORD-00325,CUST-0230,2024-12-04,2024-12-06,Standard,Shipped,Net Banking,15
ORD-00326,CUST-0394,2023-10-27,2023-10-31,Standard,Processing,Cash on Delivery,25
ORD-00327,CUST-0170,2025-03-24,2025-03-30,Same Day,Shipped,Cash on Delivery,10
ORD-00328,CUST-0342,2023-10-29,2023-11-05,Express,Returned,Credit Card,20
ORD-00329,CUST-0072,2025-04-25,2025-04-30,Express,Delivered,Net Banking,0
ORD-00330,CUST-0317,2024-01-12,2024-01-16,Standard,Processing,Credit Card,10
ORD-00331,CUST-0312,2025-03-18,2025-03-20,Express,Delivered,Credit Card,5
ORD-00332,CUST-0043,2024-12-03,2024-12-10,Standard,Returned,Debit Card,15
ORD-00333,CUST-0252,2024-04-21,2024-04-26,Express,Delivered,Debit Card,15
ORD-00334,CUST-0367,2024-08-11,2024-08-14,Express,Cancelled,UPI,0
ORD-00335,CUST-0177,2024-05-25,2024-05-28,Standard,Returned,Wallet,5
ORD-00336,CUST-0455,2024-08-28,2024-09-03,Same Day,Cancelled,Debit Card,10
ORD-00337,CUST-0413,2024-08-08,2024-08-14,Standard,Cancelled,Cash on Delivery,30
ORD-00338,CUST-0045,2023-10-26,2023-10-28,Same Day,Shipped,UPI,25
ORD-00339,CUST-0034,2025-01-25,2025-02-01,Standard,Cancelled,Net Banking,0
ORD-00340,CUST-0328,2024-03-06,2024-03-10,Same Day,Delivered,Debit Card,30
ORD-00341,CUST-0103,2023-12-08,2023-12-15,Express,Cancelled,UPI,0
ORD-00342,CUST-0428,2025-01-20,2025-01-23,Same Day,Returned,Credit Card,5
ORD-00343,CUST-0406,2023-06-03,2023-06-05,Express,Shipped,Credit Card,20
ORD-00344,CUST-0335,2025-04-12,2025-04-15,Standard,Cancelled,Wallet,20
ORD-00345,CUST-0331,2024-02-06,2024-02-07,Express,Delivered,Credit Card,20
ORD-00346,CUST-0307,2024-06-05,2024-06-10,Same Day,Returned,Wallet,10
ORD-00347,CUST-0352,2024-09-30,2024-10-06,Express,Delivered,Wallet,25
ORD-00348,CUST-0295,2023-06-18,2023-06-25,Standard,Shipped,Credit Card,30
ORD-00349,CUST-0075,2024-04-23,2024-04-27,Express,Delivered,Credit Card,0
ORD-00350,CUST-0140,2024-06-04,2024-06-08,Standard,Processing,UPI,10
ORD-00351,CUST-0272,2025-03-16,2025-03-17,Standard,Delivered,Cash on Delivery,0
ORD-00352,CUST-0386,2023-11-19,2023-11-24,Express,Processing,UPI,10
ORD-00353,CUST-0351,2024-06-06,2024-06-07,Standard,Processing,Debit Card,0
ORD-00354,CUST-0266,2024-03-15,2024-03-18,Same Day,Returned,Debit Card,10
ORD-00355,CUST-0053,2024-01-10,2024-01-12,Standard,Delivered,Cash on Delivery,25
ORD-00356,CUST-0354,2024-11-20,2024-11-27,Same Day,Delivered,Credit Card,0
ORD-00357,CUST-0420,2023-10-13,2023-10-14,Express,Returned,Debit Card,10
ORD-00358,CUST-0419,2024-08-26,2024-08-31,Standard,Processing,Credit Card,10
ORD-00359,CUST-0382,2023-09-30,2023-10-02,Standard,Delivered,UPI,5
ORD-00360,CUST-0065,2024-01-01,2024-01-03,Same Day,Delivered,Credit Card,0
ORD-00361,CUST-0010,2024-10-08,2024-10-15,Standard,Cancelled,Wallet,0
ORD-00362,CUST-0263,2025-01-28,2025-01-29,Standard,Returned,Credit Card,10
ORD-00363,CUST-0034,2024-04-04,2024-04-10,Standard,Delivered,Cash on Delivery,0
ORD-00364,CUST-0106,2025-01-22,2025-01-24,Express,Delivered,Credit Card,0
ORD-00365,CUST-0075,2024-03-11,2024-03-16,Express,Processing,Cash on Delivery,0
ORD-00366,CUST-0400,2025-02-17,2025-02-19,Standard,Delivered,Credit Card,30
ORD-00367,CUST-0271,2024-01-09,2024-01-15,Express,Delivered,Cash on Delivery,0
ORD-00368,CUST-0003,2023-09-10,2023-09-12,Express,Returned,Debit Card,30
ORD-00369,CUST-0226,2025-04-20,2025-04-21,Express,Delivered,Net Banking,15
ORD-00370,CUST-0110,2024-11-08,2024-11-10,Standard,Cancelled,Credit Card,10
ORD-00371,CUST-0239,2023-09-21,2023-09-26,Same Day,Delivered,Wallet,10
ORD-00372,CUST-0148,2024-12-22,2024-12-28,Standard,Delivered,Net Banking,0
ORD-00373,CUST-0146,2024-09-10,2024-09-15,Same Day,Shipped,Cash on Delivery,5
ORD-00374,CUST-0209,2024-03-24,2024-03-31,Standard,Cancelled,Net Banking,0
ORD-00375,CUST-0481,2025-04-26,2025-04-29,Standard,Delivered,Wallet,20
ORD-00376,CUST-0054,2024-07-10,2024-07-14,Standard,Delivered,Net Banking,0
ORD-00377,CUST-0206,2025-01-25,2025-01-26,Standard,Delivered,Debit Card,10
ORD-00378,CUST-0174,2023-12-23,2023-12-28,Standard,Cancelled,Wallet,15
ORD-00379,CUST-0256,2024-03-12,2024-03-19,Same Day,Shipped,Net Banking,10
ORD-00380,CUST-0342,2025-02-07,2025-02-11,Express,Returned,Net Banking,0
ORD-00381,CUST-0056,2023-10-04,2023-10-07,Same Day,Returned,Credit Card,0
ORD-00382,CUST-0051,2023-07-25,2023-08-01,Same Day,Delivered,Debit Card,0
ORD-00383,CUST-0196,2025-02-09,2025-02-15,Standard,Processing,Cash on Delivery,10
ORD-00384,CUST-0320,2023-09-07,2023-09-14,Same Day,Delivered,Debit Card,20
ORD-00385,CUST-0151,2025-04-08,2025-04-12,Express,Returned,UPI,25
ORD-00386,CUST-0415,2024-12-05,2024-12-10,Standard,Delivered,Net Banking,0
ORD-00387,CUST-0231,2024-04-18,2024-04-25,Same Day,Cancelled,Credit Card,20
ORD-00388,CUST-0017,2023-11-29,2023-12-04,Standard,Shipped,UPI,0
ORD-00389,CUST-0367,2024-07-03,2024-07-07,Same Day,Delivered,Wallet,25
ORD-00390,CUST-0277,2025-01-06,2025-01-10,Standard,Returned,Credit Card,25
ORD-00391,CUST-0201,2024-02-25,2024-02-29,Express,Cancelled,UPI,10
ORD-00392,CUST-0032,2023-06-29,2023-07-04,Standard,Delivered,UPI,10
ORD-00393,CUST-0415,2025-01-18,2025-01-19,Same Day,Processing,Net Banking,0
ORD-00394,CUST-0177,2024-05-31,2024-06-04,Standard,Processing,Debit Card,5
ORD-00395,CUST-0121,2025-03-25,2025-03-28,Standard,Delivered,Credit Card,10
ORD-00396,CUST-0173,2023-11-21,2023-11-22,Standard,Processing,Cash on Delivery,15
ORD-00397,CUST-0264,2024-08-05,2024-08-08,Same Day,Delivered,Credit Card,30
ORD-00398,CUST-0163,2024-06-21,2024-06-26,Express,Cancelled,Credit Card,30
ORD-00399,CUST-0414,2024-10-13,2024-10-14,Express,Delivered,Debit Card,10
ORD-00400,CUST-0315,2024-04-02,2024-04-05,Standard,Cancelled,Wallet,20
ORD-00401,CUST-0434,2023-08-17,2023-08-24,Express,Delivered,Credit Card,10
ORD-00402,CUST-0153,2025-01-08,2025-01-12,Standard,Delivered,Credit Card,30
ORD-00403,CUST-0304,2024-05-10,2024-05-13,Same Day,Delivered,Debit Card,15
ORD-00404,CUST-0178,2023-08-18,2023-08-24,Express,Shipped,Wallet,15
ORD-00405,CUST-0277,2024-04-16,2024-04-18,Same Day,Cancelled,Cash on Delivery,10
ORD-00406,CUST-0264,2024-09-07,2024-09-13,Standard,Delivered,Debit Card,25
ORD-00407,CUST-0296,2024-10-24,2024-10-26,Express,Returned,Cash on Delivery,25
ORD-00408,CUST-0437,2024-08-18,2024-08-23,Standard,Delivered,Net Banking,10
ORD-00409,CUST-0076,2024-02-02,2024-02-04,Same Day,Shipped,UPI,15
ORD-00410,CUST-0441,2023-08-05,2023-08-11,Same Day,Delivered,UPI,10
ORD-00411,CUST-0331,2023-11-12,2023-11-15,Same Day,Delivered,Debit Card,0
ORD-00412,CUST-0015,2024-02-07,2024-02-14,Same Day,Shipped,Cash on Delivery,20
ORD-00413,CUST-0224,2024-08-06,2024-08-12,Standard,Delivered,UPI,0
ORD-00414,CUST-0070,2023-06-30,2023-07-03,Standard,Shipped,Wallet,0
ORD-00415,CUST-0249,2023-06-21,2023-06-22,Express,Delivered,UPI,30
ORD-00416,CUST-0444,2023-08-05,2023-08-09,Standard,Processing,Wallet,15
ORD-00417,CUST-0432,2023-10-22,2023-10-24,Standard,Delivered,Cash on Delivery,30
ORD-00418,CUST-0129,2024-10-21,2024-10-22,Standard,Delivered,UPI,10
ORD-00419,CUST-0427,2025-01-19,2025-01-25,Standard,Cancelled,Debit Card,15
ORD-00420,CUST-0074,2023-09-18,2023-09-20,Express,Delivered,Net Banking,20
ORD-00421,CUST-0131,2025-01-24,2025-01-25,Express,Returned,UPI,0
ORD-00422,CUST-0280,2024-08-07,2024-08-11,Express,Delivered,UPI,0
ORD-00423,CUST-0244,2024-06-11,2024-06-18,Standard,Shipped,Credit Card,30
ORD-00424,CUST-0431,2025-04-09,2025-04-16,Standard,Delivered,Cash on Delivery,10
ORD-00425,CUST-0197,2024-04-12,2024-04-18,Standard,Processing,Debit Card,25
ORD-00426,CUST-0440,2024-08-27,2024-08-31,Same Day,Delivered,UPI,10
ORD-00427,CUST-0047,2024-01-28,2024-01-31,Standard,Delivered,Wallet,20
ORD-00428,CUST-0163,2025-03-21,2025-03-25,Express,Delivered,Net Banking,0
ORD-00429,CUST-0242,2024-07-27,2024-08-03,Same Day,Processing,Debit Card,0
ORD-00430,CUST-0358,2024-02-23,2024-02-28,Express,Delivered,Cash on Delivery,15
ORD-00431,CUST-0374,2024-12-12,2024-12-18,Same Day,Processing,Wallet,0
ORD-00432,CUST-0329,2023-12-06,2023-12-12,Standard,Returned,Wallet,5
ORD-00433,CUST-0157,2024-04-17,2024-04-22,Standard,Delivered,Debit Card,0
ORD-00434,CUST-0265,2025-03-26,2025-04-02,Same Day,Delivered,Net Banking,10
ORD-00435,CUST-0245,2023-10-15,2023-10-18,Express,Delivered,Credit Card,5
ORD-00436,CUST-0213,2024-06-11,2024-06-13,Same Day,Cancelled,Debit Card,30
ORD-00437,CUST-0011,2023-06-24,2023-06-29,Standard,Delivered,Debit Card,20
ORD-00438,CUST-0135,2023-11-20,2023-11-21,Same Day,Cancelled,Credit Card,0
ORD-00439,CUST-0491,2024-06-11,2024-06-13,Standard,Delivered,Net Banking,25
ORD-00440,CUST-0396,2024-09-07,2024-09-14,Standard,Returned,Wallet,5
ORD-00441,CUST-0105,2023-12-13,2023-12-20,Express,Shipped,Debit Card,15
ORD-00442,CUST-0221,2023-12-29,2024-01-03,Express,Delivered,Net Banking,5
ORD-00443,CUST-0093,2024-07-23,2024-07-30,Standard,Delivered,UPI,10
ORD-00444,CUST-0121,2025-02-22,2025-02-26,Express,Delivered,Wallet,30
ORD-00445,CUST-0332,2024-09-12,2024-09-13,Same Day,Delivered,UPI,0
ORD-00446,CUST-0499,2024-07-12,2024-07-18,Same Day,Delivered,Wallet,15
ORD-00447,CUST-0306,2024-02-18,2024-02-19,Standard,Delivered,UPI,0
ORD-00448,CUST-0477,2024-01-27,2024-01-31,Standard,Processing,UPI,0
ORD-00449,CUST-0259,2025-02-24,2025-02-28,Same Day,Shipped,Debit Card,10
ORD-00450,CUST-0496,2024-12-24,2024-12-25,Express,Delivered,UPI,20
ORD-00451,CUST-0450,2024-09-22,2024-09-24,Express,Delivered,Net Banking,25
ORD-00452,CUST-0073,2024-02-22,2024-02-23,Standard,Processing,Net Banking,0
ORD-00453,CUST-0447,2024-03-14,2024-03-20,Same Day,Processing,UPI,10
ORD-00454,CUST-0314,2024-02-26,2024-03-02,Same Day,Processing,UPI,0
ORD-00455,CUST-0378,2024-10-16,2024-10-23,Same Day,Delivered,Credit Card,0
ORD-00456,CUST-0118,2023-12-05,2023-12-06,Express,Returned,Net Banking,20
ORD-00457,CUST-0060,2024-10-19,2024-10-20,Express,Returned,Net Banking,25
ORD-00458,CUST-0235,2024-10-17,2024-10-18,Standard,Delivered,UPI,5
ORD-00459,CUST-0093,2023-11-20,2023-11-26,Standard,Shipped,Cash on Delivery,0
ORD-00460,CUST-0393,2025-01-05,2025-01-07,Standard,Cancelled,Net Banking,5
ORD-00461,CUST-0347,2023-09-05,2023-09-08,Express,Delivered,Net Banking,0
ORD-00462,CUST-0192,2025-01-25,2025-01-26,Standard,Processing,Credit Card,0
ORD-00463,CUST-0236,2025-04-06,2025-04-10,Express,Returned,Wallet,30
ORD-00464,CUST-0003,2024-05-03,2024-05-04,Express,Returned,Debit Card,30
ORD-00465,CUST-0109,2023-07-20,2023-07-27,Express,Shipped,Wallet,0
ORD-00466,CUST-0037,2024-12-12,2024-12-17,Standard,Cancelled,Debit Card,0
ORD-00467,CUST-0495,2024-07-13,2024-07-14,Standard,Delivered,Net Banking,0
ORD-00468,CUST-0400,2024-07-17,2024-07-20,Standard,Delivered,Net Banking,10
ORD-00469,CUST-0411,2024-08-16,2024-08-22,Standard,Shipped,Wallet,10
ORD-00470,CUST-0050,2024-06-11,2024-06-16,Same Day,Delivered,Net Banking,20
ORD-00471,CUST-0244,2024-03-01,2024-03-06,Standard,Cancelled,UPI,15
ORD-00472,CUST-0315,2023-12-08,2023-12-12,Standard,Cancelled,Net Banking,10
ORD-00473,CUST-0347,2024-01-16,2024-01-22,Same Day,Delivered,Wallet,25
ORD-00474,CUST-0332,2024-11-19,2024-11-20,Same Day,Shipped,UPI,20
ORD-00475,CUST-0077,2023-10-09,2023-10-15,Standard,Shipped,Cash on Delivery,10
ORD-00476,CUST-0025,2024-12-16,2024-12-17,Standard,Delivered,Credit Card,15
ORD-00477,CUST-0238,2025-04-07,2025-04-13,Express,Shipped,Cash on Delivery,10
ORD-00478,CUST-0042,2024-10-28,2024-10-29,Same Day,Delivered,Net Banking,0
ORD-00479,CUST-0024,2023-08-25,2023-08-29,Express,Shipped,Wallet,30
ORD-00480,CUST-0233,2025-04-17,2025-04-21,Express,Shipped,Debit Card,0
ORD-00481,CUST-0095,2023-08-20,2023-08-26,Standard,Shipped,Cash on Delivery,15
ORD-00482,CUST-0010,2023-06-06,2023-06-10,Standard,Delivered,Wallet,0
ORD-00483,CUST-0245,2024-09-14,2024-09-20,Same Day,Cancelled,Cash on Delivery,10
ORD-00484,CUST-0417,2025-02-21,2025-02-24,Express,Cancelled,Debit Card,0
ORD-00485,CUST-0070,2023-06-15,2023-06-17,Standard,Delivered,Credit Card,5
ORD-00486,CUST-0108,2024-10-05,2024-10-11,Standard,Delivered,Debit Card,25
ORD-00487,CUST-0045,2024-04-04,2024-04-11,Standard,Returned,Net Banking,20
ORD-00488,CUST-0012,2023-09-28,2023-09-30,Same Day,Delivered,Net Banking,20
ORD-00489,CUST-0011,2024-09-03,2024-09-08,Standard,Delivered,Cash on Delivery,10
ORD-00490,CUST-0425,2024-07-06,2024-07-07,Standard,Processing,Wallet,0
ORD-00491,CUST-0434,2024-08-16,2024-08-20,Express,Returned,Net Banking,0
ORD-00492,CUST-0205,2024-10-10,2024-10-15,Standard,Returned,Credit Card,25
ORD-00493,CUST-0217,2025-01-11,2025-01-14,Express,Delivered,Net Banking,15
ORD-00494,CUST-0060,2024-10-19,2024-10-24,Same Day,Processing,Debit Card,0
ORD-00495,CUST-0148,2023-12-14,2023-12-18,Same Day,Processing,Cash on Delivery,5
ORD-00496,CUST-0466,2024-05-13,2024-05-18,Standard,Returned,Wallet,10
ORD-00497,CUST-0365,2024-07-04,2024-07-08,Same Day,Processing,Cash on Delivery,0
ORD-00498,CUST-0107,2024-03-16,2024-03-22,Same Day,Delivered,Debit Card,0
ORD-00499,CUST-0103,2023-11-08,2023-11-13,Standard,Returned,UPI,20
ORD-00500,CUST-0121,2024-01-01,2024-01-06,Standard,Delivered,UPI,10
ORD-00501,CUST-0183,2025-04-24,2025-04-26,Standard,Delivered,UPI,0
ORD-00502,CUST-0221,2023-09-25,2023-09-30,Standard,Delivered,Debit Card,25
ORD-00503,CUST-0250,2024-02-20,2024-02-23,Standard,Processing,UPI,25
ORD-00504,CUST-0459,2023-11-02,2023-11-09,Standard,Delivered,Net Banking,20
ORD-00505,CUST-0493,2023-09-22,2023-09-23,Standard,Delivered,Credit Card,25
ORD-00506,CUST-0086,2025-03-07,2025-03-08,Express,Delivered,Wallet,0
ORD-00507,CUST-0150,2024-08-26,2024-09-02,Standard,Returned,Wallet,0
ORD-00508,CUST-0187,2024-05-08,2024-05-15,Standard,Delivered,Net Banking,5
ORD-00509,CUST-0497,2024-07-30,2024-08-06,Standard,Delivered,UPI,20
ORD-00510,CUST-0147,2024-10-30,2024-11-01,Express,Delivered,UPI,15
ORD-00511,CUST-0323,2025-04-11,2025-04-13,Same Day,Delivered,Debit Card,5
ORD-00512,CUST-0411,2024-08-13,2024-08-17,Same Day,Cancelled,Wallet,25
ORD-00513,CUST-0186,2023-07-01,2023-07-05,Standard,Delivered,Credit Card,25
ORD-00514,CUST-0044,2024-05-12,2024-05-15,Standard,Cancelled,Credit Card,15
ORD-00515,CUST-0202,2023-07-08,2023-07-14,Standard,Delivered,UPI,25
ORD-00516,CUST-0215,2024-07-16,2024-07-22,Express,Shipped,Credit Card,10
ORD-00517,CUST-0424,2024-03-13,2024-03-18,Same Day,Delivered,Wallet,20
ORD-00518,CUST-0106,2024-12-09,2024-12-14,Express,Returned,Debit Card,15
ORD-00519,CUST-0452,2024-04-04,2024-04-05,Express,Delivered,Wallet,15
ORD-00520,CUST-0369,2023-10-08,2023-10-13,Standard,Shipped,UPI,25
ORD-00521,CUST-0267,2024-05-14,2024-05-21,Standard,Delivered,Cash on Delivery,0
ORD-00522,CUST-0304,2024-02-20,2024-02-22,Same Day,Shipped,Credit Card,25
ORD-00523,CUST-0375,2023-08-01,2023-08-08,Express,Processing,UPI,25
ORD-00524,CUST-0064,2023-07-19,2023-07-26,Same Day,Delivered,Cash on Delivery,10
ORD-00525,CUST-0378,2023-06-06,2023-06-10,Standard,Processing,Cash on Delivery,30
ORD-00526,CUST-0366,2025-03-04,2025-03-10,Express,Delivered,UPI,10
ORD-00527,CUST-0342,2025-01-07,2025-01-13,Same Day,Delivered,Wallet,25
ORD-00528,CUST-0127,2023-09-16,2023-09-19,Express,Delivered,Credit Card,20
ORD-00529,CUST-0076,2024-08-09,2024-08-16,Standard,Cancelled,Credit Card,0
ORD-00530,CUST-0218,2023-10-12,2023-10-16,Same Day,Delivered,Net Banking,25
ORD-00531,CUST-0302,2024-12-24,2024-12-29,Express,Cancelled,Net Banking,15
ORD-00532,CUST-0353,2024-10-14,2024-10-20,Standard,Cancelled,Net Banking,0
ORD-00533,CUST-0365,2024-09-11,2024-09-13,Standard,Delivered,Net Banking,20
ORD-00534,CUST-0017,2023-11-08,2023-11-13,Standard,Processing,Credit Card,15
ORD-00535,CUST-0062,2024-06-13,2024-06-18,Standard,Shipped,Debit Card,25
ORD-00536,CUST-0061,2024-06-15,2024-06-18,Express,Processing,Net Banking,10
ORD-00537,CUST-0015,2023-10-25,2023-10-27,Standard,Cancelled,UPI,10
ORD-00538,CUST-0111,2023-12-05,2023-12-12,Standard,Returned,Credit Card,10
ORD-00539,CUST-0446,2023-07-16,2023-07-20,Express,Returned,Net Banking,30
ORD-00540,CUST-0461,2024-05-11,2024-05-18,Same Day,Cancelled,Debit Card,30
ORD-00541,CUST-0391,2023-10-20,2023-10-25,Same Day,Returned,Wallet,0
ORD-00542,CUST-0167,2023-08-31,2023-09-07,Same Day,Cancelled,Net Banking,5
ORD-00543,CUST-0174,2024-12-05,2024-12-06,Express,Returned,Wallet,0
ORD-00544,CUST-0013,2025-01-06,2025-01-12,Standard,Shipped,Credit Card,25
ORD-00545,CUST-0099,2025-02-23,2025-02-28,Standard,Delivered,Cash on Delivery,20
ORD-00546,CUST-0460,2023-06-20,2023-06-21,Standard,Delivered,Debit Card,10
ORD-00547,CUST-0126,2025-01-14,2025-01-18,Express,Delivered,Cash on Delivery,15
ORD-00548,CUST-0024,2024-10-16,2024-10-23,Express,Delivered,Credit Card,15
ORD-00549,CUST-0441,2024-11-22,2024-11-25,Express,Cancelled,Cash on Delivery,0
ORD-00550,CUST-0087,2024-03-19,2024-03-21,Express,Delivered,Debit Card,0
ORD-00551,CUST-0158,2024-07-22,2024-07-28,Standard,Delivered,UPI,30
ORD-00552,CUST-0093,2023-06-28,2023-07-04,Express,Delivered,Credit Card,15
ORD-00553,CUST-0164,2023-10-24,2023-10-28,Express,Processing,Credit Card,0
ORD-00554,CUST-0104,2024-02-01,2024-02-08,Same Day,Delivered,Cash on Delivery,25
ORD-00555,CUST-0198,2023-09-26,2023-09-29,Express,Delivered,Cash on Delivery,20
ORD-00556,CUST-0209,2023-08-07,2023-08-11,Same Day,Delivered,Credit Card,5
ORD-00557,CUST-0138,2024-12-19,2024-12-24,Standard,Delivered,UPI,0
ORD-00558,CUST-0291,2024-07-21,2024-07-25,Standard,Delivered,UPI,0
ORD-00559,CUST-0277,2023-11-20,2023-11-27,Same Day,Delivered,Net Banking,25
ORD-00560,CUST-0022,2023-06-02,2023-06-09,Express,Returned,Credit Card,0
ORD-00561,CUST-0031,2024-10-06,2024-10-09,Same Day,Shipped,Cash on Delivery,5
ORD-00562,CUST-0431,2024-11-04,2024-11-07,Standard,Delivered,Credit Card,30
ORD-00563,CUST-0154,2023-08-31,2023-09-04,Standard,Delivered,UPI,25
ORD-00564,CUST-0450,2024-08-16,2024-08-18,Express,Processing,Wallet,10
ORD-00565,CUST-0232,2024-03-06,2024-03-08,Express,Processing,Net Banking,5
ORD-00566,CUST-0492,2025-02-03,2025-02-06,Standard,Delivered,Cash on Delivery,0
ORD-00567,CUST-0244,2023-06-05,2023-06-06,Same Day,Delivered,Wallet,25
ORD-00568,CUST-0361,2024-10-13,2024-10-20,Standard,Cancelled,Cash on Delivery,0
ORD-00569,CUST-0016,2025-04-18,2025-04-22,Express,Delivered,Cash on Delivery,15
ORD-00570,CUST-0184,2024-07-01,2024-07-03,Standard,Delivered,UPI,20
ORD-00571,CUST-0480,2023-12-15,2023-12-19,Standard,Delivered,Wallet,10
ORD-00572,CUST-0472,2024-06-01,2024-06-03,Express,Delivered,Debit Card,5
ORD-00573,CUST-0253,2024-06-06,2024-06-07,Same Day,Shipped,Debit Card,30
ORD-00574,CUST-0004,2023-12-18,2023-12-25,Standard,Cancelled,Cash on Delivery,30
ORD-00575,CUST-0253,2023-11-22,2023-11-27,Standard,Delivered,Wallet,0
ORD-00576,CUST-0034,2023-10-09,2023-10-12,Express,Delivered,Wallet,0
ORD-00577,CUST-0348,2024-11-27,2024-12-02,Same Day,Shipped,Wallet,15
ORD-00578,CUST-0345,2025-03-27,2025-03-28,Same Day,Processing,UPI,15
ORD-00579,CUST-0063,2025-04-27,2025-05-02,Same Day,Returned,Cash on Delivery,10
ORD-00580,CUST-0389,2023-07-15,2023-07-21,Standard,Delivered,Net Banking,10
ORD-00581,CUST-0273,2024-09-02,2024-09-05,Same Day,Delivered,UPI,5
ORD-00582,CUST-0042,2025-01-06,2025-01-13,Standard,Delivered,Credit Card,15
ORD-00583,CUST-0470,2024-02-11,2024-02-13,Express,Delivered,Credit Card,10
ORD-00584,CUST-0321,2025-03-02,2025-03-03,Same Day,Delivered,Credit Card,15
ORD-00585,CUST-0304,2025-03-03,2025-03-06,Standard,Shipped,Net Banking,0
ORD-00586,CUST-0123,2024-05-14,2024-05-21,Express,Delivered,Debit Card,25
ORD-00587,CUST-0484,2023-08-14,2023-08-21,Standard,Returned,Cash on Delivery,20
ORD-00588,CUST-0064,2023-08-27,2023-08-28,Same Day,Delivered,Wallet,10
ORD-00589,CUST-0034,2023-10-09,2023-10-10,Standard,Returned,Credit Card,15
ORD-00590,CUST-0053,2025-04-24,2025-04-25,Express,Delivered,Net Banking,15
ORD-00591,CUST-0050,2025-02-22,2025-03-01,Standard,Cancelled,Wallet,30
ORD-00592,CUST-0320,2023-06-11,2023-06-15,Same Day,Cancelled,Cash on Delivery,15
ORD-00593,CUST-0318,2023-09-12,2023-09-15,Same Day,Delivered,UPI,25
ORD-00594,CUST-0301,2023-12-15,2023-12-16,Standard,Delivered,Cash on Delivery,0
ORD-00595,CUST-0405,2023-12-16,2023-12-21,Express,Delivered,Wallet,20
ORD-00596,CUST-0318,2024-08-29,2024-08-31,Standard,Delivered,Credit Card,0
ORD-00597,CUST-0066,2024-04-15,2024-04-20,Express,Cancelled,Cash on Delivery,10
ORD-00598,CUST-0454,2024-12-06,2024-12-13,Standard,Delivered,UPI,30
ORD-00599,CUST-0150,2024-06-12,2024-06-13,Standard,Delivered,Cash on Delivery,5
ORD-00600,CUST-0420,2024-12-24,2024-12-31,Same Day,Delivered,Wallet,5
ORD-00601,CUST-0466,2023-12-24,2023-12-31,Express,Delivered,Wallet,20
ORD-00602,CUST-0355,2024-09-21,2024-09-26,Express,Processing,UPI,30
ORD-00603,CUST-0215,2024-05-02,2024-05-04,Same Day,Delivered,Net Banking,0
ORD-00604,CUST-0113,2023-06-04,2023-06-10,Standard,Delivered,Cash on Delivery,20
ORD-00605,CUST-0110,2024-01-31,2024-02-04,Same Day,Processing,Net Banking,5
ORD-00606,CUST-0095,2023-06-07,2023-06-10,Standard,Delivered,Credit Card,10
ORD-00607,CUST-0285,2023-09-26,2023-09-28,Same Day,Shipped,Wallet,5
ORD-00608,CUST-0300,2024-06-03,2024-06-04,Standard,Delivered,UPI,5
ORD-00609,CUST-0090,2024-01-11,2024-01-14,Express,Delivered,Debit Card,25
ORD-00610,CUST-0092,2023-12-18,2023-12-19,Express,Delivered,Wallet,0
ORD-00611,CUST-0071,2024-06-23,2024-06-29,Express,Delivered,UPI,5
ORD-00612,CUST-0234,2024-02-01,2024-02-04,Standard,Processing,Cash on Delivery,25
ORD-00613,CUST-0452,2024-08-18,2024-08-24,Standard,Delivered,Debit Card,0
ORD-00614,CUST-0407,2023-12-12,2023-12-14,Express,Cancelled,Wallet,15
ORD-00615,CUST-0126,2023-07-18,2023-07-25,Express,Delivered,UPI,0
ORD-00616,CUST-0127,2023-07-25,2023-07-31,Standard,Shipped,Cash on Delivery,25
ORD-00617,CUST-0454,2024-10-13,2024-10-15,Same Day,Delivered,Credit Card,30
ORD-00618,CUST-0086,2024-11-02,2024-11-06,Same Day,Processing,UPI,0
ORD-00619,CUST-0365,2024-06-17,2024-06-22,Same Day,Returned,UPI,20
ORD-00620,CUST-0298,2024-07-15,2024-07-21,Standard,Delivered,Debit Card,5
ORD-00621,CUST-0232,2024-01-27,2024-01-31,Express,Delivered,Net Banking,15
ORD-00622,CUST-0293,2023-11-08,2023-11-15,Express,Processing,Credit Card,0
ORD-00623,CUST-0152,2024-08-29,2024-09-03,Standard,Processing,Credit Card,30
ORD-00624,CUST-0239,2024-11-06,2024-11-11,Same Day,Processing,Net Banking,15
ORD-00625,CUST-0189,2024-10-22,2024-10-25,Same Day,Shipped,Debit Card,20
ORD-00626,CUST-0136,2025-03-22,2025-03-23,Standard,Processing,Cash on Delivery,10
ORD-00627,CUST-0263,2024-12-11,2024-12-17,Express,Delivered,Credit Card,0
ORD-00628,CUST-0037,2024-06-03,2024-06-04,Express,Delivered,Wallet,5
ORD-00629,CUST-0169,2024-02-12,2024-02-15,Standard,Shipped,Debit Card,30
ORD-00630,CUST-0438,2024-12-08,2024-12-11,Express,Delivered,Net Banking,10
ORD-00631,CUST-0485,2024-07-20,2024-07-27,Same Day,Delivered,Debit Card,25
ORD-00632,CUST-0444,2024-07-12,2024-07-14,Standard,Delivered,Debit Card,20
ORD-00633,CUST-0265,2025-01-22,2025-01-29,Same Day,Returned,Credit Card,10
ORD-00634,CUST-0161,2023-12-10,2023-12-14,Standard,Cancelled,Credit Card,25
ORD-00635,CUST-0192,2023-10-21,2023-10-26,Express,Delivered,Net Banking,0
ORD-00636,CUST-0415,2025-04-05,2025-04-12,Express,Processing,Net Banking,5
ORD-00637,CUST-0218,2024-07-18,2024-07-25,Express,Shipped,Credit Card,30
ORD-00638,CUST-0291,2023-07-03,2023-07-05,Express,Delivered,Wallet,30
ORD-00639,CUST-0410,2025-02-07,2025-02-12,Same Day,Cancelled,Net Banking,5
ORD-00640,CUST-0033,2024-11-29,2024-12-03,Same Day,Delivered,Net Banking,30
ORD-00641,CUST-0328,2024-04-07,2024-04-08,Standard,Delivered,Debit Card,25
ORD-00642,CUST-0017,2025-02-07,2025-02-11,Standard,Delivered,Credit Card,5
ORD-00643,CUST-0467,2024-06-30,2024-07-03,Standard,Delivered,Wallet,10
ORD-00644,CUST-0269,2023-08-11,2023-08-15,Express,Delivered,Credit Card,25
ORD-00645,CUST-0088,2024-04-30,2024-05-07,Same Day,Cancelled,Credit Card,0
ORD-00646,CUST-0067,2024-12-01,2024-12-05,Standard,Returned,Debit Card,5
ORD-00647,CUST-0446,2023-12-28,2023-12-31,Same Day,Cancelled,UPI,30
ORD-00648,CUST-0301,2023-12-25,2023-12-30,Express,Returned,Net Banking,0
ORD-00649,CUST-0033,2024-07-13,2024-07-18,Express,Delivered,Net Banking,30
ORD-00650,CUST-0236,2024-09-16,2024-09-21,Standard,Delivered,Wallet,10
ORD-00651,CUST-0452,2024-09-10,2024-09-13,Same Day,Shipped,Debit Card,30
ORD-00652,CUST-0213,2024-02-11,2024-02-13,Same Day,Cancelled,Wallet,15
ORD-00653,CUST-0094,2025-01-03,2025-01-04,Standard,Cancelled,Debit Card,5
ORD-00654,CUST-0141,2025-03-05,2025-03-10,Standard,Shipped,Net Banking,5
ORD-00655,CUST-0211,2024-12-18,2024-12-19,Standard,Processing,UPI,25
ORD-00656,CUST-0210,2024-09-04,2024-09-06,Standard,Shipped,Credit Card,25
ORD-00657,CUST-0237,2023-06-28,2023-06-29,Same Day,Returned,Wallet,10
ORD-00658,CUST-0205,2023-12-17,2023-12-21,Standard,Delivered,UPI,0
ORD-00659,CUST-0344,2024-09-18,2024-09-22,Standard,Returned,Cash on Delivery,0
ORD-00660,CUST-0337,2024-02-04,2024-02-10,Standard,Returned,UPI,20
ORD-00661,CUST-0431,2023-11-13,2023-11-15,Standard,Delivered,Cash on Delivery,0
ORD-00662,CUST-0380,2024-07-05,2024-07-07,Standard,Delivered,Debit Card,10
ORD-00663,CUST-0226,2024-06-01,2024-06-03,Standard,Delivered,Debit Card,25
ORD-00664,CUST-0227,2023-07-19,2023-07-26,Same Day,Delivered,Net Banking,10
ORD-00665,CUST-0027,2025-02-02,2025-02-03,Same Day,Delivered,Debit Card,5
ORD-00666,CUST-0192,2024-01-31,2024-02-02,Standard,Delivered,Credit Card,15
ORD-00667,CUST-0008,2024-05-11,2024-05-18,Standard,Delivered,Credit Card,5
ORD-00668,CUST-0409,2025-04-11,2025-04-13,Standard,Delivered,Cash on Delivery,15
ORD-00669,CUST-0056,2024-04-30,2024-05-03,Standard,Delivered,Net Banking,25
ORD-00670,CUST-0481,2024-08-12,2024-08-13,Standard,Delivered,UPI,0
ORD-00671,CUST-0166,2023-11-25,2023-11-26,Express,Cancelled,Net Banking,5
ORD-00672,CUST-0113,2023-08-07,2023-08-13,Express,Shipped,Credit Card,0
ORD-00673,CUST-0454,2024-01-10,2024-01-14,Same Day,Shipped,Wallet,0
ORD-00674,CUST-0275,2025-01-03,2025-01-05,Standard,Shipped,UPI,30
ORD-00675,CUST-0324,2024-07-02,2024-07-08,Express,Delivered,Wallet,0
ORD-00676,CUST-0390,2024-04-21,2024-04-28,Standard,Returned,Credit Card,10
ORD-00677,CUST-0312,2025-01-20,2025-01-24,Standard,Cancelled,Cash on Delivery,25
ORD-00678,CUST-0361,2023-06-14,2023-06-16,Standard,Delivered,Debit Card,10
ORD-00679,CUST-0378,2024-08-12,2024-08-19,Standard,Delivered,Debit Card,0
ORD-00680,CUST-0192,2024-10-23,2024-10-26,Standard,Delivered,Debit Card,0
ORD-00681,CUST-0473,2025-02-02,2025-02-06,Standard,Processing,UPI,10
ORD-00682,CUST-0330,2023-07-11,2023-07-16,Express,Cancelled,Debit Card,0
ORD-00683,CUST-0434,2024-05-05,2024-05-08,Standard,Delivered,Credit Card,25
ORD-00684,CUST-0465,2025-04-11,2025-04-13,Same Day,Delivered,UPI,25
ORD-00685,CUST-0094,2024-08-26,2024-09-01,Standard,Delivered,Credit Card,20
ORD-00686,CUST-0489,2023-12-15,2023-12-16,Standard,Delivered,Cash on Delivery,0
ORD-00687,CUST-0282,2023-12-27,2023-12-29,Same Day,Delivered,Debit Card,10
ORD-00688,CUST-0370,2023-12-20,2023-12-22,Standard,Cancelled,UPI,10
ORD-00689,CUST-0296,2024-09-02,2024-09-08,Express,Delivered,Credit Card,20
ORD-00690,CUST-0487,2024-06-03,2024-06-07,Standard,Cancelled,Net Banking,20
ORD-00691,CUST-0217,2024-10-30,2024-11-04,Standard,Cancelled,Credit Card,20
ORD-00692,CUST-0391,2024-06-25,2024-06-29,Express,Delivered,Cash on Delivery,30
ORD-00693,CUST-0079,2024-12-18,2024-12-24,Express,Delivered,Net Banking,10
ORD-00694,CUST-0146,2024-06-19,2024-06-24,Standard,Returned,Debit Card,10
ORD-00695,CUST-0367,2024-09-23,2024-09-25,Standard,Delivered,Credit Card,0
ORD-00696,CUST-0442,2024-10-25,2024-10-31,Same Day,Processing,Net Banking,15
ORD-00697,CUST-0497,2024-06-17,2024-06-21,Express,Returned,Credit Card,30
ORD-00698,CUST-0210,2023-07-10,2023-07-11,Standard,Cancelled,Net Banking,5
ORD-00699,CUST-0491,2024-02-17,2024-02-24,Same Day,Processing,Wallet,10
ORD-00700,CUST-0030,2025-03-28,2025-04-01,Standard,Cancelled,Net Banking,5
ORD-00701,CUST-0018,2024-06-05,2024-06-11,Standard,Delivered,Cash on Delivery,10
ORD-00702,CUST-0234,2025-04-28,2025-04-30,Standard,Shipped,Cash on Delivery,30
ORD-00703,CUST-0488,2025-04-09,2025-04-16,Standard,Delivered,Credit Card,0
ORD-00704,CUST-0330,2024-06-28,2024-07-02,Standard,Delivered,Debit Card,15
ORD-00705,CUST-0425,2024-08-11,2024-08-14,Same Day,Shipped,UPI,30
ORD-00706,CUST-0376,2024-07-26,2024-08-02,Standard,Delivered,UPI,30
ORD-00707,CUST-0417,2023-10-25,2023-10-28,Same Day,Delivered,Debit Card,0
ORD-00708,CUST-0418,2024-10-16,2024-10-17,Standard,Delivered,Cash on Delivery,15
ORD-00709,CUST-0214,2025-04-01,2025-04-04,Standard,Cancelled,UPI,0
ORD-00710,CUST-0096,2023-10-16,2023-10-18,Standard,Returned,Net Banking,0
ORD-00711,CUST-0291,2024-01-04,2024-01-06,Standard,Delivered,Debit Card,0
ORD-00712,CUST-0133,2024-07-23,2024-07-27,Standard,Delivered,UPI,0
ORD-00713,CUST-0044,2024-06-21,2024-06-22,Standard,Shipped,Credit Card,10
ORD-00714,CUST-0300,2024-01-27,2024-01-31,Standard,Returned,Credit Card,0
ORD-00715,CUST-0137,2023-06-08,2023-06-14,Standard,Delivered,Cash on Delivery,5
ORD-00716,CUST-0406,2023-06-08,2023-06-12,Same Day,Shipped,UPI,20
ORD-00717,CUST-0310,2024-08-13,2024-08-16,Express,Processing,Debit Card,10
ORD-00718,CUST-0482,2024-06-04,2024-06-10,Same Day,Cancelled,Credit Card,30
ORD-00719,CUST-0500,2024-05-30,2024-06-06,Standard,Processing,Net Banking,0
ORD-00720,CUST-0446,2024-07-16,2024-07-22,Standard,Delivered,Credit Card,30
ORD-00721,CUST-0445,2024-11-25,2024-11-28,Express,Delivered,Cash on Delivery,20
ORD-00722,CUST-0212,2025-04-07,2025-04-09,Express,Delivered,Wallet,0
ORD-00723,CUST-0185,2023-07-17,2023-07-24,Same Day,Processing,Cash on Delivery,5
ORD-00724,CUST-0249,2024-07-14,2024-07-20,Express,Delivered,Net Banking,15
ORD-00725,CUST-0338,2023-09-11,2023-09-17,Express,Cancelled,Debit Card,30
ORD-00726,CUST-0365,2023-10-25,2023-11-01,Standard,Delivered,UPI,0
ORD-00727,CUST-0427,2025-04-20,2025-04-25,Standard,Returned,Credit Card,20
ORD-00728,CUST-0247,2025-04-09,2025-04-14,Standard,Delivered,Debit Card,5
ORD-00729,CUST-0386,2025-04-06,2025-04-12,Standard,Delivered,Wallet,15
ORD-00730,CUST-0015,2023-11-12,2023-11-15,Express,Cancelled,Wallet,10
ORD-00731,CUST-0244,2025-04-17,2025-04-18,Same Day,Delivered,Wallet,0
ORD-00732,CUST-0171,2024-01-16,2024-01-21,Express,Delivered,Wallet,15
ORD-00733,CUST-0381,2024-06-25,2024-07-01,Standard,Cancelled,UPI,5
ORD-00734,CUST-0060,2024-03-24,2024-03-25,Standard,Delivered,Wallet,10
ORD-00735,CUST-0304,2023-12-10,2023-12-16,Express,Delivered,Net Banking,10
ORD-00736,CUST-0296,2023-06-02,2023-06-05,Standard,Delivered,Net Banking,15
ORD-00737,CUST-0164,2024-06-08,2024-06-15,Standard,Delivered,Net Banking,0
ORD-00738,CUST-0005,2024-12-03,2024-12-10,Express,Returned,Debit Card,10
ORD-00739,CUST-0256,2025-04-27,2025-05-01,Express,Delivered,Wallet,0
ORD-00740,CUST-0341,2023-07-06,2023-07-11,Express,Processing,Wallet,25
ORD-00741,CUST-0064,2024-03-07,2024-03-14,Standard,Returned,UPI,20
ORD-00742,CUST-0361,2024-06-20,2024-06-21,Standard,Processing,Wallet,5
ORD-00743,CUST-0479,2024-01-17,2024-01-23,Standard,Delivered,Wallet,20
ORD-00744,CUST-0201,2024-04-02,2024-04-09,Standard,Delivered,Net Banking,25
ORD-00745,CUST-0173,2024-08-06,2024-08-12,Express,Returned,Net Banking,15
ORD-00746,CUST-0037,2024-11-22,2024-11-28,Express,Shipped,Wallet,5
ORD-00747,CUST-0439,2024-12-13,2024-12-17,Standard,Delivered,Credit Card,30
ORD-00748,CUST-0436,2024-04-07,2024-04-11,Standard,Delivered,Wallet,20
ORD-00749,CUST-0248,2024-03-25,2024-03-27,Standard,Delivered,Wallet,5
ORD-00750,CUST-0334,2023-06-10,2023-06-13,Standard,Delivered,Net Banking,15
ORD-00751,CUST-0348,2023-11-20,2023-11-21,Express,Delivered,Credit Card,0
ORD-00752,CUST-0061,2024-11-09,2024-11-15,Same Day,Processing,Debit Card,15
ORD-00753,CUST-0018,2023-09-30,2023-10-02,Same Day,Cancelled,Wallet,10
ORD-00754,CUST-0306,2023-11-24,2023-11-30,Standard,Cancelled,UPI,15
ORD-00755,CUST-0324,2025-03-30,2025-04-03,Standard,Processing,Credit Card,0
ORD-00756,CUST-0043,2023-10-03,2023-10-07,Standard,Delivered,Net Banking,30
ORD-00757,CUST-0141,2023-09-05,2023-09-12,Same Day,Delivered,Wallet,20
ORD-00758,CUST-0360,2024-08-18,2024-08-21,Standard,Delivered,Credit Card,10
ORD-00759,CUST-0366,2024-12-02,2024-12-04,Standard,Cancelled,Cash on Delivery,25
ORD-00760,CUST-0251,2023-08-05,2023-08-10,Standard,Delivered,Debit Card,0
ORD-00761,CUST-0442,2025-02-03,2025-02-09,Standard,Delivered,Net Banking,25
ORD-00762,CUST-0410,2024-04-17,2024-04-18,Standard,Delivered,Debit Card,30
ORD-00763,CUST-0335,2023-11-13,2023-11-14,Standard,Shipped,Cash on Delivery,0
ORD-00764,CUST-0153,2024-06-07,2024-06-12,Same Day,Delivered,Debit Card,0
ORD-00765,CUST-0154,2023-07-18,2023-07-23,Same Day,Shipped,Cash on Delivery,0
ORD-00766,CUST-0252,2024-04-16,2024-04-21,Standard,Processing,Wallet,0
ORD-00767,CUST-0420,2023-07-16,2023-07-18,Standard,Delivered,UPI,0
ORD-00768,CUST-0439,2024-01-07,2024-01-09,Express,Delivered,Debit Card,10
ORD-00769,CUST-0374,2025-02-27,2025-03-03,Express,Delivered,Net Banking,10
ORD-00770,CUST-0333,2023-11-15,2023-11-19,Standard,Returned,Wallet,15
ORD-00771,CUST-0074,2024-11-30,2024-12-02,Express,Delivered,Wallet,5
ORD-00772,CUST-0191,2024-12-29,2025-01-04,Same Day,Delivered,Net Banking,10
ORD-00773,CUST-0195,2023-06-27,2023-07-02,Standard,Delivered,Credit Card,10
ORD-00774,CUST-0273,2023-09-21,2023-09-27,Standard,Cancelled,Wallet,10
ORD-00775,CUST-0046,2024-06-06,2024-06-09,Standard,Shipped,UPI,5
ORD-00776,CUST-0006,2023-09-09,2023-09-13,Same Day,Delivered,Credit Card,0
ORD-00777,CUST-0090,2024-11-21,2024-11-27,Same Day,Shipped,Wallet,10
ORD-00778,CUST-0293,2024-03-15,2024-03-20,Standard,Shipped,Debit Card,0
ORD-00779,CUST-0163,2024-07-03,2024-07-05,Same Day,Processing,Cash on Delivery,20
ORD-00780,CUST-0066,2024-02-21,2024-02-22,Standard,Delivered,Net Banking,0
ORD-00781,CUST-0291,2024-02-29,2024-03-01,Standard,Processing,Net Banking,30
ORD-00782,CUST-0362,2024-09-11,2024-09-13,Express,Returned,Cash on Delivery,20
ORD-00783,CUST-0147,2024-03-09,2024-03-13,Express,Delivered,UPI,0
ORD-00784,CUST-0209,2024-04-16,2024-04-23,Standard,Delivered,Wallet,0
ORD-00785,CUST-0123,2023-09-04,2023-09-06,Standard,Delivered,Cash on Delivery,10
ORD-00786,CUST-0476,2024-10-17,2024-10-24,Same Day,Delivered,Net Banking,0
ORD-00787,CUST-0255,2024-11-09,2024-11-15,Same Day,Delivered,Wallet,5
ORD-00788,CUST-0004,2024-08-09,2024-08-15,Standard,Processing,Wallet,25
ORD-00789,CUST-0312,2023-07-14,2023-07-19,Standard,Returned,Debit Card,25
ORD-00790,CUST-0090,2023-08-16,2023-08-19,Express,Delivered,Net Banking,0
ORD-00791,CUST-0254,2024-06-23,2024-06-25,Standard,Processing,Wallet,10
ORD-00792,CUST-0128,2024-12-04,2024-12-11,Express,Delivered,UPI,10
ORD-00793,CUST-0110,2023-06-03,2023-06-09,Standard,Cancelled,Wallet,10
ORD-00794,CUST-0264,2023-07-07,2023-07-11,Standard,Returned,Credit Card,10
ORD-00795,CUST-0316,2024-09-14,2024-09-17,Express,Shipped,Credit Card,0
ORD-00796,CUST-0180,2023-12-08,2023-12-12,Standard,Processing,Debit Card,20
ORD-00797,CUST-0044,2024-11-23,2024-11-28,Same Day,Delivered,Credit Card,20
ORD-00798,CUST-0080,2025-04-03,2025-04-06,Same Day,Delivered,UPI,15
ORD-00799,CUST-0154,2024-06-08,2024-06-12,Express,Delivered,Net Banking,0
ORD-00800,CUST-0337,2024-08-23,2024-08-25,Express,Delivered,Credit Card,15
ORD-00801,CUST-0184,2023-12-21,2023-12-22,Express,Delivered,Net Banking,15
ORD-00802,CUST-0381,2024-05-05,2024-05-06,Standard,Delivered,Wallet,20
ORD-00803,CUST-0137,2023-09-30,2023-10-04,Same Day,Returned,UPI,0
ORD-00804,CUST-0385,2024-07-14,2024-07-19,Standard,Cancelled,Credit Card,0
ORD-00805,CUST-0406,2023-06-22,2023-06-24,Express,Delivered,Credit Card,25
ORD-00806,CUST-0393,2025-05-01,2025-05-03,Express,Delivered,Cash on Delivery,15
ORD-00807,CUST-0378,2023-06-09,2023-06-13,Express,Returned,Net Banking,10
ORD-00808,CUST-0043,2024-08-13,2024-08-15,Standard,Delivered,UPI,5
ORD-00809,CUST-0393,2023-09-26,2023-10-03,Standard,Shipped,Debit Card,15
ORD-00810,CUST-0243,2023-09-14,2023-09-20,Standard,Delivered,Wallet,30
ORD-00811,CUST-0325,2023-10-31,2023-11-02,Standard,Delivered,Debit Card,10
ORD-00812,CUST-0476,2023-10-28,2023-11-01,Standard,Delivered,Net Banking,0
ORD-00813,CUST-0209,2024-11-19,2024-11-22,Standard,Delivered,Credit Card,20
ORD-00814,CUST-0262,2024-08-11,2024-08-17,Express,Delivered,UPI,0
ORD-00815,CUST-0187,2024-03-14,2024-03-17,Standard,Cancelled,Credit Card,10
ORD-00816,CUST-0094,2023-07-12,2023-07-13,Express,Delivered,UPI,5
ORD-00817,CUST-0242,2024-03-13,2024-03-18,Same Day,Delivered,UPI,0
ORD-00818,CUST-0486,2024-10-16,2024-10-19,Express,Processing,Wallet,0
ORD-00819,CUST-0283,2023-10-12,2023-10-15,Express,Processing,Cash on Delivery,30
ORD-00820,CUST-0310,2024-06-15,2024-06-17,Standard,Shipped,Net Banking,30
ORD-00821,CUST-0045,2023-09-17,2023-09-19,Standard,Delivered,Wallet,30
ORD-00822,CUST-0419,2023-12-13,2023-12-15,Standard,Returned,Cash on Delivery,25
ORD-00823,CUST-0176,2024-04-04,2024-04-10,Standard,Returned,Wallet,25
ORD-00824,CUST-0079,2023-07-15,2023-07-17,Same Day,Delivered,Wallet,25
ORD-00825,CUST-0130,2024-12-25,2024-12-28,Same Day,Processing,Net Banking,0
ORD-00826,CUST-0035,2024-10-07,2024-10-11,Standard,Delivered,UPI,0
ORD-00827,CUST-0024,2024-12-31,2025-01-01,Same Day,Delivered,Cash on Delivery,25
ORD-00828,CUST-0498,2023-08-16,2023-08-18,Same Day,Returned,Net Banking,25
ORD-00829,CUST-0206,2025-02-11,2025-02-14,Standard,Delivered,Debit Card,0
ORD-00830,CUST-0293,2024-01-10,2024-01-15,Same Day,Delivered,Wallet,25
ORD-00831,CUST-0369,2024-11-19,2024-11-22,Standard,Shipped,Cash on Delivery,10
ORD-00832,CUST-0061,2023-11-23,2023-11-25,Standard,Delivered,UPI,0
ORD-00833,CUST-0475,2023-10-15,2023-10-18,Standard,Delivered,Cash on Delivery,5
ORD-00834,CUST-0060,2023-06-02,2023-06-08,Express,Processing,Credit Card,10
ORD-00835,CUST-0485,2024-12-14,2024-12-17,Same Day,Delivered,UPI,10
ORD-00836,CUST-0030,2025-03-02,2025-03-09,Express,Delivered,Wallet,5
ORD-00837,CUST-0495,2024-03-13,2024-03-15,Standard,Shipped,Wallet,25
ORD-00838,CUST-0445,2025-01-18,2025-01-19,Express,Cancelled,Cash on Delivery,30
ORD-00839,CUST-0106,2024-08-26,2024-08-28,Express,Processing,Cash on Delivery,5
ORD-00840,CUST-0323,2024-07-09,2024-07-11,Standard,Returned,UPI,15
ORD-00841,CUST-0076,2024-10-03,2024-10-04,Standard,Returned,Debit Card,0
ORD-00842,CUST-0292,2024-10-15,2024-10-21,Express,Delivered,Debit Card,0
ORD-00843,CUST-0419,2024-07-08,2024-07-14,Standard,Delivered,Credit Card,0
ORD-00844,CUST-0219,2024-02-07,2024-02-11,Standard,Cancelled,Debit Card,25
ORD-00845,CUST-0373,2023-06-13,2023-06-18,Same Day,Delivered,Credit Card,15
ORD-00846,CUST-0057,2023-06-14,2023-06-21,Standard,Delivered,Credit Card,5
ORD-00847,CUST-0138,2023-10-25,2023-10-31,Standard,Delivered,Cash on Delivery,0
ORD-00848,CUST-0377,2024-05-12,2024-05-19,Standard,Delivered,Net Banking,0
ORD-00849,CUST-0389,2024-12-28,2025-01-01,Express,Delivered,Debit Card,0
ORD-00850,CUST-0029,2024-12-08,2024-12-14,Standard,Shipped,Credit Card,0
ORD-00851,CUST-0279,2024-03-30,2024-03-31,Standard,Cancelled,Debit Card,0
ORD-00852,CUST-0013,2024-01-19,2024-01-23,Standard,Cancelled,Wallet,10
ORD-00853,CUST-0147,2024-01-18,2024-01-24,Standard,Cancelled,Debit Card,20
ORD-00854,CUST-0057,2024-01-16,2024-01-17,Express,Shipped,Cash on Delivery,0
ORD-00855,CUST-0171,2023-09-30,2023-10-03,Standard,Delivered,Debit Card,30
ORD-00856,CUST-0092,2024-08-12,2024-08-17,Standard,Processing,Debit Card,15
ORD-00857,CUST-0458,2025-04-14,2025-04-20,Express,Shipped,Credit Card,10
ORD-00858,CUST-0139,2024-10-24,2024-10-30,Express,Processing,Credit Card,0
ORD-00859,CUST-0442,2023-10-31,2023-11-07,Express,Delivered,Wallet,20
ORD-00860,CUST-0408,2024-10-02,2024-10-09,Standard,Delivered,Debit Card,10
ORD-00861,CUST-0047,2024-04-26,2024-04-28,Same Day,Delivered,UPI,10
ORD-00862,CUST-0254,2024-08-08,2024-08-12,Express,Cancelled,Wallet,0
ORD-00863,CUST-0472,2024-02-07,2024-02-11,Same Day,Cancelled,Cash on Delivery,25
ORD-00864,CUST-0253,2024-11-27,2024-12-02,Same Day,Delivered,Cash on Delivery,15
ORD-00865,CUST-0296,2024-01-11,2024-01-17,Standard,Delivered,Credit Card,10
ORD-00866,CUST-0105,2023-06-18,2023-06-21,Standard,Returned,Credit Card,0
ORD-00867,CUST-0467,2024-05-23,2024-05-26,Express,Delivered,Debit Card,20
ORD-00868,CUST-0428,2024-12-16,2024-12-20,Standard,Delivered,Wallet,0
ORD-00869,CUST-0071,2023-09-29,2023-10-05,Same Day,Delivered,Wallet,0
ORD-00870,CUST-0495,2024-08-08,2024-08-11,Standard,Delivered,Credit Card,30
ORD-00871,CUST-0245,2025-01-29,2025-02-05,Standard,Delivered,UPI,0
ORD-00872,CUST-0073,2023-08-20,2023-08-22,Standard,Delivered,Net Banking,30
ORD-00873,CUST-0077,2023-12-04,2023-12-08,Express,Delivered,Net Banking,10
ORD-00874,CUST-0401,2025-03-22,2025-03-28,Express,Delivered,Debit Card,0
ORD-00875,CUST-0031,2025-03-19,2025-03-20,Standard,Delivered,Net Banking,0
ORD-00876,CUST-0427,2024-08-07,2024-08-13,Express,Returned,Cash on Delivery,30
ORD-00877,CUST-0157,2024-01-19,2024-01-23,Express,Delivered,Cash on Delivery,0
ORD-00878,CUST-0194,2023-10-07,2023-10-13,Same Day,Delivered,Net Banking,5
ORD-00879,CUST-0095,2024-12-24,2024-12-29,Same Day,Delivered,Net Banking,15
ORD-00880,CUST-0085,2023-07-26,2023-08-02,Same Day,Processing,UPI,5
ORD-00881,CUST-0056,2023-09-15,2023-09-16,Express,Processing,Debit Card,0
ORD-00882,CUST-0145,2023-11-14,2023-11-19,Standard,Delivered,UPI,0
ORD-00883,CUST-0097,2024-12-16,2024-12-18,Standard,Delivered,Cash on Delivery,30
ORD-00884,CUST-0023,2024-12-29,2025-01-05,Standard,Returned,UPI,0
ORD-00885,CUST-0005,2024-05-31,2024-06-07,Same Day,Shipped,Debit Card,25
ORD-00886,CUST-0162,2024-07-05,2024-07-11,Standard,Processing,UPI,0
ORD-00887,CUST-0209,2024-10-28,2024-10-29,Standard,Delivered,Net Banking,15
ORD-00888,CUST-0301,2023-07-09,2023-07-12,Standard,Delivered,Credit Card,20
ORD-00889,CUST-0454,2025-03-02,2025-03-03,Standard,Delivered,Wallet,0
ORD-00890,CUST-0083,2024-10-26,2024-10-31,Same Day,Processing,UPI,10
ORD-00891,CUST-0185,2025-02-28,2025-03-07,Standard,Cancelled,Debit Card,15
ORD-00892,CUST-0107,2025-02-15,2025-02-20,Standard,Delivered,Wallet,30
ORD-00893,CUST-0255,2023-09-08,2023-09-15,Standard,Delivered,Cash on Delivery,10
ORD-00894,CUST-0445,2023-08-29,2023-09-02,Same Day,Delivered,Debit Card,10
ORD-00895,CUST-0479,2024-03-29,2024-03-31,Express,Delivered,UPI,30
ORD-00896,CUST-0181,2023-08-31,2023-09-01,Same Day,Delivered,Net Banking,10
ORD-00897,CUST-0132,2024-08-26,2024-09-01,Standard,Delivered,Net Banking,30
ORD-00898,CUST-0021,2024-06-07,2024-06-14,Same Day,Shipped,Cash on Delivery,15
ORD-00899,CUST-0470,2025-04-27,2025-04-29,Express,Returned,Cash on Delivery,25
ORD-00900,CUST-0488,2024-04-17,2024-04-20,Same Day,Delivered,Net Banking,25
ORD-00901,CUST-0135,2025-04-29,2025-04-30,Standard,Delivered,Credit Card,25
ORD-00902,CUST-0080,2023-09-16,2023-09-19,Standard,Cancelled,Net Banking,30
ORD-00903,CUST-0438,2023-08-14,2023-08-16,Same Day,Cancelled,UPI,0
ORD-00904,CUST-0239,2024-09-22,2024-09-28,Standard,Returned,Debit Card,0
ORD-00905,CUST-0375,2023-09-19,2023-09-23,Standard,Cancelled,UPI,15
ORD-00906,CUST-0034,2024-04-20,2024-04-23,Standard,Returned,Credit Card,20
ORD-00907,CUST-0143,2024-09-08,2024-09-09,Same Day,Delivered,Wallet,0
ORD-00908,CUST-0110,2024-04-23,2024-04-28,Same Day,Delivered,UPI,0
ORD-00909,CUST-0405,2024-08-14,2024-08-18,Standard,Delivered,Credit Card,5
ORD-00910,CUST-0488,2025-05-01,2025-05-05,Express,Shipped,Credit Card,0
ORD-00911,CUST-0073,2023-08-10,2023-08-13,Standard,Cancelled,Wallet,10
ORD-00912,CUST-0232,2024-08-03,2024-08-08,Express,Delivered,Credit Card,0
ORD-00913,CUST-0048,2024-08-12,2024-08-15,Standard,Shipped,UPI,5
ORD-00914,CUST-0483,2024-08-03,2024-08-07,Standard,Returned,UPI,15
ORD-00915,CUST-0468,2025-01-05,2025-01-09,Standard,Delivered,Wallet,0
ORD-00916,CUST-0342,2025-01-13,2025-01-18,Express,Delivered,Credit Card,10
ORD-00917,CUST-0078,2024-09-12,2024-09-14,Express,Returned,Wallet,0
ORD-00918,CUST-0209,2024-02-25,2024-03-01,Same Day,Delivered,Wallet,0
ORD-00919,CUST-0231,2025-03-16,2025-03-21,Standard,Delivered,Wallet,5
ORD-00920,CUST-0097,2024-08-04,2024-08-10,Same Day,Delivered,UPI,5
ORD-00921,CUST-0108,2023-12-13,2023-12-19,Express,Delivered,UPI,0
ORD-00922,CUST-0460,2024-04-10,2024-04-15,Same Day,Delivered,Net Banking,20
ORD-00923,CUST-0211,2024-05-26,2024-05-29,Express,Cancelled,Debit Card,0
ORD-00924,CUST-0235,2024-08-12,2024-08-15,Standard,Delivered,Net Banking,25
ORD-00925,CUST-0196,2024-03-18,2024-03-25,Express,Cancelled,Credit Card,30
ORD-00926,CUST-0045,2023-09-15,2023-09-16,Same Day,Delivered,Net Banking,0
ORD-00927,CUST-0384,2025-02-28,2025-03-05,Same Day,Delivered,Cash on Delivery,25
ORD-00928,CUST-0413,2023-07-04,2023-07-10,Same Day,Shipped,Debit Card,5
ORD-00929,CUST-0398,2024-09-08,2024-09-13,Standard,Cancelled,Net Banking,5
ORD-00930,CUST-0487,2023-10-06,2023-10-09,Same Day,Returned,Credit Card,15
ORD-00931,CUST-0482,2024-06-18,2024-06-25,Express,Delivered,Wallet,10
ORD-00932,CUST-0136,2024-04-10,2024-04-17,Standard,Cancelled,Net Banking,0
ORD-00933,CUST-0017,2023-06-16,2023-06-17,Express,Delivered,Wallet,25
ORD-00934,CUST-0308,2024-04-21,2024-04-24,Same Day,Delivered,Cash on Delivery,5
ORD-00935,CUST-0499,2024-07-05,2024-07-07,Standard,Cancelled,Net Banking,30
ORD-00936,CUST-0066,2025-03-13,2025-03-17,Same Day,Delivered,Cash on Delivery,10
ORD-00937,CUST-0082,2024-08-21,2024-08-23,Standard,Delivered,Credit Card,25
ORD-00938,CUST-0324,2025-01-11,2025-01-18,Express,Cancelled,Debit Card,25
ORD-00939,CUST-0486,2024-04-26,2024-04-28,Standard,Delivered,Net Banking,0
ORD-00940,CUST-0006,2025-03-05,2025-03-12,Standard,Delivered,Wallet,30
ORD-00941,CUST-0279,2023-08-20,2023-08-25,Standard,Cancelled,Net Banking,0
ORD-00942,CUST-0325,2025-03-08,2025-03-15,Standard,Processing,Wallet,5
ORD-00943,CUST-0460,2024-01-14,2024-01-17,Standard,Delivered,UPI,15
ORD-00944,CUST-0338,2023-07-23,2023-07-26,Standard,Delivered,Wallet,0
ORD-00945,CUST-0297,2023-09-14,2023-09-15,Standard,Returned,Debit Card,0
ORD-00946,CUST-0145,2024-02-24,2024-02-26,Standard,Delivered,UPI,20
ORD-00947,CUST-0468,2023-12-30,2024-01-03,Same Day,Delivered,Credit Card,15
ORD-00948,CUST-0250,2025-03-02,2025-03-03,Same Day,Delivered,UPI,15
ORD-00949,CUST-0325,2024-09-04,2024-09-11,Standard,Delivered,Credit Card,10
ORD-00950,CUST-0463,2023-11-30,2023-12-06,Standard,Delivered,Net Banking,10
ORD-00951,CUST-0315,2025-02-04,2025-02-09,Standard,Delivered,Wallet,25
ORD-00952,CUST-0131,2023-10-03,2023-10-05,Standard,Delivered,Debit Card,0
ORD-00953,CUST-0444,2024-06-08,2024-06-09,Standard,Delivered,Debit Card,10
ORD-00954,CUST-0113,2023-08-25,2023-08-31,Express,Delivered,Net Banking,10
ORD-00955,CUST-0103,2023-09-03,2023-09-06,Same Day,Shipped,Net Banking,20
ORD-00956,CUST-0263,2024-07-14,2024-07-16,Standard,Shipped,Wallet,5
ORD-00957,CUST-0434,2024-03-14,2024-03-18,Express,Delivered,Debit Card,0
ORD-00958,CUST-0489,2024-10-12,2024-10-16,Same Day,Returned,UPI,10
ORD-00959,CUST-0319,2023-09-19,2023-09-24,Same Day,Cancelled,Cash on Delivery,5
ORD-00960,CUST-0181,2024-06-17,2024-06-23,Same Day,Delivered,Credit Card,0
ORD-00961,CUST-0491,2024-11-05,2024-11-08,Express,Cancelled,UPI,25
ORD-00962,CUST-0204,2023-07-01,2023-07-02,Express,Delivered,Debit Card,15
ORD-00963,CUST-0184,2024-02-07,2024-02-08,Express,Delivered,Debit Card,10
ORD-00964,CUST-0400,2024-04-17,2024-04-18,Express,Delivered,Wallet,0
ORD-00965,CUST-0169,2024-01-05,2024-01-09,Standard,Processing,Credit Card,25
ORD-00966,CUST-0198,2024-03-17,2024-03-22,Standard,Delivered,Cash on Delivery,0
ORD-00967,CUST-0143,2025-02-12,2025-02-19,Same Day,Delivered,UPI,15
ORD-00968,CUST-0417,2024-04-23,2024-04-25,Standard,Delivered,Net Banking,20
ORD-00969,CUST-0024,2024-03-08,2024-03-12,Standard,Delivered,Debit Card,20
ORD-00970,CUST-0308,2024-04-30,2024-05-05,Standard,Cancelled,Credit Card,30
ORD-00971,CUST-0146,2023-06-19,2023-06-25,Same Day,Delivered,Debit Card,10
ORD-00972,CUST-0431,2024-07-17,2024-07-18,Express,Delivered,Credit Card,0
ORD-00973,CUST-0241,2023-09-06,2023-09-13,Express,Cancelled,UPI,10
ORD-00974,CUST-0386,2024-05-20,2024-05-24,Express,Delivered,Cash on Delivery,20
ORD-00975,CUST-0025,2024-07-07,2024-07-10,Same Day,Returned,UPI,0
ORD-00976,CUST-0481,2025-02-22,2025-02-23,Standard,Delivered,Credit Card,0
ORD-00977,CUST-0072,2023-09-16,2023-09-19,Standard,Cancelled,Credit Card,0
ORD-00978,CUST-0098,2024-06-12,2024-06-19,Standard,Delivered,Credit Card,10
ORD-00979,CUST-0057,2023-07-20,2023-07-23,Express,Delivered,Wallet,10
ORD-00980,CUST-0314,2024-06-23,2024-06-26,Standard,Delivered,Net Banking,30
ORD-00981,CUST-0062,2023-10-08,2023-10-11,Same Day,Delivered,Cash on Delivery,0
ORD-00982,CUST-0271,2024-02-02,2024-02-07,Same Day,Returned,UPI,10
ORD-00983,CUST-0396,2024-10-07,2024-10-09,Express,Delivered,UPI,0
ORD-00984,CUST-0286,2024-02-04,2024-02-10,Standard,Delivered,Net Banking,0
ORD-00985,CUST-0031,2024-01-04,2024-01-05,Same Day,Delivered,Debit Card,15
ORD-00986,CUST-0250,2023-09-16,2023-09-19,Express,Delivered,Wallet,10
ORD-00987,CUST-0233,2025-04-02,2025-04-04,Standard,Delivered,UPI,5
ORD-00988,CUST-0198,2024-09-06,2024-09-13,Same Day,Delivered,Credit Card,5
ORD-00989,CUST-0143,2024-08-07,2024-08-09,Standard,Shipped,Net Banking,0
ORD-00990,CUST-0449,2023-09-18,2023-09-24,Standard,Delivered,Net Banking,0
ORD-00991,CUST-0096,2024-02-29,2024-03-01,Same Day,Returned,UPI,10
ORD-00992,CUST-0061,2024-12-15,2024-12-16,Same Day,Processing,Cash on Delivery,15
ORD-00993,CUST-0221,2024-11-02,2024-11-05,Same Day,Delivered,Credit Card,0
ORD-00994,CUST-0333,2024-06-26,2024-07-02,Standard,Cancelled,Debit Card,10
ORD-00995,CUST-0207,2023-11-28,2023-12-03,Same Day,Shipped,Wallet,0
ORD-00996,CUST-0026,2025-03-23,2025-03-25,Standard,Delivered,Credit Card,0
ORD-00997,CUST-0459,2023-07-07,2023-07-12,Standard,Shipped,Cash on Delivery,0
ORD-00998,CUST-0052,2024-03-09,2024-03-11,Same Day,Cancelled,Credit Card,15
ORD-00999,CUST-0113,2024-03-01,2024-03-05,Standard,Delivered,UPI,5
ORD-01000,CUST-0327,2024-03-21,2024-03-27,Standard,Shipped,Debit Card,0
ORD-01001,CUST-0258,2025-02-27,2025-03-03,Standard,Shipped,UPI,0
ORD-01002,CUST-0349,2023-08-11,2023-08-13,Express,Delivered,Debit Card,20
ORD-01003,CUST-0493,2023-06-14,2023-06-20,Same Day,Returned,Credit Card,10
ORD-01004,CUST-0091,2024-02-26,2024-02-27,Standard,Delivered,UPI,30
ORD-01005,CUST-0497,2024-09-28,2024-10-03,Same Day,Delivered,Net Banking,5
ORD-01006,CUST-0057,2023-07-17,2023-07-24,Express,Delivered,Cash on Delivery,5
ORD-01007,CUST-0258,2023-11-19,2023-11-26,Standard,Delivered,Net Banking,10
ORD-01008,CUST-0252,2024-05-25,2024-05-30,Same Day,Shipped,UPI,10
ORD-01009,CUST-0235,2023-06-14,2023-06-21,Express,Processing,Cash on Delivery,10
ORD-01010,CUST-0397,2025-04-10,2025-04-17,Standard,Returned,Wallet,10
ORD-01011,CUST-0266,2025-03-17,2025-03-18,Same Day,Delivered,Wallet,5
ORD-01012,CUST-0073,2024-05-31,2024-06-04,Standard,Delivered,Wallet,30
ORD-01013,CUST-0357,2024-08-15,2024-08-18,Standard,Delivered,Net Banking,5
ORD-01014,CUST-0328,2023-09-19,2023-09-22,Standard,Returned,Wallet,10
ORD-01015,CUST-0179,2024-05-05,2024-05-09,Express,Cancelled,Debit Card,10
ORD-01016,CUST-0022,2025-01-14,2025-01-19,Standard,Processing,Net Banking,15
ORD-01017,CUST-0291,2024-05-21,2024-05-24,Standard,Delivered,Wallet,20
ORD-01018,CUST-0076,2024-09-20,2024-09-26,Express,Delivered,Cash on Delivery,30
ORD-01019,CUST-0341,2023-11-14,2023-11-17,Express,Returned,Credit Card,10
ORD-01020,CUST-0233,2023-07-12,2023-07-14,Standard,Shipped,Net Banking,0
ORD-01021,CUST-0157,2023-06-06,2023-06-10,Standard,Processing,UPI,0
ORD-01022,CUST-0071,2024-05-24,2024-05-27,Standard,Delivered,Debit Card,10
ORD-01023,CUST-0376,2023-12-19,2023-12-23,Express,Delivered,UPI,20
ORD-01024,CUST-0128,2025-04-25,2025-05-01,Same Day,Cancelled,Credit Card,15
ORD-01025,CUST-0458,2024-02-23,2024-02-26,Standard,Shipped,Net Banking,30
ORD-01026,CUST-0348,2024-04-26,2024-05-03,Standard,Delivered,Debit Card,10
ORD-01027,CUST-0214,2024-12-19,2024-12-21,Express,Shipped,Wallet,30
ORD-01028,CUST-0237,2024-12-10,2024-12-12,Same Day,Cancelled,Net Banking,25
ORD-01029,CUST-0356,2024-04-16,2024-04-21,Same Day,Processing,Net Banking,10
ORD-01030,CUST-0239,2024-08-04,2024-08-08,Standard,Returned,Credit Card,25
ORD-01031,CUST-0491,2024-08-05,2024-08-06,Express,Delivered,Cash on Delivery,5
ORD-01032,CUST-0263,2024-06-17,2024-06-19,Standard,Shipped,Debit Card,15
ORD-01033,CUST-0207,2025-04-17,2025-04-18,Same Day,Returned,Credit Card,0
ORD-01034,CUST-0029,2024-03-03,2024-03-10,Express,Delivered,Credit Card,30
ORD-01035,CUST-0421,2024-03-24,2024-03-29,Express,Returned,Credit Card,0
ORD-01036,CUST-0380,2025-01-19,2025-01-25,Standard,Delivered,Debit Card,25
ORD-01037,CUST-0288,2024-10-20,2024-10-22,Standard,Delivered,Wallet,10
ORD-01038,CUST-0480,2023-06-07,2023-06-14,Standard,Returned,Credit Card,0
ORD-01039,CUST-0001,2023-11-04,2023-11-09,Standard,Delivered,Net Banking,0
ORD-01040,CUST-0013,2024-10-30,2024-11-03,Standard,Cancelled,Net Banking,10
ORD-01041,CUST-0248,2023-12-06,2023-12-13,Express,Delivered,Wallet,20
ORD-01042,CUST-0316,2023-10-05,2023-10-09,Standard,Delivered,Debit Card,5
ORD-01043,CUST-0262,2024-12-11,2024-12-13,Same Day,Returned,Cash on Delivery,0
ORD-01044,CUST-0253,2024-06-11,2024-06-17,Same Day,Shipped,Wallet,15
ORD-01045,CUST-0410,2023-09-18,2023-09-22,Same Day,Cancelled,Credit Card,0
ORD-01046,CUST-0146,2024-09-11,2024-09-12,Standard,Cancelled,UPI,30
ORD-01047,CUST-0018,2025-03-22,2025-03-28,Standard,Returned,Debit Card,10
ORD-01048,CUST-0240,2024-09-12,2024-09-15,Standard,Delivered,Cash on Delivery,10
ORD-01049,CUST-0439,2024-10-28,2024-10-30,Same Day,Processing,Wallet,0
ORD-01050,CUST-0078,2024-05-26,2024-06-01,Same Day,Processing,UPI,0
ORD-01051,CUST-0402,2025-04-05,2025-04-08,Standard,Cancelled,Net Banking,20
ORD-01052,CUST-0493,2024-09-26,2024-10-01,Express,Delivered,Wallet,0
ORD-01053,CUST-0166,2025-01-23,2025-01-28,Same Day,Processing,Credit Card,0
ORD-01054,CUST-0016,2023-11-10,2023-11-12,Standard,Delivered,UPI,20
ORD-01055,CUST-0390,2024-01-24,2024-01-31,Standard,Delivered,Wallet,0
ORD-01056,CUST-0457,2024-06-28,2024-07-05,Standard,Cancelled,Cash on Delivery,0
ORD-01057,CUST-0129,2023-09-26,2023-09-27,Same Day,Delivered,Cash on Delivery,10
ORD-01058,CUST-0324,2023-07-01,2023-07-03,Standard,Processing,Net Banking,20
ORD-01059,CUST-0069,2025-03-14,2025-03-19,Standard,Delivered,Net Banking,10
ORD-01060,CUST-0225,2025-04-26,2025-04-29,Standard,Delivered,Net Banking,0
ORD-01061,CUST-0417,2024-11-23,2024-11-30,Standard,Delivered,Debit Card,0
ORD-01062,CUST-0018,2023-10-22,2023-10-23,Same Day,Processing,UPI,0
ORD-01063,CUST-0095,2025-04-29,2025-05-05,Standard,Returned,Cash on Delivery,5
ORD-01064,CUST-0424,2024-09-28,2024-10-03,Express,Processing,Cash on Delivery,30
ORD-01065,CUST-0437,2023-10-20,2023-10-27,Same Day,Delivered,Credit Card,15
ORD-01066,CUST-0292,2023-08-20,2023-08-22,Standard,Shipped,Net Banking,0
ORD-01067,CUST-0119,2023-07-23,2023-07-28,Standard,Processing,UPI,5
ORD-01068,CUST-0473,2024-02-13,2024-02-17,Standard,Processing,UPI,0
ORD-01069,CUST-0039,2024-11-29,2024-12-04,Express,Delivered,Cash on Delivery,0
ORD-01070,CUST-0358,2023-09-22,2023-09-27,Express,Returned,Credit Card,0
ORD-01071,CUST-0174,2024-08-05,2024-08-08,Express,Delivered,Debit Card,0
ORD-01072,CUST-0105,2024-12-12,2024-12-19,Standard,Processing,Cash on Delivery,0
ORD-01073,CUST-0464,2025-02-14,2025-02-20,Express,Delivered,Net Banking,0
ORD-01074,CUST-0307,2025-02-17,2025-02-18,Standard,Returned,Wallet,10
ORD-01075,CUST-0022,2023-09-15,2023-09-16,Standard,Returned,Net Banking,10
ORD-01076,CUST-0245,2024-04-06,2024-04-13,Standard,Delivered,Credit Card,0
ORD-01077,CUST-0397,2023-12-18,2023-12-23,Standard,Cancelled,Net Banking,0
ORD-01078,CUST-0393,2024-06-21,2024-06-27,Same Day,Delivered,Cash on Delivery,15
ORD-01079,CUST-0071,2023-09-27,2023-10-01,Express,Delivered,Debit Card,10
ORD-01080,CUST-0176,2024-08-21,2024-08-22,Standard,Delivered,Cash on Delivery,0
ORD-01081,CUST-0006,2024-01-19,2024-01-23,Standard,Delivered,Credit Card,5
ORD-01082,CUST-0040,2023-07-29,2023-07-31,Standard,Returned,Credit Card,10
ORD-01083,CUST-0161,2024-05-24,2024-05-29,Express,Delivered,Cash on Delivery,0
ORD-01084,CUST-0204,2024-10-03,2024-10-09,Standard,Delivered,Debit Card,25
ORD-01085,CUST-0254,2024-05-31,2024-06-07,Same Day,Delivered,UPI,10
ORD-01086,CUST-0400,2024-12-16,2024-12-19,Express,Delivered,Cash on Delivery,25
ORD-01087,CUST-0054,2023-07-26,2023-07-29,Same Day,Cancelled,Credit Card,10
ORD-01088,CUST-0105,2023-10-19,2023-10-26,Express,Delivered,Credit Card,5
ORD-01089,CUST-0191,2023-10-24,2023-10-25,Same Day,Delivered,Credit Card,20
ORD-01090,CUST-0011,2024-10-23,2024-10-30,Express,Delivered,UPI,15
ORD-01091,CUST-0424,2023-08-26,2023-08-27,Same Day,Shipped,Credit Card,20
ORD-01092,CUST-0442,2024-06-26,2024-06-30,Standard,Returned,Debit Card,5
ORD-01093,CUST-0195,2023-12-06,2023-12-12,Standard,Cancelled,Cash on Delivery,0
ORD-01094,CUST-0391,2024-05-22,2024-05-23,Express,Processing,Debit Card,30
ORD-01095,CUST-0388,2023-06-29,2023-07-02,Same Day,Cancelled,Credit Card,0
ORD-01096,CUST-0284,2024-07-02,2024-07-08,Same Day,Shipped,Cash on Delivery,15
ORD-01097,CUST-0369,2025-01-02,2025-01-09,Standard,Shipped,Net Banking,15
ORD-01098,CUST-0382,2024-01-30,2024-02-01,Express,Delivered,Credit Card,10
ORD-01099,CUST-0128,2024-12-07,2024-12-10,Same Day,Processing,UPI,10
ORD-01100,CUST-0138,2025-04-06,2025-04-09,Standard,Delivered,Cash on Delivery,10
ORD-01101,CUST-0339,2024-04-24,2024-05-01,Standard,Shipped,Net Banking,20
ORD-01102,CUST-0009,2024-08-24,2024-08-25,Standard,Returned,Net Banking,10
ORD-01103,CUST-0327,2024-12-21,2024-12-23,Standard,Cancelled,UPI,0
ORD-01104,CUST-0460,2025-02-14,2025-02-19,Standard,Processing,Debit Card,20
ORD-01105,CUST-0133,2024-03-09,2024-03-12,Standard,Returned,Wallet,5
ORD-01106,CUST-0090,2023-10-29,2023-11-05,Standard,Delivered,Debit Card,0
ORD-01107,CUST-0351,2024-10-31,2024-11-07,Express,Returned,Credit Card,5
ORD-01108,CUST-0488,2024-02-21,2024-02-24,Express,Delivered,Wallet,25
ORD-01109,CUST-0023,2025-02-04,2025-02-06,Standard,Processing,Cash on Delivery,0
ORD-01110,CUST-0228,2023-09-24,2023-09-29,Standard,Delivered,UPI,5
ORD-01111,CUST-0293,2024-06-15,2024-06-22,Standard,Cancelled,UPI,15
ORD-01112,CUST-0074,2023-06-26,2023-06-29,Express,Processing,Wallet,15
ORD-01113,CUST-0192,2024-09-24,2024-09-27,Standard,Delivered,Credit Card,10
ORD-01114,CUST-0149,2023-11-01,2023-11-06,Standard,Delivered,Cash on Delivery,10
ORD-01115,CUST-0367,2024-11-02,2024-11-09,Standard,Processing,Credit Card,30
ORD-01116,CUST-0337,2023-11-01,2023-11-05,Standard,Delivered,Cash on Delivery,5
ORD-01117,CUST-0258,2025-01-09,2025-01-15,Standard,Cancelled,Credit Card,25
ORD-01118,CUST-0311,2024-09-26,2024-10-02,Express,Returned,Debit Card,10
ORD-01119,CUST-0429,2025-01-10,2025-01-13,Express,Delivered,UPI,5
ORD-01120,CUST-0119,2024-09-09,2024-09-12,Standard,Delivered,Wallet,20
ORD-01121,CUST-0491,2024-07-24,2024-07-27,Express,Delivered,Cash on Delivery,25
ORD-01122,CUST-0040,2024-06-05,2024-06-11,Standard,Returned,Net Banking,20
ORD-01123,CUST-0118,2025-01-04,2025-01-11,Standard,Delivered,Wallet,15
ORD-01124,CUST-0300,2025-04-12,2025-04-14,Express,Shipped,UPI,10
ORD-01125,CUST-0061,2023-08-23,2023-08-27,Standard,Cancelled,Net Banking,30
ORD-01126,CUST-0324,2023-12-20,2023-12-22,Standard,Returned,UPI,15
ORD-01127,CUST-0392,2024-12-19,2024-12-25,Standard,Returned,Net Banking,0
ORD-01128,CUST-0013,2023-11-18,2023-11-19,Same Day,Delivered,Debit Card,10
ORD-01129,CUST-0206,2024-12-22,2024-12-24,Standard,Shipped,Cash on Delivery,10
ORD-01130,CUST-0312,2025-02-21,2025-02-22,Standard,Delivered,Net Banking,10
ORD-01131,CUST-0467,2024-07-23,2024-07-29,Same Day,Returned,Net Banking,10
ORD-01132,CUST-0359,2023-10-16,2023-10-22,Standard,Delivered,Cash on Delivery,0
ORD-01133,CUST-0304,2024-06-13,2024-06-19,Same Day,Returned,Net Banking,10
ORD-01134,CUST-0091,2024-11-02,2024-11-08,Standard,Shipped,UPI,20
ORD-01135,CUST-0025,2024-12-29,2025-01-03,Express,Cancelled,Debit Card,10
ORD-01136,CUST-0489,2023-10-25,2023-10-26,Same Day,Delivered,Cash on Delivery,30
ORD-01137,CUST-0161,2023-09-10,2023-09-13,Standard,Shipped,UPI,0
ORD-01138,CUST-0141,2024-10-11,2024-10-15,Standard,Delivered,Cash on Delivery,10
ORD-01139,CUST-0386,2023-09-17,2023-09-19,Standard,Shipped,Debit Card,0
ORD-01140,CUST-0283,2024-11-02,2024-11-09,Standard,Delivered,Cash on Delivery,0
ORD-01141,CUST-0276,2023-12-17,2023-12-18,Standard,Returned,Cash on Delivery,10
ORD-01142,CUST-0219,2024-08-29,2024-09-03,Same Day,Delivered,Credit Card,10
ORD-01143,CUST-0367,2023-10-01,2023-10-05,Same Day,Cancelled,UPI,0
ORD-01144,CUST-0375,2025-04-15,2025-04-16,Standard,Processing,Wallet,5
ORD-01145,CUST-0039,2024-04-30,2024-05-02,Express,Processing,Wallet,20
ORD-01146,CUST-0377,2024-11-07,2024-11-13,Express,Delivered,Net Banking,0
ORD-01147,CUST-0052,2024-11-15,2024-11-18,Standard,Delivered,Debit Card,0
ORD-01148,CUST-0071,2025-01-21,2025-01-25,Standard,Delivered,Net Banking,10
ORD-01149,CUST-0078,2024-10-09,2024-10-16,Same Day,Delivered,Wallet,5
ORD-01150,CUST-0449,2023-08-30,2023-09-04,Standard,Delivered,Credit Card,15
ORD-01151,CUST-0252,2024-12-23,2024-12-28,Standard,Delivered,Cash on Delivery,10
ORD-01152,CUST-0195,2025-03-08,2025-03-13,Express,Delivered,Cash on Delivery,20
ORD-01153,CUST-0337,2023-12-02,2023-12-05,Express,Delivered,Wallet,20
ORD-01154,CUST-0201,2025-02-02,2025-02-05,Express,Returned,Debit Card,0
ORD-01155,CUST-0058,2024-03-21,2024-03-25,Express,Returned,Wallet,5
ORD-01156,CUST-0218,2023-09-27,2023-09-29,Express,Returned,UPI,0
ORD-01157,CUST-0357,2024-07-12,2024-07-18,Same Day,Delivered,Cash on Delivery,20
ORD-01158,CUST-0211,2024-01-27,2024-01-28,Express,Shipped,Debit Card,25
ORD-01159,CUST-0456,2024-07-23,2024-07-24,Express,Processing,Net Banking,10
ORD-01160,CUST-0201,2024-08-26,2024-08-30,Express,Cancelled,UPI,0
ORD-01161,CUST-0249,2024-01-11,2024-01-14,Express,Delivered,Net Banking,20
ORD-01162,CUST-0114,2025-01-07,2025-01-09,Standard,Delivered,Cash on Delivery,30
ORD-01163,CUST-0169,2023-10-11,2023-10-16,Standard,Delivered,Wallet,0
ORD-01164,CUST-0171,2024-05-27,2024-06-03,Standard,Delivered,Debit Card,25
ORD-01165,CUST-0186,2024-11-30,2024-12-02,Same Day,Delivered,UPI,5
ORD-01166,CUST-0411,2023-11-13,2023-11-16,Same Day,Processing,Credit Card,5
ORD-01167,CUST-0019,2023-06-21,2023-06-28,Same Day,Delivered,Credit Card,20
ORD-01168,CUST-0081,2024-03-16,2024-03-19,Standard,Delivered,Credit Card,5
ORD-01169,CUST-0140,2023-10-05,2023-10-12,Same Day,Cancelled,Credit Card,10
ORD-01170,CUST-0040,2023-08-15,2023-08-20,Standard,Cancelled,Wallet,0
ORD-01171,CUST-0426,2024-12-06,2024-12-11,Standard,Delivered,Debit Card,15
ORD-01172,CUST-0426,2025-02-10,2025-02-17,Express,Shipped,Cash on Delivery,15
ORD-01173,CUST-0381,2023-06-24,2023-06-27,Same Day,Shipped,Credit Card,5
ORD-01174,CUST-0136,2025-04-02,2025-04-07,Same Day,Returned,Net Banking,10
ORD-01175,CUST-0048,2024-01-14,2024-01-18,Same Day,Shipped,Wallet,10
ORD-01176,CUST-0274,2024-10-31,2024-11-02,Standard,Cancelled,UPI,15
ORD-01177,CUST-0391,2024-12-11,2024-12-17,Same Day,Delivered,Net Banking,0
ORD-01178,CUST-0395,2024-01-24,2024-01-28,Same Day,Processing,Credit Card,30
ORD-01179,CUST-0330,2024-04-14,2024-04-17,Standard,Delivered,Cash on Delivery,0
ORD-01180,CUST-0087,2023-12-30,2024-01-06,Standard,Returned,Cash on Delivery,15
ORD-01181,CUST-0430,2024-09-27,2024-10-02,Standard,Delivered,UPI,20
ORD-01182,CUST-0211,2024-04-14,2024-04-20,Standard,Processing,UPI,0
ORD-01183,CUST-0353,2024-12-30,2025-01-04,Standard,Cancelled,Cash on Delivery,5
ORD-01184,CUST-0407,2024-10-13,2024-10-18,Express,Returned,UPI,5
ORD-01185,CUST-0237,2024-10-07,2024-10-12,Standard,Delivered,Net Banking,0
ORD-01186,CUST-0066,2023-06-14,2023-06-16,Standard,Delivered,Net Banking,5
ORD-01187,CUST-0446,2023-09-25,2023-09-26,Same Day,Cancelled,Wallet,0
ORD-01188,CUST-0412,2024-11-19,2024-11-23,Same Day,Delivered,Credit Card,10
ORD-01189,CUST-0223,2024-03-28,2024-04-03,Express,Shipped,UPI,30
ORD-01190,CUST-0289,2025-03-27,2025-03-29,Express,Delivered,Wallet,25
ORD-01191,CUST-0105,2025-02-18,2025-02-24,Express,Processing,Net Banking,20
ORD-01192,CUST-0108,2024-05-04,2024-05-10,Standard,Delivered,Wallet,25
ORD-01193,CUST-0425,2024-09-28,2024-09-29,Same Day,Processing,Debit Card,0
ORD-01194,CUST-0241,2023-08-08,2023-08-09,Standard,Shipped,Wallet,5
ORD-01195,CUST-0049,2024-12-02,2024-12-06,Standard,Processing,Cash on Delivery,20
ORD-01196,CUST-0081,2023-08-08,2023-08-11,Express,Delivered,Debit Card,0
ORD-01197,CUST-0141,2024-03-18,2024-03-25,Express,Cancelled,Cash on Delivery,10
ORD-01198,CUST-0393,2024-07-17,2024-07-20,Standard,Delivered,Debit Card,30
ORD-01199,CUST-0053,2024-01-08,2024-01-11,Express,Delivered,Credit Card,30
ORD-01200,CUST-0065,2024-11-16,2024-11-21,Express,Cancelled,Cash on Delivery,30
ORD-01201,CUST-0142,2025-02-20,2025-02-26,Standard,Returned,Credit Card,0
ORD-01202,CUST-0402,2024-01-24,2024-01-26,Standard,Delivered,Debit Card,0
ORD-01203,CUST-0244,2023-06-01,2023-06-04,Standard,Delivered,Cash on Delivery,0
ORD-01204,CUST-0414,2024-08-24,2024-08-28,Express,Returned,Cash on Delivery,10
ORD-01205,CUST-0390,2023-09-29,2023-10-01,Same Day,Cancelled,Wallet,15
ORD-01206,CUST-0243,2024-05-29,2024-06-01,Standard,Processing,Debit Card,30
ORD-01207,CUST-0490,2023-11-18,2023-11-24,Standard,Shipped,Net Banking,25
ORD-01208,CUST-0251,2024-02-12,2024-02-18,Same Day,Delivered,Debit Card,10
ORD-01209,CUST-0013,2024-06-09,2024-06-16,Express,Returned,Debit Card,15
ORD-01210,CUST-0316,2024-12-25,2024-12-27,Express,Cancelled,Debit Card,0
ORD-01211,CUST-0227,2024-06-04,2024-06-09,Standard,Delivered,UPI,30
ORD-01212,CUST-0169,2023-09-05,2023-09-08,Standard,Shipped,UPI,30
ORD-01213,CUST-0018,2025-03-24,2025-03-27,Same Day,Returned,Wallet,0
ORD-01214,CUST-0361,2024-02-15,2024-02-18,Standard,Delivered,Cash on Delivery,20
ORD-01215,CUST-0324,2024-09-08,2024-09-12,Same Day,Delivered,Credit Card,25
ORD-01216,CUST-0020,2024-06-13,2024-06-14,Standard,Delivered,Credit Card,0
ORD-01217,CUST-0215,2023-10-01,2023-10-02,Standard,Returned,UPI,25
ORD-01218,CUST-0437,2023-12-16,2023-12-22,Express,Delivered,Wallet,10
ORD-01219,CUST-0087,2025-01-21,2025-01-27,Standard,Processing,Net Banking,15
ORD-01220,CUST-0429,2025-04-14,2025-04-20,Standard,Delivered,Cash on Delivery,5
ORD-01221,CUST-0076,2024-02-29,2024-03-01,Same Day,Delivered,UPI,0
ORD-01222,CUST-0312,2023-12-21,2023-12-27,Standard,Cancelled,UPI,0
ORD-01223,CUST-0141,2024-12-26,2024-12-29,Express,Delivered,Cash on Delivery,0
ORD-01224,CUST-0477,2024-09-17,2024-09-18,Standard,Delivered,Wallet,0
ORD-01225,CUST-0045,2023-12-08,2023-12-11,Standard,Delivered,Wallet,5
ORD-01226,CUST-0192,2024-09-14,2024-09-15,Express,Delivered,Wallet,5
ORD-01227,CUST-0387,2023-10-14,2023-10-17,Same Day,Delivered,UPI,0
ORD-01228,CUST-0072,2024-12-30,2025-01-02,Standard,Cancelled,Debit Card,10
ORD-01229,CUST-0091,2024-03-29,2024-04-01,Express,Returned,Net Banking,0
ORD-01230,CUST-0182,2025-01-13,2025-01-16,Same Day,Processing,Credit Card,0
ORD-01231,CUST-0487,2025-01-20,2025-01-24,Standard,Delivered,UPI,15
ORD-01232,CUST-0331,2025-04-29,2025-05-06,Standard,Shipped,Wallet,10
ORD-01233,CUST-0496,2024-10-28,2024-11-02,Standard,Shipped,UPI,5
ORD-01234,CUST-0112,2024-09-21,2024-09-24,Standard,Delivered,Wallet,25
ORD-01235,CUST-0324,2023-12-08,2023-12-12,Same Day,Delivered,Cash on Delivery,10
ORD-01236,CUST-0194,2025-04-05,2025-04-10,Express,Delivered,Wallet,0
ORD-01237,CUST-0184,2023-06-09,2023-06-11,Same Day,Cancelled,UPI,10
ORD-01238,CUST-0332,2023-09-11,2023-09-13,Express,Processing,Net Banking,0
ORD-01239,CUST-0280,2023-12-08,2023-12-15,Same Day,Delivered,Cash on Delivery,20
ORD-01240,CUST-0295,2024-08-19,2024-08-25,Same Day,Cancelled,UPI,5
ORD-01241,CUST-0371,2024-06-17,2024-06-22,Same Day,Processing,UPI,15
ORD-01242,CUST-0021,2024-01-26,2024-02-02,Same Day,Delivered,UPI,15
ORD-01243,CUST-0489,2025-01-12,2025-01-16,Standard,Delivered,Debit Card,25
ORD-01244,CUST-0473,2024-04-03,2024-04-08,Standard,Delivered,Wallet,0
ORD-01245,CUST-0171,2023-07-26,2023-07-27,Standard,Shipped,Net Banking,10
ORD-01246,CUST-0203,2023-11-17,2023-11-21,Standard,Delivered,UPI,0
ORD-01247,CUST-0158,2023-08-22,2023-08-24,Standard,Delivered,Credit Card,15
ORD-01248,CUST-0371,2024-02-06,2024-02-08,Standard,Processing,Debit Card,20
ORD-01249,CUST-0177,2023-09-11,2023-09-15,Standard,Cancelled,Wallet,20
ORD-01250,CUST-0193,2024-09-17,2024-09-23,Standard,Delivered,Debit Card,15
ORD-01251,CUST-0163,2023-10-15,2023-10-19,Express,Processing,Cash on Delivery,15
ORD-01252,CUST-0202,2024-11-28,2024-11-29,Same Day,Processing,Credit Card,30
ORD-01253,CUST-0114,2025-02-13,2025-02-15,Express,Delivered,UPI,10
ORD-01254,CUST-0257,2023-06-02,2023-06-07,Standard,Cancelled,Debit Card,5
ORD-01255,CUST-0256,2023-12-10,2023-12-11,Express,Delivered,Net Banking,10
ORD-01256,CUST-0335,2023-12-02,2023-12-06,Express,Delivered,Credit Card,20
ORD-01257,CUST-0134,2024-08-05,2024-08-07,Same Day,Delivered,Credit Card,25
ORD-01258,CUST-0239,2023-08-24,2023-08-27,Same Day,Delivered,Debit Card,0
ORD-01259,CUST-0164,2023-10-10,2023-10-15,Same Day,Cancelled,Net Banking,15
ORD-01260,CUST-0395,2023-07-26,2023-07-29,Express,Cancelled,Cash on Delivery,0
ORD-01261,CUST-0414,2024-09-04,2024-09-09,Same Day,Processing,Cash on Delivery,10
ORD-01262,CUST-0498,2024-06-08,2024-06-09,Same Day,Delivered,Net Banking,25
ORD-01263,CUST-0446,2025-04-21,2025-04-22,Standard,Delivered,Wallet,10
ORD-01264,CUST-0303,2024-02-20,2024-02-22,Same Day,Returned,Net Banking,0
ORD-01265,CUST-0145,2023-07-11,2023-07-12,Same Day,Returned,Credit Card,10
ORD-01266,CUST-0456,2025-02-03,2025-02-09,Express,Processing,UPI,15
ORD-01267,CUST-0346,2024-03-30,2024-04-06,Express,Delivered,UPI,0
ORD-01268,CUST-0183,2024-08-01,2024-08-02,Express,Returned,Wallet,10
ORD-01269,CUST-0019,2025-01-31,2025-02-01,Standard,Processing,Wallet,25
ORD-01270,CUST-0203,2024-02-10,2024-02-12,Standard,Delivered,Wallet,0
ORD-01271,CUST-0075,2025-03-10,2025-03-14,Express,Cancelled,Net Banking,10
ORD-01272,CUST-0353,2025-02-22,2025-02-24,Standard,Returned,UPI,0
ORD-01273,CUST-0191,2023-07-10,2023-07-12,Same Day,Delivered,Wallet,25
ORD-01274,CUST-0041,2024-05-11,2024-05-17,Same Day,Shipped,Credit Card,15
ORD-01275,CUST-0095,2024-02-19,2024-02-25,Same Day,Delivered,Debit Card,0
ORD-01276,CUST-0293,2024-02-23,2024-02-26,Standard,Delivered,Cash on Delivery,10
ORD-01277,CUST-0243,2024-01-07,2024-01-14,Express,Cancelled,UPI,0
ORD-01278,CUST-0257,2025-04-18,2025-04-19,Standard,Cancelled,UPI,10
ORD-01279,CUST-0003,2024-07-21,2024-07-23,Same Day,Delivered,UPI,0
ORD-01280,CUST-0137,2024-09-16,2024-09-21,Standard,Processing,Debit Card,5
ORD-01281,CUST-0010,2024-04-28,2024-04-30,Express,Delivered,Net Banking,30
ORD-01282,CUST-0302,2024-08-04,2024-08-10,Same Day,Processing,Cash on Delivery,20
ORD-01283,CUST-0007,2024-05-17,2024-05-20,Express,Processing,Debit Card,20
ORD-01284,CUST-0237,2024-10-23,2024-10-25,Same Day,Delivered,Wallet,0
ORD-01285,CUST-0437,2025-01-06,2025-01-07,Express,Returned,Debit Card,0
ORD-01286,CUST-0383,2024-11-24,2024-11-27,Express,Shipped,Wallet,20
ORD-01287,CUST-0240,2023-07-01,2023-07-03,Express,Delivered,Net Banking,30
ORD-01288,CUST-0213,2023-06-24,2023-07-01,Same Day,Shipped,Net Banking,5
ORD-01289,CUST-0472,2024-12-02,2024-12-04,Standard,Cancelled,Debit Card,5
ORD-01290,CUST-0057,2025-01-05,2025-01-08,Standard,Delivered,Cash on Delivery,15
ORD-01291,CUST-0210,2024-05-26,2024-06-02,Same Day,Delivered,UPI,30
ORD-01292,CUST-0164,2024-06-06,2024-06-12,Express,Delivered,Cash on Delivery,25
ORD-01293,CUST-0273,2024-07-06,2024-07-08,Same Day,Cancelled,UPI,20
ORD-01294,CUST-0423,2024-09-03,2024-09-05,Same Day,Delivered,Credit Card,10
ORD-01295,CUST-0273,2024-05-08,2024-05-15,Standard,Returned,Net Banking,0
ORD-01296,CUST-0298,2025-03-30,2025-04-03,Same Day,Cancelled,Wallet,5
ORD-01297,CUST-0015,2025-02-23,2025-02-25,Standard,Delivered,Cash on Delivery,30
ORD-01298,CUST-0375,2024-07-23,2024-07-24,Standard,Processing,Cash on Delivery,0
ORD-01299,CUST-0321,2024-09-26,2024-10-02,Express,Delivered,Wallet,0
ORD-01300,CUST-0308,2025-03-31,2025-04-04,Standard,Delivered,UPI,20
ORD-01301,CUST-0371,2024-02-01,2024-02-03,Standard,Returned,Debit Card,10
ORD-01302,CUST-0151,2023-08-06,2023-08-07,Same Day,Delivered,Debit Card,20
ORD-01303,CUST-0351,2025-02-07,2025-02-11,Standard,Delivered,Cash on Delivery,20
ORD-01304,CUST-0329,2023-09-22,2023-09-29,Standard,Processing,Net Banking,5
ORD-01305,CUST-0370,2023-08-11,2023-08-12,Same Day,Delivered,Net Banking,25
ORD-01306,CUST-0442,2024-06-29,2024-06-30,Express,Cancelled,Credit Card,25
ORD-01307,CUST-0367,2025-02-11,2025-02-17,Same Day,Delivered,Wallet,20
ORD-01308,CUST-0031,2024-03-26,2024-04-02,Standard,Cancelled,Net Banking,10
ORD-01309,CUST-0367,2024-11-05,2024-11-11,Same Day,Returned,Debit Card,0
ORD-01310,CUST-0434,2024-02-24,2024-03-02,Standard,Delivered,Net Banking,10
ORD-01311,CUST-0337,2024-05-13,2024-05-15,Same Day,Delivered,UPI,5
ORD-01312,CUST-0050,2024-05-03,2024-05-09,Same Day,Delivered,Debit Card,20
ORD-01313,CUST-0388,2024-02-22,2024-02-25,Same Day,Shipped,Net Banking,10
ORD-01314,CUST-0359,2024-02-20,2024-02-25,Standard,Shipped,Debit Card,0
ORD-01315,CUST-0268,2024-03-22,2024-03-23,Express,Delivered,UPI,30
ORD-01316,CUST-0366,2024-03-25,2024-03-28,Express,Delivered,Wallet,20
ORD-01317,CUST-0226,2025-04-20,2025-04-23,Standard,Delivered,Cash on Delivery,0
ORD-01318,CUST-0150,2024-06-28,2024-07-01,Standard,Delivered,Cash on Delivery,5
ORD-01319,CUST-0156,2023-10-30,2023-11-04,Express,Delivered,Wallet,25
ORD-01320,CUST-0446,2024-11-11,2024-11-15,Standard,Returned,Cash on Delivery,0
ORD-01321,CUST-0437,2024-10-26,2024-10-29,Same Day,Processing,Wallet,20
ORD-01322,CUST-0087,2024-11-19,2024-11-23,Same Day,Delivered,Wallet,0
ORD-01323,CUST-0485,2023-08-06,2023-08-09,Express,Delivered,Debit Card,5
ORD-01324,CUST-0077,2024-03-11,2024-03-16,Standard,Delivered,Net Banking,10
ORD-01325,CUST-0236,2025-01-04,2025-01-10,Standard,Delivered,UPI,5
ORD-01326,CUST-0341,2023-07-04,2023-07-08,Express,Delivered,Credit Card,25
ORD-01327,CUST-0139,2024-12-18,2024-12-23,Standard,Delivered,Debit Card,25
ORD-01328,CUST-0126,2024-02-18,2024-02-25,Standard,Delivered,Wallet,5
ORD-01329,CUST-0368,2024-09-10,2024-09-12,Express,Delivered,UPI,25
ORD-01330,CUST-0047,2023-12-12,2023-12-18,Standard,Delivered,Debit Card,0
ORD-01331,CUST-0117,2024-02-05,2024-02-10,Same Day,Returned,Cash on Delivery,0
ORD-01332,CUST-0452,2023-07-23,2023-07-26,Standard,Delivered,Credit Card,20
ORD-01333,CUST-0227,2023-08-25,2023-08-29,Standard,Delivered,Cash on Delivery,25
ORD-01334,CUST-0111,2025-02-02,2025-02-06,Standard,Shipped,Net Banking,30
ORD-01335,CUST-0441,2023-09-23,2023-09-29,Standard,Returned,Wallet,30
ORD-01336,CUST-0315,2024-09-10,2024-09-11,Same Day,Shipped,UPI,30
ORD-01337,CUST-0253,2025-03-08,2025-03-10,Same Day,Processing,UPI,25
ORD-01338,CUST-0488,2025-03-22,2025-03-25,Standard,Shipped,UPI,10
ORD-01339,CUST-0348,2024-12-26,2024-12-31,Same Day,Shipped,Net Banking,0
ORD-01340,CUST-0004,2024-04-22,2024-04-27,Same Day,Returned,Debit Card,0
ORD-01341,CUST-0034,2024-08-16,2024-08-22,Standard,Shipped,UPI,20
ORD-01342,CUST-0327,2024-12-03,2024-12-10,Standard,Delivered,Debit Card,5
ORD-01343,CUST-0158,2024-10-26,2024-10-29,Same Day,Processing,Cash on Delivery,10
ORD-01344,CUST-0108,2025-01-05,2025-01-11,Express,Delivered,Debit Card,0
ORD-01345,CUST-0393,2024-07-10,2024-07-17,Standard,Delivered,Wallet,30
ORD-01346,CUST-0081,2024-04-29,2024-05-04,Same Day,Returned,Debit Card,10
ORD-01347,CUST-0478,2024-02-25,2024-02-29,Express,Shipped,UPI,0
ORD-01348,CUST-0171,2024-05-28,2024-06-04,Same Day,Processing,Net Banking,10
ORD-01349,CUST-0289,2024-07-07,2024-07-14,Standard,Cancelled,Credit Card,15
ORD-01350,CUST-0496,2024-07-23,2024-07-26,Same Day,Delivered,Credit Card,10
ORD-01351,CUST-0420,2023-12-25,2023-12-27,Express,Shipped,UPI,0
ORD-01352,CUST-0219,2024-06-26,2024-06-29,Standard,Delivered,Cash on Delivery,30
ORD-01353,CUST-0226,2024-03-07,2024-03-08,Standard,Delivered,UPI,0
ORD-01354,CUST-0371,2024-10-04,2024-10-10,Standard,Returned,Wallet,15
ORD-01355,CUST-0492,2024-10-11,2024-10-13,Same Day,Shipped,Wallet,0
ORD-01356,CUST-0176,2024-03-09,2024-03-14,Same Day,Processing,Credit Card,10
ORD-01357,CUST-0242,2023-10-16,2023-10-22,Express,Delivered,Debit Card,15
ORD-01358,CUST-0448,2023-11-02,2023-11-07,Standard,Shipped,Debit Card,20
ORD-01359,CUST-0168,2025-01-07,2025-01-12,Express,Shipped,Debit Card,0
ORD-01360,CUST-0396,2023-08-09,2023-08-16,Express,Processing,Wallet,20
ORD-01361,CUST-0453,2024-01-06,2024-01-08,Same Day,Processing,Net Banking,5
ORD-01362,CUST-0186,2024-05-07,2024-05-09,Express,Shipped,Wallet,30
ORD-01363,CUST-0478,2023-06-24,2023-06-26,Same Day,Delivered,Net Banking,15
ORD-01364,CUST-0413,2024-10-11,2024-10-18,Standard,Delivered,UPI,25
ORD-01365,CUST-0009,2024-12-31,2025-01-04,Express,Delivered,UPI,20
ORD-01366,CUST-0295,2024-05-07,2024-05-13,Standard,Delivered,Credit Card,30
ORD-01367,CUST-0499,2024-12-23,2024-12-30,Standard,Delivered,Cash on Delivery,0
ORD-01368,CUST-0473,2024-09-22,2024-09-27,Standard,Delivered,UPI,15
ORD-01369,CUST-0239,2024-09-05,2024-09-11,Express,Delivered,Debit Card,0
ORD-01370,CUST-0332,2025-01-10,2025-01-13,Same Day,Returned,Net Banking,0
ORD-01371,CUST-0295,2024-03-27,2024-03-28,Standard,Cancelled,Debit Card,0
ORD-01372,CUST-0166,2024-08-11,2024-08-13,Standard,Shipped,Wallet,30
ORD-01373,CUST-0394,2024-04-30,2024-05-05,Standard,Returned,UPI,30
ORD-01374,CUST-0458,2025-01-11,2025-01-13,Standard,Delivered,UPI,5
ORD-01375,CUST-0093,2023-09-12,2023-09-13,Standard,Delivered,UPI,25
ORD-01376,CUST-0489,2023-08-10,2023-08-13,Standard,Processing,Debit Card,5
ORD-01377,CUST-0156,2023-11-15,2023-11-19,Standard,Shipped,UPI,5
ORD-01378,CUST-0014,2023-10-19,2023-10-23,Same Day,Delivered,Net Banking,5
ORD-01379,CUST-0026,2024-08-31,2024-09-04,Standard,Cancelled,Net Banking,5
ORD-01380,CUST-0303,2023-10-06,2023-10-07,Standard,Delivered,Credit Card,5
ORD-01381,CUST-0482,2024-10-13,2024-10-19,Express,Processing,Credit Card,5
ORD-01382,CUST-0410,2024-11-01,2024-11-04,Express,Returned,Credit Card,20
ORD-01383,CUST-0004,2024-06-24,2024-07-01,Same Day,Cancelled,UPI,0
ORD-01384,CUST-0185,2024-04-13,2024-04-20,Same Day,Delivered,Debit Card,10
ORD-01385,CUST-0360,2023-08-26,2023-09-01,Same Day,Cancelled,UPI,0
ORD-01386,CUST-0374,2025-03-24,2025-03-27,Standard,Delivered,Debit Card,5
ORD-01387,CUST-0290,2023-06-10,2023-06-12,Standard,Delivered,Credit Card,20
ORD-01388,CUST-0032,2025-01-31,2025-02-07,Express,Delivered,Cash on Delivery,10
ORD-01389,CUST-0213,2023-11-09,2023-11-13,Standard,Delivered,Wallet,0
ORD-01390,CUST-0415,2025-04-15,2025-04-17,Standard,Processing,Credit Card,0
ORD-01391,CUST-0255,2023-12-26,2023-12-29,Express,Cancelled,Cash on Delivery,10
ORD-01392,CUST-0165,2023-06-30,2023-07-07,Express,Delivered,Net Banking,0
ORD-01393,CUST-0018,2023-10-26,2023-10-30,Same Day,Delivered,Debit Card,25
ORD-01394,CUST-0081,2023-09-11,2023-09-12,Standard,Processing,Net Banking,0
ORD-01395,CUST-0034,2023-09-24,2023-09-28,Same Day,Returned,Net Banking,25
ORD-01396,CUST-0069,2025-02-07,2025-02-14,Express,Delivered,Net Banking,20
ORD-01397,CUST-0461,2024-02-19,2024-02-21,Express,Processing,Wallet,30
ORD-01398,CUST-0367,2023-09-07,2023-09-11,Standard,Returned,Debit Card,0
ORD-01399,CUST-0264,2023-10-11,2023-10-18,Standard,Delivered,Wallet,0
ORD-01400,CUST-0207,2024-03-16,2024-03-21,Standard,Delivered,UPI,5
ORD-01401,CUST-0095,2025-04-06,2025-04-09,Same Day,Processing,Cash on Delivery,30
ORD-01402,CUST-0265,2025-01-12,2025-01-15,Express,Delivered,UPI,15
ORD-01403,CUST-0339,2023-10-27,2023-11-01,Same Day,Delivered,Debit Card,5
ORD-01404,CUST-0008,2023-10-25,2023-10-31,Standard,Delivered,Credit Card,10
ORD-01405,CUST-0293,2024-10-05,2024-10-09,Standard,Processing,Net Banking,30
ORD-01406,CUST-0232,2024-01-06,2024-01-10,Same Day,Shipped,Wallet,0
ORD-01407,CUST-0144,2025-04-02,2025-04-09,Express,Processing,UPI,0
ORD-01408,CUST-0175,2024-10-12,2024-10-19,Standard,Returned,Cash on Delivery,10
ORD-01409,CUST-0135,2023-08-04,2023-08-11,Same Day,Processing,Cash on Delivery,0
ORD-01410,CUST-0065,2023-09-05,2023-09-07,Standard,Returned,Cash on Delivery,0
ORD-01411,CUST-0365,2024-03-29,2024-03-31,Express,Processing,Net Banking,20
ORD-01412,CUST-0284,2023-08-24,2023-08-31,Same Day,Delivered,Debit Card,25
ORD-01413,CUST-0073,2025-04-27,2025-04-29,Standard,Delivered,Cash on Delivery,10
ORD-01414,CUST-0308,2023-11-03,2023-11-08,Express,Delivered,Debit Card,25
ORD-01415,CUST-0192,2023-11-10,2023-11-11,Standard,Delivered,Cash on Delivery,0
ORD-01416,CUST-0483,2025-02-14,2025-02-18,Express,Delivered,Net Banking,0
ORD-01417,CUST-0152,2024-07-04,2024-07-09,Same Day,Cancelled,UPI,20
ORD-01418,CUST-0070,2024-04-03,2024-04-04,Express,Delivered,Wallet,25
ORD-01419,CUST-0160,2023-12-31,2024-01-06,Standard,Delivered,Debit Card,0
ORD-01420,CUST-0247,2023-11-12,2023-11-19,Same Day,Delivered,Net Banking,15
ORD-01421,CUST-0303,2023-12-16,2023-12-18,Standard,Processing,Debit Card,10
ORD-01422,CUST-0458,2024-07-16,2024-07-17,Standard,Delivered,Debit Card,20
ORD-01423,CUST-0345,2024-03-09,2024-03-16,Standard,Processing,Cash on Delivery,0
ORD-01424,CUST-0160,2024-11-18,2024-11-19,Standard,Returned,Credit Card,10
ORD-01425,CUST-0278,2025-02-14,2025-02-18,Standard,Delivered,UPI,10
ORD-01426,CUST-0487,2023-07-12,2023-07-16,Standard,Shipped,Net Banking,20
ORD-01427,CUST-0300,2023-11-20,2023-11-26,Express,Returned,Credit Card,0
ORD-01428,CUST-0375,2025-02-07,2025-02-12,Standard,Processing,Wallet,20
ORD-01429,CUST-0494,2024-08-16,2024-08-20,Standard,Delivered,Wallet,10
ORD-01430,CUST-0376,2024-03-09,2024-03-12,Same Day,Processing,UPI,10
ORD-01431,CUST-0043,2023-06-14,2023-06-15,Standard,Returned,Net Banking,30
ORD-01432,CUST-0114,2025-01-26,2025-01-30,Standard,Shipped,Cash on Delivery,20
ORD-01433,CUST-0311,2024-12-31,2025-01-04,Standard,Cancelled,Wallet,30
ORD-01434,CUST-0489,2023-09-09,2023-09-14,Standard,Delivered,UPI,5
ORD-01435,CUST-0298,2025-04-19,2025-04-25,Same Day,Cancelled,UPI,0
ORD-01436,CUST-0332,2024-08-24,2024-08-31,Standard,Returned,Wallet,15
ORD-01437,CUST-0382,2024-08-16,2024-08-22,Standard,Delivered,Debit Card,30
ORD-01438,CUST-0013,2025-03-07,2025-03-10,Express,Delivered,Credit Card,15
ORD-01439,CUST-0374,2024-09-10,2024-09-17,Express,Shipped,UPI,10
ORD-01440,CUST-0499,2024-02-10,2024-02-13,Standard,Returned,Net Banking,10
ORD-01441,CUST-0358,2025-03-12,2025-03-15,Standard,Delivered,Cash on Delivery,25
ORD-01442,CUST-0332,2024-04-25,2024-05-01,Express,Cancelled,Net Banking,0
ORD-01443,CUST-0439,2023-08-31,2023-09-03,Standard,Processing,UPI,10
ORD-01444,CUST-0052,2023-09-01,2023-09-07,Express,Cancelled,Net Banking,30
ORD-01445,CUST-0328,2023-12-08,2023-12-15,Standard,Cancelled,UPI,20
ORD-01446,CUST-0173,2024-08-22,2024-08-25,Standard,Delivered,Credit Card,10
ORD-01447,CUST-0058,2023-12-12,2023-12-17,Express,Shipped,Debit Card,25
ORD-01448,CUST-0204,2025-02-23,2025-03-01,Standard,Delivered,Credit Card,0
ORD-01449,CUST-0365,2025-02-02,2025-02-08,Express,Cancelled,Wallet,0
ORD-01450,CUST-0175,2024-11-27,2024-11-30,Standard,Cancelled,Wallet,0
ORD-01451,CUST-0418,2024-03-27,2024-04-01,Express,Delivered,Net Banking,5
ORD-01452,CUST-0423,2023-07-12,2023-07-14,Express,Delivered,Net Banking,0
ORD-01453,CUST-0115,2024-01-11,2024-01-13,Same Day,Delivered,Debit Card,5
ORD-01454,CUST-0007,2024-03-30,2024-04-01,Same Day,Delivered,Net Banking,20
ORD-01455,CUST-0285,2024-12-16,2024-12-21,Same Day,Delivered,Cash on Delivery,25
ORD-01456,CUST-0205,2025-03-04,2025-03-09,Express,Cancelled,UPI,10
ORD-01457,CUST-0221,2024-06-14,2024-06-17,Express,Delivered,UPI,25
ORD-01458,CUST-0040,2023-10-16,2023-10-19,Standard,Delivered,Wallet,25
ORD-01459,CUST-0244,2024-11-30,2024-12-03,Standard,Delivered,Debit Card,25
ORD-01460,CUST-0239,2024-03-02,2024-03-07,Same Day,Delivered,Net Banking,30
ORD-01461,CUST-0255,2025-01-26,2025-01-30,Standard,Delivered,Cash on Delivery,0
ORD-01462,CUST-0230,2024-12-24,2024-12-30,Express,Delivered,Credit Card,0
ORD-01463,CUST-0350,2024-05-28,2024-05-29,Express,Shipped,Wallet,0
ORD-01464,CUST-0307,2024-10-15,2024-10-19,Same Day,Delivered,UPI,20
ORD-01465,CUST-0276,2025-04-21,2025-04-24,Standard,Processing,Cash on Delivery,30
ORD-01466,CUST-0485,2024-07-21,2024-07-23,Standard,Processing,Credit Card,30
ORD-01467,CUST-0365,2024-06-01,2024-06-06,Standard,Delivered,Credit Card,30
ORD-01468,CUST-0272,2024-07-28,2024-08-03,Standard,Delivered,Cash on Delivery,5
ORD-01469,CUST-0397,2023-12-01,2023-12-08,Standard,Delivered,Wallet,20
ORD-01470,CUST-0062,2024-05-05,2024-05-06,Same Day,Delivered,Wallet,30
ORD-01471,CUST-0486,2024-07-01,2024-07-08,Same Day,Cancelled,Debit Card,20
ORD-01472,CUST-0434,2024-05-17,2024-05-19,Express,Delivered,Debit Card,10
ORD-01473,CUST-0363,2024-08-14,2024-08-17,Standard,Returned,UPI,0
ORD-01474,CUST-0206,2023-12-23,2023-12-25,Standard,Processing,Cash on Delivery,0
ORD-01475,CUST-0132,2023-06-21,2023-06-26,Standard,Delivered,Credit Card,10
ORD-01476,CUST-0087,2023-06-02,2023-06-07,Standard,Delivered,Net Banking,10
ORD-01477,CUST-0157,2023-06-29,2023-07-06,Standard,Processing,Debit Card,0
ORD-01478,CUST-0326,2025-02-25,2025-03-01,Standard,Delivered,Credit Card,10
ORD-01479,CUST-0447,2025-04-30,2025-05-02,Standard,Processing,Wallet,20
ORD-01480,CUST-0434,2023-11-29,2023-12-04,Same Day,Delivered,Cash on Delivery,0
ORD-01481,CUST-0455,2023-10-02,2023-10-09,Express,Shipped,Cash on Delivery,0
ORD-01482,CUST-0266,2023-11-19,2023-11-20,Standard,Returned,UPI,30
ORD-01483,CUST-0481,2024-09-08,2024-09-14,Same Day,Cancelled,Wallet,0
ORD-01484,CUST-0284,2023-08-07,2023-08-10,Express,Delivered,Debit Card,0
ORD-01485,CUST-0492,2024-10-15,2024-10-17,Standard,Cancelled,Wallet,20
ORD-01486,CUST-0363,2025-01-26,2025-01-27,Express,Delivered,Cash on Delivery,25
ORD-01487,CUST-0295,2024-11-26,2024-12-01,Standard,Cancelled,Net Banking,0
ORD-01488,CUST-0391,2023-12-20,2023-12-23,Same Day,Cancelled,Net Banking,0
ORD-01489,CUST-0013,2024-10-16,2024-10-17,Same Day,Processing,Net Banking,10
ORD-01490,CUST-0403,2024-03-21,2024-03-28,Standard,Delivered,Credit Card,5
ORD-01491,CUST-0158,2025-01-22,2025-01-28,Express,Delivered,Cash on Delivery,0
ORD-01492,CUST-0015,2023-07-19,2023-07-22,Standard,Cancelled,Cash on Delivery,10
ORD-01493,CUST-0027,2025-05-01,2025-05-08,Standard,Cancelled,UPI,25
ORD-01494,CUST-0349,2023-07-16,2023-07-18,Same Day,Delivered,Debit Card,0
ORD-01495,CUST-0365,2024-04-23,2024-04-24,Same Day,Delivered,Cash on Delivery,5
ORD-01496,CUST-0328,2025-02-17,2025-02-18,Same Day,Delivered,Wallet,5
ORD-01497,CUST-0060,2024-03-24,2024-03-25,Express,Delivered,Net Banking,0
ORD-01498,CUST-0424,2024-01-20,2024-01-23,Standard,Cancelled,Debit Card,0
ORD-01499,CUST-0307,2024-02-08,2024-02-13,Same Day,Shipped,Wallet,30
ORD-01500,CUST-0443,2025-03-03,2025-03-06,Express,Delivered,Wallet,15
ORD-01501,CUST-0006,2024-07-30,2024-08-06,Same Day,Cancelled,Debit Card,10
ORD-01502,CUST-0419,2024-10-12,2024-10-15,Same Day,Delivered,Debit Card,20
ORD-01503,CUST-0340,2024-01-15,2024-01-16,Standard,Delivered,Net Banking,0
ORD-01504,CUST-0035,2023-12-05,2023-12-10,Standard,Processing,Wallet,10
ORD-01505,CUST-0367,2024-07-12,2024-07-15,Express,Shipped,UPI,30
ORD-01506,CUST-0056,2023-10-01,2023-10-05,Standard,Delivered,Debit Card,20
ORD-01507,CUST-0066,2024-11-12,2024-11-13,Same Day,Returned,Credit Card,5
ORD-01508,CUST-0427,2024-07-02,2024-07-04,Standard,Delivered,Net Banking,5
ORD-01509,CUST-0316,2024-06-14,2024-06-18,Same Day,Delivered,Credit Card,30
ORD-01510,CUST-0340,2024-10-28,2024-11-04,Standard,Delivered,Cash on Delivery,0
ORD-01511,CUST-0008,2023-11-04,2023-11-07,Standard,Shipped,Wallet,5
ORD-01512,CUST-0029,2024-07-05,2024-07-09,Express,Delivered,Credit Card,25
ORD-01513,CUST-0116,2023-12-06,2023-12-12,Express,Delivered,Credit Card,20
ORD-01514,CUST-0447,2024-08-25,2024-08-26,Express,Delivered,Debit Card,25
ORD-01515,CUST-0074,2024-12-12,2024-12-15,Standard,Delivered,Cash on Delivery,15
ORD-01516,CUST-0274,2023-06-18,2023-06-23,Express,Delivered,Credit Card,10
ORD-01517,CUST-0074,2023-09-15,2023-09-21,Standard,Delivered,Credit Card,15
ORD-01518,CUST-0289,2023-07-30,2023-08-06,Standard,Cancelled,Wallet,5
ORD-01519,CUST-0019,2024-12-29,2025-01-03,Standard,Delivered,Cash on Delivery,20
ORD-01520,CUST-0331,2024-06-30,2024-07-03,Same Day,Cancelled,Wallet,5
ORD-01521,CUST-0252,2025-02-17,2025-02-20,Same Day,Processing,Debit Card,20
ORD-01522,CUST-0233,2024-12-01,2024-12-04,Standard,Delivered,Net Banking,0
ORD-01523,CUST-0132,2023-11-12,2023-11-15,Same Day,Delivered,Credit Card,0
ORD-01524,CUST-0236,2024-07-25,2024-07-31,Same Day,Delivered,Wallet,0
ORD-01525,CUST-0181,2023-12-31,2024-01-04,Same Day,Cancelled,Net Banking,20
ORD-01526,CUST-0488,2024-07-02,2024-07-06,Express,Processing,Wallet,10
ORD-01527,CUST-0205,2023-10-15,2023-10-21,Standard,Delivered,Cash on Delivery,5
ORD-01528,CUST-0100,2025-04-06,2025-04-13,Same Day,Processing,Net Banking,25
ORD-01529,CUST-0192,2025-03-21,2025-03-24,Same Day,Delivered,Net Banking,0
ORD-01530,CUST-0056,2024-12-07,2024-12-13,Express,Returned,Net Banking,30
ORD-01531,CUST-0027,2023-12-22,2023-12-24,Standard,Processing,Net Banking,25
ORD-01532,CUST-0093,2024-08-27,2024-08-28,Same Day,Delivered,Wallet,30
ORD-01533,CUST-0089,2024-03-06,2024-03-12,Same Day,Delivered,Debit Card,30
ORD-01534,CUST-0078,2024-07-26,2024-07-29,Standard,Returned,Net Banking,0
ORD-01535,CUST-0162,2025-02-15,2025-02-22,Standard,Delivered,Credit Card,0
ORD-01536,CUST-0011,2023-06-09,2023-06-16,Express,Delivered,UPI,0
ORD-01537,CUST-0477,2024-05-31,2024-06-02,Standard,Delivered,Credit Card,10
ORD-01538,CUST-0186,2025-02-28,2025-03-03,Same Day,Returned,Wallet,10
ORD-01539,CUST-0090,2024-03-23,2024-03-26,Standard,Delivered,Debit Card,0
ORD-01540,CUST-0213,2023-09-30,2023-10-05,Standard,Cancelled,Cash on Delivery,25
ORD-01541,CUST-0322,2024-09-23,2024-09-29,Standard,Shipped,Wallet,0
ORD-01542,CUST-0485,2023-10-29,2023-11-02,Standard,Delivered,Net Banking,15
ORD-01543,CUST-0195,2024-10-01,2024-10-03,Express,Delivered,Cash on Delivery,30
ORD-01544,CUST-0094,2024-09-01,2024-09-02,Express,Returned,Credit Card,10
ORD-01545,CUST-0454,2024-06-13,2024-06-14,Standard,Delivered,UPI,30
ORD-01546,CUST-0347,2024-07-08,2024-07-10,Standard,Delivered,UPI,10
ORD-01547,CUST-0365,2023-08-25,2023-08-28,Standard,Returned,Cash on Delivery,30
ORD-01548,CUST-0214,2023-11-21,2023-11-24,Standard,Shipped,Credit Card,25
ORD-01549,CUST-0251,2024-04-22,2024-04-24,Standard,Delivered,UPI,10
ORD-01550,CUST-0230,2024-08-17,2024-08-20,Express,Delivered,Wallet,20
ORD-01551,CUST-0042,2024-05-06,2024-05-11,Standard,Delivered,Credit Card,30
ORD-01552,CUST-0377,2025-01-08,2025-01-09,Same Day,Shipped,Net Banking,5
ORD-01553,CUST-0195,2024-07-02,2024-07-03,Same Day,Shipped,UPI,10
ORD-01554,CUST-0412,2024-11-06,2024-11-13,Same Day,Cancelled,UPI,0
ORD-01555,CUST-0369,2024-02-23,2024-02-28,Same Day,Delivered,UPI,10
ORD-01556,CUST-0043,2024-09-03,2024-09-09,Express,Delivered,Credit Card,25
ORD-01557,CUST-0012,2023-10-10,2023-10-17,Standard,Delivered,Credit Card,10
ORD-01558,CUST-0079,2025-01-06,2025-01-13,Standard,Delivered,Credit Card,0
ORD-01559,CUST-0371,2023-06-14,2023-06-20,Standard,Processing,Cash on Delivery,0
ORD-01560,CUST-0321,2024-09-14,2024-09-20,Standard,Processing,Credit Card,30
ORD-01561,CUST-0029,2023-10-21,2023-10-23,Standard,Delivered,Credit Card,0
ORD-01562,CUST-0222,2024-01-25,2024-01-27,Standard,Delivered,UPI,15
ORD-01563,CUST-0321,2024-11-24,2024-11-26,Standard,Returned,Cash on Delivery,20
ORD-01564,CUST-0362,2023-12-08,2023-12-12,Standard,Shipped,Credit Card,25
ORD-01565,CUST-0041,2023-11-28,2023-11-30,Standard,Shipped,Debit Card,30
ORD-01566,CUST-0359,2023-10-05,2023-10-11,Standard,Delivered,Debit Card,10
ORD-01567,CUST-0084,2024-07-09,2024-07-15,Same Day,Shipped,Wallet,25
ORD-01568,CUST-0147,2024-01-10,2024-01-14,Express,Shipped,Cash on Delivery,5
ORD-01569,CUST-0004,2025-04-01,2025-04-07,Express,Shipped,Credit Card,0
ORD-01570,CUST-0032,2023-08-04,2023-08-08,Standard,Processing,Net Banking,30
ORD-01571,CUST-0041,2025-04-21,2025-04-28,Standard,Returned,UPI,0
ORD-01572,CUST-0302,2024-06-05,2024-06-11,Express,Delivered,Net Banking,10
ORD-01573,CUST-0184,2024-10-04,2024-10-07,Express,Returned,Cash on Delivery,10
ORD-01574,CUST-0382,2023-12-12,2023-12-14,Standard,Delivered,Net Banking,15
ORD-01575,CUST-0451,2024-09-15,2024-09-18,Same Day,Cancelled,Net Banking,20
ORD-01576,CUST-0079,2023-10-24,2023-10-30,Same Day,Cancelled,UPI,0
ORD-01577,CUST-0196,2025-03-09,2025-03-11,Express,Cancelled,Net Banking,0
ORD-01578,CUST-0406,2025-04-08,2025-04-10,Standard,Delivered,Credit Card,5
ORD-01579,CUST-0009,2024-07-05,2024-07-09,Express,Delivered,Debit Card,10
ORD-01580,CUST-0012,2024-10-22,2024-10-26,Express,Delivered,UPI,25
ORD-01581,CUST-0117,2023-12-12,2023-12-16,Same Day,Returned,Net Banking,0
ORD-01582,CUST-0497,2025-04-12,2025-04-13,Standard,Processing,UPI,0
ORD-01583,CUST-0362,2024-10-01,2024-10-06,Standard,Shipped,Debit Card,20
ORD-01584,CUST-0214,2024-10-15,2024-10-16,Standard,Shipped,Wallet,10
ORD-01585,CUST-0317,2024-08-13,2024-08-18,Standard,Delivered,UPI,25
ORD-01586,CUST-0175,2024-06-17,2024-06-24,Express,Delivered,Net Banking,30
ORD-01587,CUST-0033,2023-06-19,2023-06-23,Same Day,Processing,Debit Card,5
ORD-01588,CUST-0484,2024-04-30,2024-05-06,Express,Delivered,UPI,20
ORD-01589,CUST-0285,2024-05-14,2024-05-19,Standard,Processing,UPI,0
ORD-01590,CUST-0401,2025-03-09,2025-03-14,Standard,Delivered,Net Banking,5
ORD-01591,CUST-0289,2024-09-24,2024-09-25,Standard,Processing,Debit Card,15
ORD-01592,CUST-0320,2024-04-25,2024-04-26,Same Day,Returned,Wallet,30
ORD-01593,CUST-0137,2023-08-08,2023-08-12,Standard,Cancelled,Wallet,10
ORD-01594,CUST-0074,2024-06-07,2024-06-14,Same Day,Delivered,Debit Card,5
ORD-01595,CUST-0325,2023-06-04,2023-06-07,Same Day,Processing,Debit Card,25
ORD-01596,CUST-0402,2024-03-06,2024-03-09,Express,Returned,Cash on Delivery,30
ORD-01597,CUST-0103,2025-03-23,2025-03-25,Express,Delivered,Wallet,0
ORD-01598,CUST-0454,2023-12-17,2023-12-22,Standard,Shipped,Wallet,15
ORD-01599,CUST-0420,2023-06-12,2023-06-15,Standard,Shipped,UPI,0
ORD-01600,CUST-0013,2023-06-30,2023-07-06,Standard,Cancelled,Net Banking,10
ORD-01601,CUST-0398,2023-10-30,2023-11-03,Standard,Cancelled,Credit Card,10
ORD-01602,CUST-0480,2024-03-07,2024-03-11,Standard,Shipped,Net Banking,30
ORD-01603,CUST-0146,2023-11-14,2023-11-19,Express,Delivered,Credit Card,0
ORD-01604,CUST-0445,2024-04-30,2024-05-05,Express,Returned,UPI,0
ORD-01605,CUST-0426,2024-06-19,2024-06-24,Same Day,Delivered,Net Banking,10
ORD-01606,CUST-0092,2024-04-30,2024-05-05,Express,Delivered,Cash on Delivery,10
ORD-01607,CUST-0388,2025-01-03,2025-01-04,Standard,Delivered,Credit Card,20
ORD-01608,CUST-0475,2023-08-09,2023-08-11,Standard,Delivered,Debit Card,25
ORD-01609,CUST-0482,2024-01-27,2024-01-28,Express,Processing,Credit Card,10
ORD-01610,CUST-0212,2024-05-17,2024-05-24,Same Day,Delivered,Cash on Delivery,15
ORD-01611,CUST-0032,2024-11-19,2024-11-23,Standard,Cancelled,Debit Card,0
ORD-01612,CUST-0230,2023-11-10,2023-11-11,Standard,Shipped,Credit Card,25
ORD-01613,CUST-0027,2025-03-20,2025-03-27,Same Day,Delivered,Credit Card,0
ORD-01614,CUST-0113,2024-01-25,2024-01-27,Express,Delivered,Net Banking,10
ORD-01615,CUST-0388,2025-03-11,2025-03-17,Standard,Cancelled,UPI,25
ORD-01616,CUST-0253,2023-06-25,2023-07-01,Standard,Cancelled,Debit Card,0
ORD-01617,CUST-0302,2023-07-07,2023-07-09,Same Day,Delivered,UPI,0
ORD-01618,CUST-0360,2023-08-22,2023-08-27,Standard,Processing,Debit Card,15
ORD-01619,CUST-0078,2024-12-01,2024-12-02,Express,Shipped,Net Banking,25
ORD-01620,CUST-0082,2023-12-24,2023-12-31,Express,Shipped,Net Banking,10
ORD-01621,CUST-0062,2025-03-28,2025-03-31,Standard,Returned,Cash on Delivery,20
ORD-01622,CUST-0496,2025-03-29,2025-04-04,Standard,Cancelled,Credit Card,0
ORD-01623,CUST-0022,2024-07-01,2024-07-08,Standard,Delivered,Cash on Delivery,5
ORD-01624,CUST-0377,2024-04-01,2024-04-08,Express,Delivered,Net Banking,10
ORD-01625,CUST-0028,2025-03-25,2025-03-31,Express,Delivered,Cash on Delivery,5
ORD-01626,CUST-0013,2024-04-13,2024-04-14,Standard,Delivered,Debit Card,10
ORD-01627,CUST-0256,2024-07-02,2024-07-08,Same Day,Processing,Cash on Delivery,15
ORD-01628,CUST-0386,2023-11-17,2023-11-21,Express,Returned,Credit Card,5
ORD-01629,CUST-0316,2023-09-18,2023-09-19,Standard,Delivered,UPI,0
ORD-01630,CUST-0477,2023-06-01,2023-06-04,Same Day,Returned,Debit Card,30
ORD-01631,CUST-0050,2023-07-25,2023-07-28,Standard,Delivered,Wallet,15
ORD-01632,CUST-0449,2024-06-16,2024-06-17,Same Day,Shipped,UPI,0
ORD-01633,CUST-0395,2023-07-06,2023-07-07,Standard,Shipped,Net Banking,10
ORD-01634,CUST-0477,2023-12-27,2023-12-28,Same Day,Delivered,Credit Card,0
ORD-01635,CUST-0372,2024-01-27,2024-01-31,Express,Shipped,Wallet,0
ORD-01636,CUST-0289,2024-10-04,2024-10-05,Standard,Delivered,Credit Card,15
ORD-01637,CUST-0020,2024-10-22,2024-10-26,Same Day,Returned,Cash on Delivery,0
ORD-01638,CUST-0460,2023-07-16,2023-07-22,Express,Delivered,Wallet,10
ORD-01639,CUST-0246,2023-12-25,2024-01-01,Standard,Shipped,Debit Card,5
ORD-01640,CUST-0354,2024-09-01,2024-09-08,Standard,Delivered,Net Banking,30
ORD-01641,CUST-0287,2024-10-13,2024-10-20,Standard,Delivered,Cash on Delivery,0
ORD-01642,CUST-0189,2024-09-10,2024-09-17,Standard,Returned,Wallet,10
ORD-01643,CUST-0462,2024-06-15,2024-06-21,Express,Delivered,Net Banking,10
ORD-01644,CUST-0090,2025-01-15,2025-01-19,Same Day,Processing,UPI,10
ORD-01645,CUST-0076,2025-04-19,2025-04-26,Same Day,Returned,Net Banking,10
ORD-01646,CUST-0045,2025-02-06,2025-02-09,Express,Delivered,Wallet,10
ORD-01647,CUST-0239,2024-09-04,2024-09-11,Standard,Delivered,Cash on Delivery,10
ORD-01648,CUST-0471,2025-03-02,2025-03-04,Standard,Processing,Debit Card,30
ORD-01649,CUST-0418,2023-12-28,2024-01-04,Standard,Cancelled,Cash on Delivery,0
ORD-01650,CUST-0279,2023-07-13,2023-07-18,Standard,Delivered,Cash on Delivery,10
ORD-01651,CUST-0341,2023-11-16,2023-11-22,Express,Delivered,Wallet,10
ORD-01652,CUST-0429,2024-06-17,2024-06-22,Same Day,Cancelled,Cash on Delivery,5
ORD-01653,CUST-0180,2024-07-22,2024-07-28,Standard,Delivered,Debit Card,20
ORD-01654,CUST-0428,2023-12-10,2023-12-16,Standard,Delivered,Wallet,0
ORD-01655,CUST-0487,2024-04-09,2024-04-11,Express,Cancelled,Cash on Delivery,5
ORD-01656,CUST-0327,2023-09-07,2023-09-14,Standard,Delivered,Credit Card,0
ORD-01657,CUST-0152,2023-10-02,2023-10-04,Standard,Delivered,Credit Card,20
ORD-01658,CUST-0217,2024-06-01,2024-06-07,Standard,Cancelled,UPI,30
ORD-01659,CUST-0176,2024-07-02,2024-07-05,Express,Delivered,Cash on Delivery,15
ORD-01660,CUST-0302,2024-10-02,2024-10-08,Same Day,Delivered,UPI,20
ORD-01661,CUST-0180,2023-07-02,2023-07-05,Same Day,Returned,Credit Card,25
ORD-01662,CUST-0217,2025-01-22,2025-01-27,Same Day,Processing,Net Banking,0
ORD-01663,CUST-0020,2024-10-12,2024-10-19,Same Day,Delivered,Credit Card,0
ORD-01664,CUST-0126,2025-03-08,2025-03-09,Same Day,Returned,Debit Card,10
ORD-01665,CUST-0310,2024-09-23,2024-09-24,Express,Processing,Wallet,25
ORD-01666,CUST-0438,2024-09-05,2024-09-07,Standard,Cancelled,Wallet,0
ORD-01667,CUST-0066,2025-01-28,2025-02-04,Same Day,Delivered,Cash on Delivery,0
ORD-01668,CUST-0093,2024-09-17,2024-09-20,Standard,Cancelled,Cash on Delivery,10
ORD-01669,CUST-0061,2024-11-11,2024-11-15,Same Day,Delivered,Credit Card,0
ORD-01670,CUST-0149,2025-02-05,2025-02-08,Standard,Cancelled,Credit Card,0
ORD-01671,CUST-0102,2024-10-06,2024-10-10,Standard,Delivered,Net Banking,0
ORD-01672,CUST-0023,2024-04-05,2024-04-07,Express,Delivered,Net Banking,30
ORD-01673,CUST-0118,2024-08-29,2024-09-05,Standard,Delivered,Debit Card,0
ORD-01674,CUST-0068,2025-02-09,2025-02-14,Same Day,Delivered,UPI,20
ORD-01675,CUST-0407,2024-08-14,2024-08-15,Standard,Processing,Net Banking,15
ORD-01676,CUST-0018,2024-03-12,2024-03-16,Standard,Cancelled,Credit Card,0
ORD-01677,CUST-0135,2025-04-11,2025-04-14,Same Day,Returned,Debit Card,25
ORD-01678,CUST-0465,2023-10-19,2023-10-20,Standard,Delivered,Wallet,0
ORD-01679,CUST-0101,2024-08-30,2024-09-05,Express,Processing,Credit Card,20
ORD-01680,CUST-0498,2025-04-03,2025-04-05,Standard,Cancelled,Credit Card,25
ORD-01681,CUST-0119,2023-12-25,2023-12-27,Standard,Shipped,Credit Card,15
ORD-01682,CUST-0191,2023-08-01,2023-08-06,Standard,Delivered,Wallet,25
ORD-01683,CUST-0137,2025-01-20,2025-01-25,Express,Delivered,UPI,0
ORD-01684,CUST-0472,2024-02-05,2024-02-12,Standard,Returned,Wallet,5
ORD-01685,CUST-0244,2024-10-02,2024-10-06,Standard,Delivered,Wallet,25
ORD-01686,CUST-0322,2024-12-06,2024-12-13,Standard,Delivered,Debit Card,25
ORD-01687,CUST-0441,2023-08-09,2023-08-13,Standard,Delivered,Wallet,5
ORD-01688,CUST-0386,2024-07-28,2024-08-04,Standard,Processing,Net Banking,10
ORD-01689,CUST-0031,2024-08-16,2024-08-17,Same Day,Processing,Debit Card,0
ORD-01690,CUST-0344,2024-06-17,2024-06-21,Standard,Returned,Net Banking,0
ORD-01691,CUST-0315,2024-11-03,2024-11-07,Standard,Delivered,Net Banking,10
ORD-01692,CUST-0396,2023-08-16,2023-08-20,Same Day,Delivered,Cash on Delivery,0
ORD-01693,CUST-0044,2023-10-28,2023-11-04,Express,Delivered,Net Banking,10
ORD-01694,CUST-0333,2024-05-15,2024-05-18,Express,Processing,Cash on Delivery,20
ORD-01695,CUST-0250,2024-06-30,2024-07-07,Same Day,Delivered,Credit Card,10
ORD-01696,CUST-0355,2024-10-14,2024-10-17,Express,Delivered,UPI,10
ORD-01697,CUST-0305,2024-11-07,2024-11-09,Express,Processing,Debit Card,30
ORD-01698,CUST-0179,2024-04-09,2024-04-11,Same Day,Processing,UPI,10
ORD-01699,CUST-0307,2024-08-08,2024-08-14,Standard,Delivered,Debit Card,10
ORD-01700,CUST-0352,2024-06-05,2024-06-11,Standard,Processing,Cash on Delivery,20
ORD-01701,CUST-0267,2023-11-25,2023-11-26,Standard,Shipped,Debit Card,10
ORD-01702,CUST-0455,2025-03-25,2025-04-01,Express,Returned,Net Banking,5
ORD-01703,CUST-0248,2024-03-04,2024-03-09,Express,Returned,UPI,0
ORD-01704,CUST-0311,2023-08-13,2023-08-16,Same Day,Delivered,Net Banking,25
ORD-01705,CUST-0002,2023-08-08,2023-08-10,Same Day,Shipped,Cash on Delivery,20
ORD-01706,CUST-0299,2024-03-10,2024-03-15,Standard,Cancelled,Credit Card,10
ORD-01707,CUST-0219,2025-03-05,2025-03-09,Same Day,Delivered,Net Banking,15
ORD-01708,CUST-0161,2023-10-01,2023-10-03,Standard,Delivered,Credit Card,0
ORD-01709,CUST-0434,2023-08-11,2023-08-14,Express,Delivered,Credit Card,0
ORD-01710,CUST-0474,2024-08-07,2024-08-09,Standard,Delivered,Credit Card,0
ORD-01711,CUST-0173,2025-03-01,2025-03-07,Express,Shipped,Debit Card,15
ORD-01712,CUST-0119,2024-01-12,2024-01-17,Express,Shipped,Debit Card,5
ORD-01713,CUST-0012,2024-12-18,2024-12-23,Standard,Processing,Debit Card,15
ORD-01714,CUST-0278,2025-02-21,2025-02-22,Standard,Delivered,Wallet,30
ORD-01715,CUST-0315,2024-03-03,2024-03-10,Standard,Returned,Debit Card,0
ORD-01716,CUST-0433,2024-07-21,2024-07-23,Same Day,Delivered,Debit Card,30
ORD-01717,CUST-0457,2023-11-25,2023-11-27,Standard,Shipped,Net Banking,10
ORD-01718,CUST-0297,2025-02-04,2025-02-11,Same Day,Cancelled,Debit Card,5
ORD-01719,CUST-0052,2023-08-23,2023-08-27,Same Day,Returned,Wallet,0
ORD-01720,CUST-0455,2024-06-28,2024-07-05,Standard,Cancelled,UPI,25
ORD-01721,CUST-0106,2025-04-20,2025-04-24,Express,Cancelled,Credit Card,10
ORD-01722,CUST-0256,2024-11-01,2024-11-06,Same Day,Cancelled,Debit Card,10
ORD-01723,CUST-0361,2023-08-19,2023-08-24,Standard,Cancelled,Debit Card,15
ORD-01724,CUST-0112,2024-04-17,2024-04-20,Express,Cancelled,Wallet,5
ORD-01725,CUST-0149,2024-01-23,2024-01-27,Standard,Returned,Debit Card,30
ORD-01726,CUST-0331,2023-08-06,2023-08-10,Same Day,Delivered,UPI,30
ORD-01727,CUST-0185,2024-06-25,2024-06-26,Same Day,Returned,Net Banking,20
ORD-01728,CUST-0046,2024-08-21,2024-08-24,Standard,Processing,UPI,10
ORD-01729,CUST-0467,2024-02-22,2024-02-26,Standard,Delivered,Cash on Delivery,5
ORD-01730,CUST-0331,2024-11-11,2024-11-16,Standard,Delivered,Credit Card,10
ORD-01731,CUST-0390,2024-01-21,2024-01-22,Standard,Delivered,Wallet,30
ORD-01732,CUST-0284,2023-07-22,2023-07-25,Express,Delivered,Debit Card,20
ORD-01733,CUST-0151,2023-10-24,2023-10-31,Express,Cancelled,Debit Card,0
ORD-01734,CUST-0210,2024-04-15,2024-04-17,Standard,Delivered,Cash on Delivery,0
ORD-01735,CUST-0027,2025-01-07,2025-01-13,Express,Delivered,Net Banking,25
ORD-01736,CUST-0483,2024-08-07,2024-08-09,Standard,Delivered,Cash on Delivery,5
ORD-01737,CUST-0365,2023-08-18,2023-08-19,Express,Delivered,Cash on Delivery,0
ORD-01738,CUST-0064,2024-09-16,2024-09-21,Standard,Processing,Cash on Delivery,0
ORD-01739,CUST-0478,2023-12-09,2023-12-11,Express,Delivered,Cash on Delivery,10
ORD-01740,CUST-0417,2023-06-22,2023-06-27,Same Day,Delivered,Debit Card,0
ORD-01741,CUST-0025,2024-09-23,2024-09-25,Standard,Delivered,UPI,30
ORD-01742,CUST-0294,2024-03-12,2024-03-16,Same Day,Delivered,Wallet,0
ORD-01743,CUST-0057,2024-02-10,2024-02-12,Standard,Delivered,Debit Card,15
ORD-01744,CUST-0001,2024-03-21,2024-03-25,Same Day,Returned,Cash on Delivery,25
ORD-01745,CUST-0372,2024-07-18,2024-07-23,Express,Returned,Cash on Delivery,30
ORD-01746,CUST-0368,2024-07-19,2024-07-26,Same Day,Shipped,Cash on Delivery,0
ORD-01747,CUST-0440,2024-10-24,2024-10-26,Standard,Delivered,UPI,10
ORD-01748,CUST-0060,2025-02-08,2025-02-12,Same Day,Cancelled,UPI,10
ORD-01749,CUST-0013,2024-04-18,2024-04-22,Standard,Delivered,Net Banking,5
ORD-01750,CUST-0397,2025-03-15,2025-03-22,Same Day,Delivered,Wallet,30
ORD-01751,CUST-0072,2025-03-26,2025-04-02,Same Day,Shipped,Debit Card,5
ORD-01752,CUST-0009,2024-01-19,2024-01-23,Same Day,Shipped,Net Banking,15
ORD-01753,CUST-0365,2024-09-19,2024-09-22,Same Day,Delivered,Net Banking,0
ORD-01754,CUST-0492,2023-07-23,2023-07-25,Standard,Delivered,UPI,10
ORD-01755,CUST-0028,2024-05-24,2024-05-28,Same Day,Cancelled,Cash on Delivery,0
ORD-01756,CUST-0151,2024-05-29,2024-06-05,Standard,Returned,Credit Card,20
ORD-01757,CUST-0181,2024-05-05,2024-05-07,Standard,Shipped,Credit Card,0
ORD-01758,CUST-0075,2024-12-27,2024-12-30,Standard,Delivered,UPI,25
ORD-01759,CUST-0013,2024-09-02,2024-09-06,Same Day,Processing,Cash on Delivery,10
ORD-01760,CUST-0168,2024-03-18,2024-03-21,Standard,Delivered,Net Banking,20
ORD-01761,CUST-0222,2024-11-08,2024-11-09,Standard,Delivered,UPI,15
ORD-01762,CUST-0339,2024-08-24,2024-08-30,Standard,Shipped,Debit Card,0
ORD-01763,CUST-0048,2025-02-21,2025-02-25,Same Day,Shipped,Credit Card,5
ORD-01764,CUST-0023,2024-04-06,2024-04-07,Standard,Delivered,Cash on Delivery,15
ORD-01765,CUST-0100,2024-08-01,2024-08-08,Same Day,Delivered,Cash on Delivery,25
ORD-01766,CUST-0131,2024-01-02,2024-01-03,Standard,Delivered,UPI,0
ORD-01767,CUST-0373,2024-10-07,2024-10-14,Standard,Delivered,Wallet,0
ORD-01768,CUST-0253,2023-09-25,2023-09-26,Express,Returned,Wallet,30
ORD-01769,CUST-0191,2024-09-23,2024-09-26,Express,Processing,Debit Card,25
ORD-01770,CUST-0342,2025-04-29,2025-05-06,Standard,Shipped,Credit Card,5
ORD-01771,CUST-0223,2024-10-07,2024-10-10,Express,Processing,Credit Card,15
ORD-01772,CUST-0488,2025-01-26,2025-01-29,Standard,Shipped,Cash on Delivery,0
ORD-01773,CUST-0115,2024-01-11,2024-01-13,Standard,Returned,Wallet,0
ORD-01774,CUST-0278,2024-10-30,2024-11-02,Same Day,Cancelled,UPI,10
ORD-01775,CUST-0042,2024-02-04,2024-02-06,Standard,Returned,Credit Card,10
ORD-01776,CUST-0224,2024-07-20,2024-07-27,Standard,Cancelled,Net Banking,15
ORD-01777,CUST-0016,2024-05-07,2024-05-10,Express,Delivered,Net Banking,5
ORD-01778,CUST-0451,2024-10-16,2024-10-20,Same Day,Delivered,UPI,5
ORD-01779,CUST-0125,2025-02-15,2025-02-22,Express,Delivered,Cash on Delivery,0
ORD-01780,CUST-0168,2025-01-28,2025-02-01,Standard,Delivered,Credit Card,0
ORD-01781,CUST-0408,2023-06-09,2023-06-11,Same Day,Cancelled,Wallet,0
ORD-01782,CUST-0332,2023-11-03,2023-11-04,Same Day,Delivered,UPI,0
ORD-01783,CUST-0432,2024-06-10,2024-06-16,Standard,Processing,Debit Card,0
ORD-01784,CUST-0458,2024-04-13,2024-04-16,Standard,Delivered,Credit Card,30
ORD-01785,CUST-0021,2025-02-19,2025-02-20,Standard,Delivered,Net Banking,15
ORD-01786,CUST-0056,2024-02-29,2024-03-05,Standard,Shipped,UPI,30
ORD-01787,CUST-0071,2023-08-06,2023-08-10,Standard,Shipped,Credit Card,25
ORD-01788,CUST-0255,2025-02-11,2025-02-13,Standard,Shipped,UPI,15
ORD-01789,CUST-0341,2023-11-14,2023-11-20,Same Day,Returned,UPI,25
ORD-01790,CUST-0151,2025-03-31,2025-04-06,Same Day,Cancelled,UPI,5
ORD-01791,CUST-0342,2024-04-30,2024-05-02,Same Day,Delivered,Wallet,0
ORD-01792,CUST-0080,2023-07-08,2023-07-09,Standard,Delivered,Credit Card,0
ORD-01793,CUST-0230,2023-10-08,2023-10-10,Express,Delivered,Cash on Delivery,10
ORD-01794,CUST-0123,2024-10-06,2024-10-10,Standard,Cancelled,Wallet,25
ORD-01795,CUST-0301,2024-04-05,2024-04-11,Same Day,Delivered,UPI,0
ORD-01796,CUST-0081,2024-07-05,2024-07-07,Standard,Processing,Credit Card,0
ORD-01797,CUST-0431,2024-02-14,2024-02-18,Same Day,Delivered,Wallet,20
ORD-01798,CUST-0495,2024-07-12,2024-07-19,Same Day,Processing,UPI,0
ORD-01799,CUST-0382,2024-08-06,2024-08-12,Standard,Processing,Debit Card,0
ORD-01800,CUST-0489,2024-02-12,2024-02-16,Same Day,Delivered,Debit Card,10
ORD-01801,CUST-0022,2023-10-22,2023-10-24,Express,Returned,Net Banking,0
ORD-01802,CUST-0020,2023-06-10,2023-06-16,Express,Processing,UPI,30
ORD-01803,CUST-0173,2023-06-03,2023-06-04,Standard,Returned,Debit Card,5
ORD-01804,CUST-0171,2025-04-27,2025-05-03,Same Day,Shipped,Cash on Delivery,25
ORD-01805,CUST-0314,2025-02-16,2025-02-18,Standard,Cancelled,Wallet,20
ORD-01806,CUST-0303,2024-12-12,2024-12-15,Standard,Returned,Net Banking,0
ORD-01807,CUST-0302,2025-03-04,2025-03-11,Same Day,Delivered,Net Banking,15
ORD-01808,CUST-0469,2025-02-13,2025-02-18,Express,Delivered,Debit Card,30
ORD-01809,CUST-0231,2024-02-27,2024-03-01,Standard,Delivered,UPI,30
ORD-01810,CUST-0203,2024-02-27,2024-02-28,Standard,Delivered,Net Banking,5
ORD-01811,CUST-0123,2024-07-11,2024-07-12,Standard,Cancelled,UPI,0
ORD-01812,CUST-0275,2024-12-11,2024-12-15,Express,Delivered,Net Banking,0
ORD-01813,CUST-0298,2024-01-05,2024-01-10,Standard,Shipped,Net Banking,5
ORD-01814,CUST-0288,2024-05-02,2024-05-04,Standard,Delivered,Credit Card,15
ORD-01815,CUST-0169,2025-03-24,2025-03-26,Standard,Returned,Debit Card,0
ORD-01816,CUST-0477,2024-02-20,2024-02-22,Express,Shipped,Debit Card,15
ORD-01817,CUST-0464,2024-08-10,2024-08-12,Express,Delivered,UPI,0
ORD-01818,CUST-0159,2024-12-07,2024-12-13,Standard,Delivered,Credit Card,0
ORD-01819,CUST-0489,2024-02-01,2024-02-02,Standard,Shipped,Net Banking,0
ORD-01820,CUST-0173,2023-10-03,2023-10-08,Standard,Returned,UPI,30
ORD-01821,CUST-0403,2023-08-25,2023-08-28,Express,Delivered,Net Banking,0
ORD-01822,CUST-0413,2023-12-11,2023-12-16,Standard,Shipped,Credit Card,30
ORD-01823,CUST-0033,2023-11-14,2023-11-16,Standard,Processing,Debit Card,25
ORD-01824,CUST-0246,2025-03-08,2025-03-11,Express,Delivered,Net Banking,15
ORD-01825,CUST-0054,2024-11-06,2024-11-13,Standard,Cancelled,Wallet,30
ORD-01826,CUST-0248,2025-01-21,2025-01-27,Standard,Delivered,Cash on Delivery,20
ORD-01827,CUST-0395,2024-09-11,2024-09-15,Express,Processing,Credit Card,5
ORD-01828,CUST-0019,2024-09-06,2024-09-08,Express,Delivered,Wallet,0
ORD-01829,CUST-0479,2024-06-16,2024-06-22,Same Day,Processing,UPI,0
ORD-01830,CUST-0442,2024-09-17,2024-09-18,Standard,Delivered,Cash on Delivery,30
ORD-01831,CUST-0288,2023-09-28,2023-10-03,Same Day,Delivered,Cash on Delivery,20
ORD-01832,CUST-0283,2024-05-14,2024-05-15,Express,Delivered,UPI,5
ORD-01833,CUST-0275,2024-08-09,2024-08-12,Standard,Delivered,UPI,0
ORD-01834,CUST-0341,2023-10-19,2023-10-25,Same Day,Shipped,UPI,10
ORD-01835,CUST-0436,2024-07-26,2024-07-27,Standard,Processing,UPI,20
ORD-01836,CUST-0379,2024-04-03,2024-04-07,Standard,Delivered,UPI,10
ORD-01837,CUST-0095,2023-09-04,2023-09-11,Standard,Delivered,Credit Card,10
ORD-01838,CUST-0049,2024-02-26,2024-03-04,Express,Processing,Debit Card,0
ORD-01839,CUST-0296,2024-01-04,2024-01-09,Standard,Delivered,UPI,0
ORD-01840,CUST-0160,2024-12-15,2024-12-22,Express,Delivered,Credit Card,10
ORD-01841,CUST-0459,2024-07-18,2024-07-25,Express,Delivered,Credit Card,15
ORD-01842,CUST-0337,2024-05-07,2024-05-10,Standard,Delivered,Credit Card,0
ORD-01843,CUST-0486,2025-01-23,2025-01-24,Same Day,Delivered,Net Banking,0
ORD-01844,CUST-0415,2024-06-04,2024-06-08,Express,Delivered,Cash on Delivery,0
ORD-01845,CUST-0482,2024-12-26,2025-01-02,Standard,Delivered,Wallet,0
ORD-01846,CUST-0471,2025-01-03,2025-01-09,Standard,Delivered,Debit Card,20
ORD-01847,CUST-0374,2023-10-08,2023-10-10,Same Day,Delivered,UPI,25
ORD-01848,CUST-0296,2023-12-10,2023-12-14,Standard,Delivered,Wallet,30
ORD-01849,CUST-0199,2023-12-15,2023-12-22,Express,Shipped,Net Banking,30
ORD-01850,CUST-0467,2025-01-13,2025-01-16,Standard,Shipped,Credit Card,30
ORD-01851,CUST-0362,2024-08-04,2024-08-07,Standard,Returned,Net Banking,0
ORD-01852,CUST-0303,2023-12-13,2023-12-19,Standard,Shipped,Credit Card,30
ORD-01853,CUST-0496,2025-04-18,2025-04-20,Standard,Delivered,Debit Card,5
ORD-01854,CUST-0382,2023-07-18,2023-07-24,Same Day,Delivered,Debit Card,0
ORD-01855,CUST-0142,2023-09-24,2023-09-29,Standard,Delivered,Wallet,0
ORD-01856,CUST-0008,2024-07-28,2024-07-29,Standard,Processing,Debit Card,20
ORD-01857,CUST-0076,2025-03-25,2025-04-01,Express,Delivered,Net Banking,10
ORD-01858,CUST-0194,2025-04-06,2025-04-11,Same Day,Shipped,Wallet,5
ORD-01859,CUST-0075,2023-12-29,2024-01-02,Standard,Processing,Net Banking,5
ORD-01860,CUST-0251,2024-03-07,2024-03-11,Express,Delivered,Net Banking,0
ORD-01861,CUST-0238,2023-11-10,2023-11-11,Same Day,Delivered,Net Banking,5
ORD-01862,CUST-0057,2024-03-21,2024-03-23,Express,Shipped,Net Banking,0
ORD-01863,CUST-0394,2023-06-15,2023-06-19,Same Day,Delivered,UPI,10
ORD-01864,CUST-0330,2024-01-16,2024-01-20,Express,Delivered,Net Banking,20
ORD-01865,CUST-0139,2023-11-12,2023-11-16,Same Day,Delivered,Debit Card,0
ORD-01866,CUST-0331,2024-10-10,2024-10-14,Standard,Delivered,Cash on Delivery,10
ORD-01867,CUST-0131,2023-09-10,2023-09-13,Same Day,Shipped,Credit Card,0
ORD-01868,CUST-0291,2023-09-18,2023-09-20,Express,Shipped,Wallet,5
ORD-01869,CUST-0477,2024-12-21,2024-12-28,Same Day,Delivered,Debit Card,0
ORD-01870,CUST-0491,2023-06-21,2023-06-24,Express,Cancelled,Net Banking,0
ORD-01871,CUST-0100,2023-12-09,2023-12-10,Same Day,Shipped,Cash on Delivery,10
ORD-01872,CUST-0103,2025-03-05,2025-03-09,Standard,Processing,Net Banking,15
ORD-01873,CUST-0320,2023-12-18,2023-12-20,Standard,Processing,Net Banking,10
ORD-01874,CUST-0389,2024-02-02,2024-02-07,Same Day,Processing,Net Banking,5
ORD-01875,CUST-0491,2024-12-27,2024-12-28,Standard,Delivered,Debit Card,0
ORD-01876,CUST-0211,2023-07-15,2023-07-17,Same Day,Returned,Wallet,25
ORD-01877,CUST-0038,2023-09-14,2023-09-20,Standard,Returned,Wallet,5
ORD-01878,CUST-0110,2024-01-10,2024-01-13,Standard,Delivered,Credit Card,10
ORD-01879,CUST-0471,2025-01-22,2025-01-26,Express,Delivered,Net Banking,30
ORD-01880,CUST-0458,2024-01-01,2024-01-02,Standard,Processing,Credit Card,30
ORD-01881,CUST-0048,2024-02-12,2024-02-19,Standard,Delivered,Wallet,20
ORD-01882,CUST-0142,2024-12-06,2024-12-08,Same Day,Delivered,Net Banking,5
ORD-01883,CUST-0455,2024-05-04,2024-05-05,Standard,Delivered,UPI,30
ORD-01884,CUST-0001,2024-08-11,2024-08-17,Express,Processing,Cash on Delivery,20
ORD-01885,CUST-0357,2023-11-16,2023-11-17,Standard,Delivered,Debit Card,5
ORD-01886,CUST-0422,2023-11-08,2023-11-10,Standard,Delivered,Debit Card,5
ORD-01887,CUST-0068,2024-03-29,2024-04-02,Same Day,Delivered,Cash on Delivery,5
ORD-01888,CUST-0069,2023-07-03,2023-07-04,Express,Delivered,Wallet,10
ORD-01889,CUST-0222,2023-11-05,2023-11-11,Standard,Delivered,Debit Card,0
ORD-01890,CUST-0192,2023-07-06,2023-07-11,Same Day,Delivered,Credit Card,0
ORD-01891,CUST-0392,2023-11-09,2023-11-11,Standard,Delivered,Debit Card,15
ORD-01892,CUST-0359,2023-11-18,2023-11-21,Same Day,Processing,Cash on Delivery,30
ORD-01893,CUST-0339,2025-01-01,2025-01-03,Same Day,Returned,Cash on Delivery,0
ORD-01894,CUST-0429,2024-08-29,2024-09-01,Express,Processing,Debit Card,30
ORD-01895,CUST-0475,2023-06-21,2023-06-23,Express,Cancelled,Cash on Delivery,15
ORD-01896,CUST-0239,2023-09-02,2023-09-09,Standard,Delivered,Debit Card,0
ORD-01897,CUST-0378,2024-11-28,2024-12-05,Same Day,Delivered,Wallet,30
ORD-01898,CUST-0378,2023-10-17,2023-10-18,Standard,Delivered,Credit Card,5
ORD-01899,CUST-0261,2025-02-11,2025-02-16,Standard,Delivered,Cash on Delivery,25
ORD-01900,CUST-0043,2024-05-13,2024-05-18,Express,Delivered,UPI,10
ORD-01901,CUST-0282,2023-10-18,2023-10-25,Standard,Delivered,Debit Card,5
ORD-01902,CUST-0412,2024-01-12,2024-01-18,Standard,Delivered,Net Banking,30
ORD-01903,CUST-0037,2024-08-06,2024-08-12,Express,Delivered,Debit Card,20
ORD-01904,CUST-0349,2024-03-09,2024-03-16,Standard,Processing,Credit Card,0
ORD-01905,CUST-0400,2023-06-28,2023-07-05,Standard,Delivered,UPI,0
ORD-01906,CUST-0085,2025-03-14,2025-03-19,Standard,Delivered,Net Banking,5
ORD-01907,CUST-0488,2023-09-09,2023-09-13,Standard,Processing,Credit Card,30
ORD-01908,CUST-0369,2023-11-01,2023-11-04,Same Day,Processing,Wallet,25
ORD-01909,CUST-0149,2024-03-26,2024-03-29,Standard,Delivered,Debit Card,25
ORD-01910,CUST-0308,2025-04-15,2025-04-20,Express,Returned,Cash on Delivery,20
ORD-01911,CUST-0467,2023-08-18,2023-08-20,Express,Delivered,Cash on Delivery,25
ORD-01912,CUST-0404,2023-07-14,2023-07-17,Same Day,Cancelled,Cash on Delivery,0
ORD-01913,CUST-0223,2024-09-21,2024-09-22,Standard,Delivered,Wallet,0
ORD-01914,CUST-0134,2024-02-07,2024-02-11,Express,Processing,UPI,0
ORD-01915,CUST-0371,2024-11-10,2024-11-13,Same Day,Delivered,Debit Card,0
ORD-01916,CUST-0212,2023-10-31,2023-11-07,Standard,Shipped,Wallet,10
ORD-01917,CUST-0026,2024-06-09,2024-06-12,Same Day,Delivered,Cash on Delivery,0
ORD-01918,CUST-0366,2023-07-11,2023-07-17,Standard,Returned,Debit Card,15
ORD-01919,CUST-0124,2024-07-25,2024-07-30,Express,Returned,Cash on Delivery,0
ORD-01920,CUST-0399,2025-03-13,2025-03-20,Standard,Delivered,Credit Card,0
ORD-01921,CUST-0138,2023-07-19,2023-07-20,Express,Cancelled,Credit Card,25
ORD-01922,CUST-0456,2024-12-21,2024-12-26,Express,Delivered,Wallet,10
ORD-01923,CUST-0091,2024-12-12,2024-12-16,Standard,Returned,Wallet,15
ORD-01924,CUST-0392,2023-12-10,2023-12-15,Same Day,Delivered,Wallet,0
ORD-01925,CUST-0034,2023-10-23,2023-10-29,Express,Cancelled,Cash on Delivery,25
ORD-01926,CUST-0331,2025-04-16,2025-04-22,Same Day,Shipped,Debit Card,10
ORD-01927,CUST-0011,2024-02-04,2024-02-08,Express,Delivered,Net Banking,25
ORD-01928,CUST-0110,2023-09-15,2023-09-18,Standard,Shipped,Credit Card,20
ORD-01929,CUST-0421,2024-07-04,2024-07-07,Standard,Cancelled,UPI,10
ORD-01930,CUST-0388,2024-03-24,2024-03-31,Standard,Delivered,Debit Card,15
ORD-01931,CUST-0370,2025-04-22,2025-04-25,Standard,Processing,Debit Card,10
ORD-01932,CUST-0492,2023-06-24,2023-06-30,Same Day,Delivered,UPI,15
ORD-01933,CUST-0211,2024-03-13,2024-03-20,Standard,Shipped,Wallet,5
ORD-01934,CUST-0056,2024-06-12,2024-06-14,Express,Delivered,Wallet,10
ORD-01935,CUST-0498,2023-10-16,2023-10-20,Express,Delivered,UPI,0
ORD-01936,CUST-0123,2023-12-27,2023-12-29,Express,Delivered,UPI,25
ORD-01937,CUST-0301,2024-04-18,2024-04-24,Same Day,Delivered,Debit Card,5
ORD-01938,CUST-0413,2023-09-13,2023-09-14,Same Day,Delivered,Net Banking,25
ORD-01939,CUST-0370,2023-10-05,2023-10-10,Standard,Delivered,Wallet,0
ORD-01940,CUST-0348,2023-12-20,2023-12-24,Standard,Delivered,Debit Card,10
ORD-01941,CUST-0021,2024-07-21,2024-07-28,Standard,Delivered,Cash on Delivery,0
ORD-01942,CUST-0390,2024-10-30,2024-11-03,Same Day,Processing,Net Banking,25
ORD-01943,CUST-0399,2024-12-17,2024-12-23,Standard,Delivered,Credit Card,5
ORD-01944,CUST-0416,2023-07-01,2023-07-06,Express,Delivered,Credit Card,15
ORD-01945,CUST-0282,2023-10-09,2023-10-16,Standard,Delivered,Net Banking,10
ORD-01946,CUST-0327,2024-10-22,2024-10-25,Standard,Shipped,Credit Card,15
ORD-01947,CUST-0452,2025-02-25,2025-03-03,Same Day,Delivered,Cash on Delivery,10
ORD-01948,CUST-0406,2024-05-20,2024-05-22,Standard,Delivered,Cash on Delivery,10
ORD-01949,CUST-0037,2023-10-05,2023-10-12,Standard,Shipped,Debit Card,5
ORD-01950,CUST-0204,2024-11-24,2024-11-28,Standard,Processing,Debit Card,15
ORD-01951,CUST-0088,2023-11-09,2023-11-11,Standard,Delivered,UPI,10
ORD-01952,CUST-0173,2024-08-02,2024-08-03,Express,Delivered,Wallet,0
ORD-01953,CUST-0382,2024-03-28,2024-03-30,Standard,Cancelled,Wallet,10
ORD-01954,CUST-0011,2024-05-11,2024-05-13,Same Day,Returned,Net Banking,15
ORD-01955,CUST-0495,2023-07-18,2023-07-23,Standard,Delivered,Net Banking,0
ORD-01956,CUST-0400,2023-06-19,2023-06-20,Standard,Delivered,Debit Card,25
ORD-01957,CUST-0185,2024-07-04,2024-07-08,Standard,Delivered,Debit Card,15
ORD-01958,CUST-0351,2024-09-09,2024-09-10,Standard,Processing,Debit Card,0
ORD-01959,CUST-0394,2024-01-10,2024-01-13,Express,Processing,Net Banking,0
ORD-01960,CUST-0261,2024-12-15,2024-12-17,Standard,Cancelled,Net Banking,20
ORD-01961,CUST-0391,2024-12-26,2025-01-01,Standard,Delivered,UPI,10
ORD-01962,CUST-0384,2023-07-12,2023-07-13,Express,Delivered,Credit Card,25
ORD-01963,CUST-0407,2024-11-22,2024-11-26,Express,Delivered,Wallet,20
ORD-01964,CUST-0468,2024-12-15,2024-12-21,Same Day,Delivered,Wallet,5
ORD-01965,CUST-0192,2025-02-19,2025-02-25,Standard,Delivered,Wallet,0
ORD-01966,CUST-0190,2024-09-05,2024-09-11,Standard,Delivered,UPI,25
ORD-01967,CUST-0290,2025-01-15,2025-01-21,Express,Delivered,Cash on Delivery,10
ORD-01968,CUST-0094,2023-06-17,2023-06-23,Express,Returned,Debit Card,30
ORD-01969,CUST-0207,2025-02-02,2025-02-08,Same Day,Cancelled,Cash on Delivery,10
ORD-01970,CUST-0329,2025-02-09,2025-02-16,Standard,Returned,UPI,25
ORD-01971,CUST-0075,2024-11-30,2024-12-07,Same Day,Processing,Debit Card,30
ORD-01972,CUST-0076,2024-05-04,2024-05-09,Express,Delivered,Cash on Delivery,0
ORD-01973,CUST-0455,2024-04-13,2024-04-18,Standard,Delivered,Credit Card,5
ORD-01974,CUST-0095,2024-01-15,2024-01-18,Same Day,Delivered,Cash on Delivery,15
ORD-01975,CUST-0287,2023-07-27,2023-07-31,Same Day,Delivered,Net Banking,0
ORD-01976,CUST-0328,2023-09-29,2023-10-03,Standard,Cancelled,Debit Card,20
ORD-01977,CUST-0384,2024-01-08,2024-01-11,Standard,Delivered,Wallet,10
ORD-01978,CUST-0340,2025-02-06,2025-02-09,Standard,Delivered,Credit Card,25
ORD-01979,CUST-0429,2024-03-18,2024-03-25,Express,Delivered,Wallet,15
ORD-01980,CUST-0061,2023-10-24,2023-10-30,Express,Cancelled,Net Banking,0
ORD-01981,CUST-0303,2024-06-02,2024-06-07,Same Day,Delivered,Credit Card,10
ORD-01982,CUST-0402,2024-12-15,2024-12-19,Express,Cancelled,Debit Card,0
ORD-01983,CUST-0008,2024-12-27,2024-12-31,Standard,Cancelled,Debit Card,0
ORD-01984,CUST-0414,2024-11-23,2024-11-26,Standard,Processing,UPI,5
ORD-01985,CUST-0205,2024-12-06,2024-12-08,Express,Delivered,Wallet,10
ORD-01986,CUST-0461,2023-07-12,2023-07-19,Standard,Delivered,Debit Card,20
ORD-01987,CUST-0001,2023-06-07,2023-06-13,Same Day,Cancelled,Credit Card,15
ORD-01988,CUST-0029,2023-09-28,2023-10-05,Standard,Cancelled,Credit Card,0
ORD-01989,CUST-0343,2023-12-15,2023-12-22,Standard,Processing,Net Banking,0
ORD-01990,CUST-0271,2023-07-28,2023-08-02,Standard,Shipped,Wallet,10
ORD-01991,CUST-0311,2023-08-14,2023-08-21,Standard,Processing,Net Banking,20
ORD-01992,CUST-0397,2023-11-29,2023-12-06,Same Day,Delivered,Credit Card,0
ORD-01993,CUST-0374,2024-06-12,2024-06-14,Express,Shipped,Net Banking,0
ORD-01994,CUST-0226,2024-08-27,2024-09-01,Same Day,Shipped,Credit Card,0
ORD-01995,CUST-0366,2024-09-02,2024-09-04,Same Day,Cancelled,Cash on Delivery,0
ORD-01996,CUST-0071,2024-05-18,2024-05-19,Same Day,Delivered,Net Banking,20
ORD-01997,CUST-0473,2023-07-19,2023-07-21,Express,Delivered,Net Banking,0
ORD-01998,CUST-0480,2024-11-18,2024-11-24,Standard,Shipped,Debit Card,5
ORD-01999,CUST-0233,2024-01-24,2024-01-25,Express,Delivered,Wallet,10
ORD-02000,CUST-0477,2023-11-23,2023-11-25,Same Day,Processing,Credit Card,25
ORD-02001,CUST-0238,2023-06-11,2023-06-13,Standard,Delivered,Cash on Delivery,0
ORD-02002,CUST-0084,2023-06-01,2023-06-05,Standard,Delivered,Debit Card,15
ORD-02003,CUST-0423,2024-11-07,2024-11-13,Standard,Processing,Cash on Delivery,25
ORD-02004,CUST-0500,2024-05-19,2024-05-23,Standard,Delivered,Net Banking,5
ORD-02005,CUST-0039,2025-04-14,2025-04-19,Express,Shipped,Cash on Delivery,10
ORD-02006,CUST-0026,2023-11-20,2023-11-27,Standard,Processing,UPI,15
ORD-02007,CUST-0262,2023-07-15,2023-07-22,Same Day,Delivered,UPI,10
ORD-02008,CUST-0028,2024-01-29,2024-02-02,Express,Delivered,Net Banking,0
ORD-02009,CUST-0241,2024-11-29,2024-11-30,Same Day,Delivered,Wallet,20
ORD-02010,CUST-0263,2023-11-22,2023-11-24,Standard,Delivered,Net Banking,0
ORD-02011,CUST-0458,2025-01-24,2025-01-29,Standard,Delivered,UPI,5
ORD-02012,CUST-0266,2024-08-03,2024-08-05,Same Day,Processing,Net Banking,30
ORD-02013,CUST-0120,2024-08-10,2024-08-17,Standard,Delivered,Cash on Delivery,0
ORD-02014,CUST-0091,2024-12-08,2024-12-14,Same Day,Processing,Cash on Delivery,5
ORD-02015,CUST-0385,2024-09-03,2024-09-09,Same Day,Delivered,Cash on Delivery,30
ORD-02016,CUST-0369,2025-03-13,2025-03-17,Standard,Cancelled,Net Banking,20
ORD-02017,CUST-0359,2023-08-02,2023-08-06,Standard,Returned,Cash on Delivery,15
ORD-02018,CUST-0400,2023-10-29,2023-11-05,Express,Delivered,Cash on Delivery,15
ORD-02019,CUST-0074,2023-08-26,2023-09-01,Standard,Delivered,Wallet,5
ORD-02020,CUST-0179,2024-05-01,2024-05-07,Standard,Delivered,Wallet,15
ORD-02021,CUST-0448,2025-04-06,2025-04-09,Express,Delivered,Net Banking,25
ORD-02022,CUST-0480,2023-09-16,2023-09-22,Same Day,Shipped,Debit Card,30
ORD-02023,CUST-0376,2023-08-14,2023-08-19,Standard,Delivered,Debit Card,30
ORD-02024,CUST-0168,2025-01-02,2025-01-06,Standard,Returned,Cash on Delivery,25
ORD-02025,CUST-0274,2025-04-29,2025-05-02,Same Day,Delivered,Cash on Delivery,30
ORD-02026,CUST-0278,2024-03-22,2024-03-29,Standard,Delivered,Credit Card,0
ORD-02027,CUST-0436,2024-05-04,2024-05-11,Standard,Delivered,Net Banking,25
ORD-02028,CUST-0500,2025-02-02,2025-02-08,Express,Shipped,UPI,0
ORD-02029,CUST-0452,2025-02-10,2025-02-13,Standard,Delivered,UPI,10
ORD-02030,CUST-0232,2025-03-03,2025-03-08,Standard,Returned,Credit Card,20
ORD-02031,CUST-0183,2023-12-01,2023-12-03,Same Day,Cancelled,Cash on Delivery,5
ORD-02032,CUST-0394,2025-04-03,2025-04-05,Same Day,Delivered,Net Banking,10
ORD-02033,CUST-0400,2023-08-19,2023-08-24,Same Day,Delivered,Cash on Delivery,20
ORD-02034,CUST-0273,2024-10-17,2024-10-21,Same Day,Delivered,Debit Card,0
ORD-02035,CUST-0164,2024-11-10,2024-11-15,Same Day,Delivered,Wallet,0
ORD-02036,CUST-0273,2024-04-21,2024-04-27,Same Day,Delivered,Wallet,0
ORD-02037,CUST-0321,2024-01-30,2024-02-02,Express,Delivered,Wallet,0
ORD-02038,CUST-0459,2024-06-04,2024-06-11,Same Day,Cancelled,UPI,30
ORD-02039,CUST-0352,2024-09-10,2024-09-15,Standard,Delivered,Debit Card,0
ORD-02040,CUST-0144,2024-12-06,2024-12-08,Express,Processing,Cash on Delivery,0
ORD-02041,CUST-0202,2024-09-14,2024-09-19,Standard,Cancelled,UPI,0
ORD-02042,CUST-0424,2025-02-16,2025-02-19,Standard,Delivered,Wallet,0
ORD-02043,CUST-0273,2025-01-10,2025-01-17,Same Day,Shipped,Debit Card,5
ORD-02044,CUST-0280,2025-01-07,2025-01-08,Same Day,Processing,UPI,0
ORD-02045,CUST-0041,2025-05-01,2025-05-07,Standard,Processing,UPI,25
ORD-02046,CUST-0370,2024-10-07,2024-10-09,Same Day,Processing,Debit Card,30
ORD-02047,CUST-0207,2025-01-24,2025-01-26,Express,Delivered,Cash on Delivery,25
ORD-02048,CUST-0401,2024-06-13,2024-06-14,Standard,Delivered,Wallet,25
ORD-02049,CUST-0201,2024-06-13,2024-06-16,Same Day,Delivered,UPI,25
ORD-02050,CUST-0490,2024-06-30,2024-07-07,Standard,Processing,UPI,30
ORD-02051,CUST-0388,2024-10-12,2024-10-19,Express,Shipped,UPI,5
ORD-02052,CUST-0322,2025-02-28,2025-03-01,Standard,Delivered,Cash on Delivery,20
ORD-02053,CUST-0248,2023-11-16,2023-11-17,Express,Delivered,Credit Card,10
ORD-02054,CUST-0045,2024-06-07,2024-06-09,Express,Cancelled,UPI,0
ORD-02055,CUST-0151,2024-09-07,2024-09-08,Express,Processing,Credit Card,5
ORD-02056,CUST-0111,2023-11-25,2023-11-28,Same Day,Delivered,Credit Card,25
ORD-02057,CUST-0122,2024-08-10,2024-08-14,Standard,Processing,Cash on Delivery,0
ORD-02058,CUST-0137,2023-11-01,2023-11-07,Express,Delivered,Credit Card,0
ORD-02059,CUST-0398,2024-05-28,2024-05-30,Same Day,Returned,Cash on Delivery,30
ORD-02060,CUST-0486,2023-10-03,2023-10-09,Standard,Returned,Net Banking,0
ORD-02061,CUST-0004,2024-03-05,2024-03-08,Standard,Delivered,Cash on Delivery,25
ORD-02062,CUST-0286,2024-05-22,2024-05-26,Standard,Delivered,Cash on Delivery,10
ORD-02063,CUST-0415,2024-08-12,2024-08-16,Express,Delivered,Cash on Delivery,30
ORD-02064,CUST-0213,2024-09-03,2024-09-08,Express,Returned,Debit Card,10
ORD-02065,CUST-0071,2024-10-17,2024-10-23,Express,Processing,Cash on Delivery,10
ORD-02066,CUST-0324,2024-05-13,2024-05-19,Express,Cancelled,Wallet,10
ORD-02067,CUST-0431,2025-02-18,2025-02-21,Standard,Delivered,Cash on Delivery,10
ORD-02068,CUST-0467,2023-09-30,2023-10-01,Express,Cancelled,Debit Card,0
ORD-02069,CUST-0478,2023-06-07,2023-06-08,Standard,Delivered,UPI,10
ORD-02070,CUST-0328,2024-01-22,2024-01-27,Standard,Delivered,Debit Card,5
ORD-02071,CUST-0330,2023-09-27,2023-10-04,Express,Processing,Debit Card,0
ORD-02072,CUST-0003,2024-04-27,2024-04-30,Standard,Returned,Debit Card,25
ORD-02073,CUST-0325,2025-03-10,2025-03-14,Standard,Delivered,UPI,10
ORD-02074,CUST-0146,2024-11-14,2024-11-19,Same Day,Cancelled,Debit Card,20
ORD-02075,CUST-0256,2024-01-14,2024-01-18,Same Day,Returned,Wallet,10
ORD-02076,CUST-0212,2023-11-01,2023-11-07,Standard,Delivered,Wallet,25
ORD-02077,CUST-0361,2023-11-19,2023-11-22,Standard,Shipped,Cash on Delivery,0
ORD-02078,CUST-0112,2023-11-25,2023-12-01,Standard,Delivered,Debit Card,0
ORD-02079,CUST-0103,2025-02-11,2025-02-13,Express,Delivered,Credit Card,30
ORD-02080,CUST-0031,2024-06-21,2024-06-27,Standard,Delivered,Debit Card,25
ORD-02081,CUST-0213,2024-02-24,2024-02-28,Standard,Delivered,Net Banking,25
ORD-02082,CUST-0177,2023-06-25,2023-06-30,Same Day,Delivered,Cash on Delivery,15
ORD-02083,CUST-0362,2023-08-29,2023-09-04,Standard,Returned,UPI,0
ORD-02084,CUST-0246,2024-09-18,2024-09-21,Express,Shipped,Wallet,25
ORD-02085,CUST-0137,2024-10-08,2024-10-10,Standard,Cancelled,UPI,0
ORD-02086,CUST-0073,2025-02-23,2025-02-24,Same Day,Returned,Debit Card,25
ORD-02087,CUST-0374,2023-09-13,2023-09-17,Standard,Delivered,Credit Card,20
ORD-02088,CUST-0331,2024-09-23,2024-09-25,Same Day,Delivered,Debit Card,5
ORD-02089,CUST-0227,2024-01-09,2024-01-14,Standard,Delivered,Debit Card,10
ORD-02090,CUST-0089,2023-11-06,2023-11-11,Same Day,Delivered,Wallet,0
ORD-02091,CUST-0219,2024-04-30,2024-05-06,Express,Delivered,Cash on Delivery,5
ORD-02092,CUST-0282,2023-10-26,2023-10-28,Express,Delivered,Cash on Delivery,5
ORD-02093,CUST-0439,2024-12-05,2024-12-07,Express,Processing,Net Banking,0
ORD-02094,CUST-0372,2025-03-22,2025-03-26,Standard,Returned,Net Banking,0
ORD-02095,CUST-0149,2024-02-09,2024-02-10,Express,Processing,Cash on Delivery,10
ORD-02096,CUST-0416,2024-10-23,2024-10-28,Standard,Delivered,Cash on Delivery,30
ORD-02097,CUST-0225,2023-06-03,2023-06-05,Same Day,Delivered,Debit Card,0
ORD-02098,CUST-0029,2024-05-05,2024-05-07,Same Day,Returned,Debit Card,0
ORD-02099,CUST-0252,2024-04-30,2024-05-02,Standard,Delivered,Credit Card,0
ORD-02100,CUST-0416,2025-04-22,2025-04-29,Standard,Delivered,Net Banking,10
ORD-02101,CUST-0374,2023-07-26,2023-07-31,Standard,Delivered,Credit Card,0
ORD-02102,CUST-0136,2024-12-19,2024-12-23,Same Day,Returned,Wallet,5
ORD-02103,CUST-0379,2024-06-16,2024-06-22,Standard,Processing,Wallet,5
ORD-02104,CUST-0274,2024-07-08,2024-07-09,Standard,Delivered,UPI,0
ORD-02105,CUST-0155,2024-01-28,2024-02-01,Express,Delivered,Net Banking,0
ORD-02106,CUST-0035,2024-05-21,2024-05-28,Standard,Delivered,Credit Card,30
ORD-02107,CUST-0012,2023-10-31,2023-11-06,Express,Delivered,UPI,0
ORD-02108,CUST-0102,2024-10-02,2024-10-05,Standard,Delivered,Credit Card,5
ORD-02109,CUST-0296,2024-07-30,2024-08-03,Standard,Delivered,Net Banking,30
ORD-02110,CUST-0048,2025-02-13,2025-02-14,Same Day,Delivered,Wallet,0
ORD-02111,CUST-0078,2023-11-03,2023-11-04,Standard,Delivered,Net Banking,20
ORD-02112,CUST-0239,2025-04-07,2025-04-09,Standard,Delivered,Wallet,30
ORD-02113,CUST-0345,2023-08-31,2023-09-01,Same Day,Delivered,Credit Card,15
ORD-02114,CUST-0067,2023-12-03,2023-12-04,Standard,Delivered,Wallet,10
ORD-02115,CUST-0381,2024-11-23,2024-11-30,Standard,Returned,Wallet,30
ORD-02116,CUST-0374,2024-01-06,2024-01-07,Standard,Shipped,Net Banking,15
ORD-02117,CUST-0173,2023-12-31,2024-01-05,Standard,Delivered,Cash on Delivery,10
ORD-02118,CUST-0054,2023-11-01,2023-11-08,Standard,Shipped,Credit Card,10
ORD-02119,CUST-0405,2024-12-23,2024-12-29,Standard,Cancelled,Cash on Delivery,0
ORD-02120,CUST-0341,2024-04-30,2024-05-02,Express,Delivered,Debit Card,15
ORD-02121,CUST-0009,2025-01-26,2025-01-28,Express,Processing,Credit Card,15
ORD-02122,CUST-0415,2025-04-01,2025-04-02,Express,Delivered,Wallet,0
ORD-02123,CUST-0299,2024-10-21,2024-10-28,Standard,Delivered,Credit Card,20
ORD-02124,CUST-0073,2024-03-09,2024-03-11,Express,Cancelled,UPI,25
ORD-02125,CUST-0277,2024-06-10,2024-06-14,Standard,Shipped,Credit Card,5
ORD-02126,CUST-0133,2023-08-16,2023-08-22,Standard,Delivered,Net Banking,0
ORD-02127,CUST-0477,2023-07-26,2023-07-30,Express,Delivered,Debit Card,30
ORD-02128,CUST-0246,2024-01-23,2024-01-28,Express,Returned,Debit Card,0
ORD-02129,CUST-0307,2025-02-24,2025-02-25,Standard,Returned,Net Banking,15
ORD-02130,CUST-0442,2025-01-25,2025-01-26,Standard,Cancelled,Debit Card,0
ORD-02131,CUST-0441,2024-03-15,2024-03-20,Express,Delivered,UPI,10
ORD-02132,CUST-0488,2023-11-10,2023-11-17,Standard,Delivered,Credit Card,10
ORD-02133,CUST-0128,2023-07-31,2023-08-01,Express,Delivered,Net Banking,15
ORD-02134,CUST-0289,2025-03-17,2025-03-21,Same Day,Processing,Cash on Delivery,10
ORD-02135,CUST-0034,2024-06-14,2024-06-18,Express,Processing,Net Banking,10
ORD-02136,CUST-0432,2023-11-24,2023-11-26,Same Day,Shipped,UPI,0
ORD-02137,CUST-0237,2024-08-18,2024-08-19,Standard,Delivered,Credit Card,25
ORD-02138,CUST-0394,2023-09-30,2023-10-07,Standard,Delivered,Credit Card,5
ORD-02139,CUST-0413,2024-07-27,2024-08-01,Standard,Delivered,Net Banking,20
ORD-02140,CUST-0142,2023-09-01,2023-09-05,Same Day,Delivered,Credit Card,25
ORD-02141,CUST-0279,2023-06-14,2023-06-19,Express,Delivered,Credit Card,20
ORD-02142,CUST-0076,2025-01-27,2025-01-28,Express,Delivered,Net Banking,0
ORD-02143,CUST-0044,2023-12-18,2023-12-23,Same Day,Delivered,Credit Card,5
ORD-02144,CUST-0237,2024-01-21,2024-01-24,Standard,Delivered,UPI,10
ORD-02145,CUST-0497,2024-11-25,2024-11-28,Express,Returned,Debit Card,15
ORD-02146,CUST-0059,2023-12-19,2023-12-20,Same Day,Delivered,Cash on Delivery,25
ORD-02147,CUST-0347,2024-05-29,2024-06-02,Same Day,Cancelled,UPI,30
ORD-02148,CUST-0255,2023-07-01,2023-07-03,Standard,Delivered,Debit Card,10
ORD-02149,CUST-0344,2023-12-23,2023-12-28,Standard,Cancelled,UPI,20
ORD-02150,CUST-0430,2024-08-21,2024-08-25,Standard,Cancelled,UPI,0
ORD-02151,CUST-0300,2023-08-05,2023-08-10,Standard,Delivered,Credit Card,20
ORD-02152,CUST-0017,2023-07-29,2023-08-01,Same Day,Cancelled,Credit Card,15
ORD-02153,CUST-0160,2024-05-04,2024-05-10,Standard,Delivered,Credit Card,0
ORD-02154,CUST-0229,2025-01-23,2025-01-27,Standard,Returned,Credit Card,10
ORD-02155,CUST-0011,2025-04-01,2025-04-04,Standard,Delivered,Wallet,30
ORD-02156,CUST-0440,2025-03-08,2025-03-14,Standard,Shipped,Debit Card,10
ORD-02157,CUST-0342,2023-08-07,2023-08-10,Standard,Delivered,Cash on Delivery,10
ORD-02158,CUST-0312,2024-10-26,2024-10-27,Same Day,Shipped,Cash on Delivery,15
ORD-02159,CUST-0271,2024-10-17,2024-10-23,Standard,Delivered,Net Banking,30
ORD-02160,CUST-0351,2023-10-02,2023-10-09,Same Day,Cancelled,Credit Card,10
ORD-02161,CUST-0211,2024-06-26,2024-06-27,Standard,Delivered,UPI,20
ORD-02162,CUST-0488,2023-07-21,2023-07-25,Express,Returned,Debit Card,5
ORD-02163,CUST-0426,2023-11-26,2023-12-03,Same Day,Processing,Wallet,25
ORD-02164,CUST-0303,2025-01-30,2025-02-02,Same Day,Delivered,Credit Card,0
ORD-02165,CUST-0365,2024-02-26,2024-02-28,Standard,Cancelled,Debit Card,0
ORD-02166,CUST-0240,2023-07-23,2023-07-28,Standard,Returned,Credit Card,0
ORD-02167,CUST-0211,2023-07-27,2023-08-03,Standard,Delivered,Credit Card,10
ORD-02168,CUST-0436,2024-12-10,2024-12-17,Standard,Delivered,Cash on Delivery,30
ORD-02169,CUST-0263,2025-01-30,2025-02-04,Standard,Returned,Credit Card,0
ORD-02170,CUST-0500,2024-08-29,2024-08-30,Standard,Shipped,Cash on Delivery,0
ORD-02171,CUST-0476,2024-07-13,2024-07-16,Standard,Shipped,Credit Card,0
ORD-02172,CUST-0232,2024-05-30,2024-06-04,Same Day,Delivered,UPI,25
ORD-02173,CUST-0225,2023-06-12,2023-06-17,Standard,Delivered,UPI,0
ORD-02174,CUST-0277,2023-07-18,2023-07-22,Express,Returned,Wallet,20
ORD-02175,CUST-0048,2023-12-02,2023-12-09,Same Day,Delivered,Cash on Delivery,10
ORD-02176,CUST-0207,2023-09-02,2023-09-09,Standard,Delivered,Net Banking,25
ORD-02177,CUST-0346,2025-01-25,2025-01-28,Same Day,Delivered,Cash on Delivery,25
ORD-02178,CUST-0078,2024-09-17,2024-09-23,Same Day,Cancelled,UPI,0
ORD-02179,CUST-0023,2025-01-23,2025-01-26,Standard,Delivered,Credit Card,10
ORD-02180,CUST-0405,2025-01-15,2025-01-19,Express,Delivered,Credit Card,15
ORD-02181,CUST-0254,2024-12-17,2024-12-23,Standard,Delivered,Cash on Delivery,25
ORD-02182,CUST-0115,2024-05-07,2024-05-13,Express,Cancelled,Net Banking,0
ORD-02183,CUST-0298,2025-04-05,2025-04-11,Standard,Cancelled,Wallet,10
ORD-02184,CUST-0024,2025-02-09,2025-02-13,Same Day,Shipped,Cash on Delivery,15
ORD-02185,CUST-0128,2024-02-27,2024-03-03,Standard,Cancelled,Net Banking,10
ORD-02186,CUST-0262,2024-04-15,2024-04-17,Same Day,Delivered,Debit Card,0
ORD-02187,CUST-0288,2024-05-12,2024-05-13,Standard,Cancelled,UPI,0
ORD-02188,CUST-0297,2024-02-04,2024-02-11,Express,Cancelled,Cash on Delivery,25
ORD-02189,CUST-0065,2023-06-01,2023-06-06,Express,Delivered,Net Banking,25
ORD-02190,CUST-0273,2024-10-26,2024-10-28,Same Day,Delivered,Net Banking,10
ORD-02191,CUST-0246,2023-11-02,2023-11-09,Standard,Returned,Credit Card,30
ORD-02192,CUST-0046,2024-04-03,2024-04-04,Standard,Delivered,Wallet,30
ORD-02193,CUST-0128,2024-06-01,2024-06-07,Standard,Delivered,Credit Card,15
ORD-02194,CUST-0120,2024-01-05,2024-01-09,Standard,Cancelled,Debit Card,10
ORD-02195,CUST-0128,2023-07-15,2023-07-18,Standard,Processing,UPI,15
ORD-02196,CUST-0400,2023-06-23,2023-06-25,Express,Processing,Net Banking,10
ORD-02197,CUST-0075,2024-02-24,2024-02-25,Same Day,Delivered,Wallet,10
ORD-02198,CUST-0017,2023-12-15,2023-12-21,Express,Shipped,Net Banking,30
ORD-02199,CUST-0206,2023-08-04,2023-08-08,Standard,Returned,Debit Card,25
ORD-02200,CUST-0359,2024-02-20,2024-02-25,Standard,Delivered,Net Banking,15
ORD-02201,CUST-0427,2024-12-16,2024-12-18,Express,Delivered,Net Banking,10
ORD-02202,CUST-0265,2023-09-16,2023-09-23,Express,Delivered,Debit Card,30
ORD-02203,CUST-0471,2024-07-08,2024-07-14,Express,Cancelled,Net Banking,25
ORD-02204,CUST-0316,2025-04-10,2025-04-15,Same Day,Delivered,Cash on Delivery,30
ORD-02205,CUST-0226,2024-04-15,2024-04-20,Express,Cancelled,UPI,0
ORD-02206,CUST-0175,2025-01-23,2025-01-26,Standard,Processing,Credit Card,0
ORD-02207,CUST-0315,2023-10-17,2023-10-23,Standard,Delivered,UPI,20
ORD-02208,CUST-0127,2024-06-25,2024-07-01,Express,Delivered,Credit Card,0
ORD-02209,CUST-0243,2023-08-20,2023-08-24,Standard,Delivered,Cash on Delivery,30
ORD-02210,CUST-0386,2024-12-20,2024-12-27,Standard,Cancelled,Net Banking,5
ORD-02211,CUST-0500,2025-03-25,2025-03-27,Express,Delivered,UPI,10
ORD-02212,CUST-0307,2023-07-28,2023-08-01,Standard,Returned,Credit Card,0
ORD-02213,CUST-0305,2025-04-02,2025-04-08,Standard,Shipped,Cash on Delivery,10
ORD-02214,CUST-0498,2025-01-15,2025-01-18,Standard,Delivered,Net Banking,10
ORD-02215,CUST-0193,2025-04-29,2025-05-06,Same Day,Shipped,Net Banking,15
ORD-02216,CUST-0211,2023-07-22,2023-07-25,Express,Cancelled,Credit Card,0
ORD-02217,CUST-0420,2024-04-14,2024-04-17,Express,Cancelled,Net Banking,20
ORD-02218,CUST-0175,2024-12-02,2024-12-03,Express,Returned,Debit Card,5
ORD-02219,CUST-0401,2024-10-31,2024-11-07,Same Day,Delivered,UPI,10
ORD-02220,CUST-0410,2024-07-19,2024-07-23,Standard,Delivered,UPI,15
ORD-02221,CUST-0359,2024-03-23,2024-03-24,Same Day,Delivered,Cash on Delivery,10
ORD-02222,CUST-0312,2024-05-21,2024-05-23,Standard,Delivered,Debit Card,15
ORD-02223,CUST-0439,2023-12-09,2023-12-10,Standard,Delivered,Net Banking,20
ORD-02224,CUST-0494,2024-10-02,2024-10-08,Express,Returned,Cash on Delivery,10
ORD-02225,CUST-0035,2024-07-04,2024-07-05,Standard,Delivered,UPI,0
ORD-02226,CUST-0364,2023-09-11,2023-09-12,Express,Processing,Cash on Delivery,25
ORD-02227,CUST-0328,2024-07-02,2024-07-03,Standard,Delivered,Net Banking,0
ORD-02228,CUST-0302,2024-11-10,2024-11-14,Same Day,Returned,Debit Card,0
ORD-02229,CUST-0448,2023-08-21,2023-08-23,Same Day,Processing,UPI,0
ORD-02230,CUST-0229,2023-10-17,2023-10-23,Express,Cancelled,Credit Card,15
ORD-02231,CUST-0076,2023-09-22,2023-09-24,Standard,Delivered,UPI,25
ORD-02232,CUST-0118,2024-10-03,2024-10-06,Same Day,Delivered,Wallet,30
ORD-02233,CUST-0198,2024-11-27,2024-11-28,Express,Returned,UPI,0
ORD-02234,CUST-0136,2024-11-08,2024-11-10,Standard,Shipped,Wallet,25
ORD-02235,CUST-0385,2024-01-25,2024-01-30,Express,Processing,UPI,10
ORD-02236,CUST-0025,2023-07-03,2023-07-09,Express,Cancelled,Wallet,10
ORD-02237,CUST-0189,2024-03-19,2024-03-25,Express,Returned,Debit Card,0
ORD-02238,CUST-0433,2023-08-18,2023-08-19,Standard,Delivered,Wallet,0
ORD-02239,CUST-0230,2024-03-19,2024-03-26,Standard,Returned,Net Banking,20
ORD-02240,CUST-0462,2024-07-12,2024-07-19,Standard,Delivered,Wallet,10
ORD-02241,CUST-0329,2025-04-25,2025-05-01,Same Day,Delivered,Credit Card,0
ORD-02242,CUST-0099,2024-12-20,2024-12-25,Standard,Cancelled,UPI,20
ORD-02243,CUST-0366,2023-06-13,2023-06-19,Standard,Delivered,Net Banking,30
ORD-02244,CUST-0493,2024-02-08,2024-02-15,Express,Delivered,Wallet,10
ORD-02245,CUST-0326,2023-12-17,2023-12-18,Standard,Cancelled,Cash on Delivery,25
ORD-02246,CUST-0425,2023-10-27,2023-10-30,Express,Delivered,Credit Card,10
ORD-02247,CUST-0019,2025-03-11,2025-03-17,Standard,Delivered,Net Banking,15
ORD-02248,CUST-0243,2024-10-30,2024-11-02,Same Day,Delivered,UPI,0
ORD-02249,CUST-0131,2024-02-16,2024-02-22,Express,Processing,Net Banking,10
ORD-02250,CUST-0028,2024-11-26,2024-11-28,Standard,Processing,Debit Card,30
ORD-02251,CUST-0231,2024-12-17,2024-12-18,Express,Delivered,Credit Card,30
ORD-02252,CUST-0076,2024-12-01,2024-12-05,Same Day,Shipped,Cash on Delivery,30
ORD-02253,CUST-0218,2025-01-21,2025-01-26,Standard,Delivered,UPI,10
ORD-02254,CUST-0247,2025-01-13,2025-01-19,Same Day,Delivered,UPI,0
ORD-02255,CUST-0430,2024-09-03,2024-09-09,Express,Delivered,Debit Card,15
ORD-02256,CUST-0019,2023-08-31,2023-09-07,Express,Cancelled,UPI,0
ORD-02257,CUST-0068,2023-12-26,2024-01-02,Same Day,Delivered,Debit Card,5
ORD-02258,CUST-0291,2023-09-14,2023-09-16,Same Day,Delivered,Net Banking,0
ORD-02259,CUST-0472,2023-11-08,2023-11-13,Standard,Delivered,Credit Card,25
ORD-02260,CUST-0365,2025-01-12,2025-01-17,Standard,Delivered,Credit Card,0
ORD-02261,CUST-0023,2023-09-28,2023-09-29,Standard,Delivered,Credit Card,0
ORD-02262,CUST-0009,2023-08-04,2023-08-10,Same Day,Cancelled,Net Banking,15
ORD-02263,CUST-0059,2023-07-17,2023-07-18,Same Day,Returned,Credit Card,0
ORD-02264,CUST-0281,2023-08-25,2023-09-01,Standard,Shipped,Net Banking,10
ORD-02265,CUST-0408,2023-09-04,2023-09-07,Standard,Delivered,UPI,25
ORD-02266,CUST-0476,2024-04-22,2024-04-28,Standard,Delivered,Cash on Delivery,30
ORD-02267,CUST-0387,2023-07-19,2023-07-26,Express,Returned,Cash on Delivery,15
ORD-02268,CUST-0329,2023-10-20,2023-10-22,Express,Processing,UPI,30
ORD-02269,CUST-0427,2025-04-23,2025-04-30,Standard,Delivered,Debit Card,0
ORD-02270,CUST-0376,2023-06-18,2023-06-22,Standard,Cancelled,UPI,0
ORD-02271,CUST-0419,2024-03-12,2024-03-15,Same Day,Cancelled,UPI,0
ORD-02272,CUST-0011,2023-07-18,2023-07-22,Same Day,Cancelled,UPI,15
ORD-02273,CUST-0048,2023-08-15,2023-08-16,Express,Cancelled,Credit Card,10
ORD-02274,CUST-0363,2023-09-01,2023-09-07,Express,Delivered,Net Banking,0
ORD-02275,CUST-0278,2024-04-27,2024-04-28,Express,Cancelled,Net Banking,30
ORD-02276,CUST-0022,2024-11-17,2024-11-22,Express,Delivered,Net Banking,5
ORD-02277,CUST-0215,2024-12-13,2024-12-15,Standard,Shipped,Cash on Delivery,30
ORD-02278,CUST-0319,2024-07-19,2024-07-21,Same Day,Cancelled,Cash on Delivery,0
ORD-02279,CUST-0120,2024-12-04,2024-12-08,Same Day,Delivered,Cash on Delivery,20
ORD-02280,CUST-0038,2024-06-07,2024-06-08,Same Day,Processing,UPI,0
ORD-02281,CUST-0233,2023-08-19,2023-08-24,Same Day,Returned,Wallet,0
ORD-02282,CUST-0305,2024-01-29,2024-01-31,Standard,Delivered,Net Banking,0
ORD-02283,CUST-0452,2024-06-02,2024-06-06,Same Day,Delivered,UPI,0
ORD-02284,CUST-0041,2024-12-18,2024-12-25,Express,Delivered,Net Banking,0
ORD-02285,CUST-0185,2024-05-09,2024-05-14,Standard,Processing,Net Banking,20
ORD-02286,CUST-0234,2024-03-24,2024-03-30,Standard,Delivered,UPI,20
ORD-02287,CUST-0198,2025-02-06,2025-02-08,Standard,Delivered,Wallet,25
ORD-02288,CUST-0409,2025-03-22,2025-03-27,Express,Delivered,Cash on Delivery,0
ORD-02289,CUST-0365,2025-01-27,2025-01-31,Same Day,Delivered,Debit Card,10
ORD-02290,CUST-0084,2023-10-23,2023-10-28,Express,Returned,Net Banking,0
ORD-02291,CUST-0028,2024-02-26,2024-03-03,Express,Processing,Credit Card,0
ORD-02292,CUST-0422,2024-12-18,2024-12-21,Express,Shipped,UPI,0
ORD-02293,CUST-0223,2024-10-30,2024-11-01,Standard,Delivered,Net Banking,10
ORD-02294,CUST-0426,2023-06-01,2023-06-07,Standard,Delivered,Wallet,0
ORD-02295,CUST-0205,2024-01-11,2024-01-17,Same Day,Processing,Credit Card,10
ORD-02296,CUST-0236,2023-11-23,2023-11-25,Express,Delivered,Debit Card,20
ORD-02297,CUST-0258,2023-11-14,2023-11-19,Express,Processing,Net Banking,0
ORD-02298,CUST-0267,2025-03-29,2025-04-05,Standard,Delivered,Wallet,10
ORD-02299,CUST-0232,2024-02-02,2024-02-03,Same Day,Delivered,Net Banking,0
ORD-02300,CUST-0483,2024-12-07,2024-12-14,Standard,Processing,UPI,0
ORD-02301,CUST-0483,2024-12-27,2025-01-02,Standard,Delivered,Credit Card,10
ORD-02302,CUST-0313,2023-11-30,2023-12-07,Standard,Returned,UPI,0
ORD-02303,CUST-0096,2024-08-11,2024-08-12,Express,Delivered,Net Banking,5
ORD-02304,CUST-0028,2025-01-04,2025-01-06,Standard,Delivered,Net Banking,0
ORD-02305,CUST-0037,2024-08-14,2024-08-19,Standard,Processing,Net Banking,0
ORD-02306,CUST-0132,2025-03-31,2025-04-01,Express,Shipped,Debit Card,10
ORD-02307,CUST-0416,2025-03-23,2025-03-25,Same Day,Returned,Cash on Delivery,30
ORD-02308,CUST-0294,2024-01-05,2024-01-12,Express,Cancelled,Cash on Delivery,0
ORD-02309,CUST-0132,2024-03-12,2024-03-16,Same Day,Delivered,Cash on Delivery,0
ORD-02310,CUST-0407,2024-11-09,2024-11-11,Standard,Returned,Credit Card,25
ORD-02311,CUST-0110,2023-08-12,2023-08-13,Express,Shipped,Debit Card,0
ORD-02312,CUST-0181,2024-12-26,2025-01-01,Standard,Cancelled,Net Banking,0
ORD-02313,CUST-0457,2024-03-30,2024-04-01,Same Day,Processing,Cash on Delivery,10
ORD-02314,CUST-0392,2024-02-03,2024-02-06,Same Day,Delivered,Credit Card,25
ORD-02315,CUST-0208,2024-03-06,2024-03-11,Standard,Cancelled,Net Banking,15
ORD-02316,CUST-0100,2025-01-23,2025-01-28,Express,Delivered,Cash on Delivery,10
ORD-02317,CUST-0258,2023-12-17,2023-12-22,Standard,Shipped,Net Banking,5
ORD-02318,CUST-0472,2025-03-07,2025-03-14,Same Day,Shipped,Cash on Delivery,0
ORD-02319,CUST-0025,2024-05-04,2024-05-07,Same Day,Delivered,UPI,20
ORD-02320,CUST-0361,2023-07-22,2023-07-26,Same Day,Processing,UPI,30
ORD-02321,CUST-0181,2023-08-21,2023-08-24,Standard,Cancelled,Cash on Delivery,5
ORD-02322,CUST-0094,2023-06-10,2023-06-15,Express,Delivered,Credit Card,10
ORD-02323,CUST-0022,2024-10-18,2024-10-24,Standard,Shipped,Credit Card,30
ORD-02324,CUST-0456,2024-01-26,2024-01-27,Standard,Delivered,Cash on Delivery,20
ORD-02325,CUST-0482,2024-07-02,2024-07-03,Standard,Delivered,UPI,10
ORD-02326,CUST-0361,2024-08-29,2024-09-04,Standard,Cancelled,Debit Card,0
ORD-02327,CUST-0325,2023-06-25,2023-06-29,Standard,Processing,UPI,10
ORD-02328,CUST-0358,2023-08-25,2023-08-31,Standard,Delivered,Wallet,0
ORD-02329,CUST-0070,2023-12-04,2023-12-08,Express,Processing,Credit Card,0
ORD-02330,CUST-0081,2024-08-01,2024-08-08,Standard,Delivered,Credit Card,10
ORD-02331,CUST-0173,2024-01-06,2024-01-13,Express,Delivered,UPI,30
ORD-02332,CUST-0226,2025-03-10,2025-03-15,Standard,Processing,UPI,20
ORD-02333,CUST-0023,2024-10-17,2024-10-18,Standard,Returned,Cash on Delivery,20
ORD-02334,CUST-0282,2023-07-21,2023-07-24,Standard,Processing,Wallet,5
ORD-02335,CUST-0385,2023-08-07,2023-08-08,Same Day,Delivered,Wallet,10
ORD-02336,CUST-0319,2024-01-08,2024-01-11,Standard,Delivered,Credit Card,30
ORD-02337,CUST-0002,2024-03-11,2024-03-14,Standard,Delivered,Net Banking,5
ORD-02338,CUST-0024,2024-10-31,2024-11-05,Standard,Shipped,Wallet,10
ORD-02339,CUST-0315,2023-09-05,2023-09-07,Standard,Processing,UPI,25
ORD-02340,CUST-0178,2024-02-05,2024-02-08,Standard,Processing,UPI,0
ORD-02341,CUST-0199,2023-08-12,2023-08-13,Same Day,Delivered,Cash on Delivery,20
ORD-02342,CUST-0482,2025-01-12,2025-01-13,Same Day,Delivered,Net Banking,30
ORD-02343,CUST-0483,2024-12-12,2024-12-13,Same Day,Delivered,UPI,20
ORD-02344,CUST-0023,2024-02-03,2024-02-07,Standard,Shipped,Wallet,5
ORD-02345,CUST-0100,2025-01-04,2025-01-11,Express,Shipped,Wallet,30
ORD-02346,CUST-0494,2024-06-18,2024-06-25,Standard,Delivered,Net Banking,0
ORD-02347,CUST-0252,2024-09-12,2024-09-16,Express,Delivered,Credit Card,10
ORD-02348,CUST-0112,2023-11-12,2023-11-18,Standard,Processing,Net Banking,5
ORD-02349,CUST-0161,2024-02-17,2024-02-19,Standard,Cancelled,Credit Card,10
ORD-02350,CUST-0236,2024-12-02,2024-12-05,Standard,Delivered,Wallet,30
ORD-02351,CUST-0399,2023-11-01,2023-11-03,Express,Delivered,Credit Card,0
ORD-02352,CUST-0008,2023-07-03,2023-07-08,Same Day,Delivered,UPI,0
ORD-02353,CUST-0126,2023-06-06,2023-06-12,Express,Cancelled,Credit Card,5
ORD-02354,CUST-0078,2023-09-28,2023-09-29,Same Day,Cancelled,Debit Card,20
ORD-02355,CUST-0407,2023-10-18,2023-10-23,Express,Delivered,Net Banking,10
ORD-02356,CUST-0172,2024-12-28,2025-01-02,Express,Returned,Credit Card,0
ORD-02357,CUST-0088,2025-01-28,2025-02-03,Express,Cancelled,Net Banking,0
ORD-02358,CUST-0024,2024-01-23,2024-01-30,Same Day,Delivered,Credit Card,0
ORD-02359,CUST-0453,2023-10-23,2023-10-27,Express,Processing,UPI,0
ORD-02360,CUST-0237,2024-09-17,2024-09-18,Standard,Delivered,Credit Card,20
ORD-02361,CUST-0047,2024-05-18,2024-05-25,Standard,Delivered,Credit Card,25
ORD-02362,CUST-0093,2023-12-11,2023-12-15,Standard,Delivered,Wallet,30
ORD-02363,CUST-0339,2023-11-23,2023-11-24,Standard,Processing,Wallet,20
ORD-02364,CUST-0003,2024-06-09,2024-06-14,Same Day,Delivered,Credit Card,0
ORD-02365,CUST-0258,2024-08-21,2024-08-23,Express,Processing,Cash on Delivery,25
ORD-02366,CUST-0042,2025-01-23,2025-01-26,Same Day,Returned,Wallet,0
ORD-02367,CUST-0354,2023-09-05,2023-09-09,Standard,Delivered,Debit Card,10
ORD-02368,CUST-0246,2024-11-29,2024-12-06,Standard,Delivered,Cash on Delivery,15
ORD-02369,CUST-0483,2023-11-06,2023-11-11,Standard,Returned,UPI,10
ORD-02370,CUST-0493,2024-04-14,2024-04-21,Standard,Delivered,Debit Card,25
ORD-02371,CUST-0087,2024-10-01,2024-10-03,Standard,Delivered,Cash on Delivery,5
ORD-02372,CUST-0151,2024-12-01,2024-12-03,Standard,Delivered,Credit Card,0
ORD-02373,CUST-0130,2023-08-30,2023-09-02,Same Day,Shipped,Wallet,10
ORD-02374,CUST-0109,2023-10-13,2023-10-19,Standard,Delivered,Cash on Delivery,10
ORD-02375,CUST-0309,2023-12-18,2023-12-24,Standard,Delivered,Debit Card,0
ORD-02376,CUST-0019,2025-03-11,2025-03-13,Express,Delivered,Debit Card,0
ORD-02377,CUST-0437,2023-10-13,2023-10-15,Same Day,Returned,Wallet,0
ORD-02378,CUST-0449,2023-09-14,2023-09-16,Standard,Processing,Debit Card,0
ORD-02379,CUST-0258,2023-09-04,2023-09-08,Standard,Processing,UPI,15
ORD-02380,CUST-0203,2023-12-19,2023-12-20,Express,Delivered,Debit Card,30
ORD-02381,CUST-0479,2024-08-24,2024-08-28,Express,Returned,Cash on Delivery,15
ORD-02382,CUST-0050,2025-02-15,2025-02-20,Standard,Delivered,Wallet,0
ORD-02383,CUST-0012,2025-03-29,2025-03-31,Same Day,Delivered,Net Banking,0
ORD-02384,CUST-0153,2024-06-22,2024-06-29,Standard,Delivered,Wallet,30
ORD-02385,CUST-0490,2024-11-25,2024-11-27,Standard,Delivered,UPI,25
ORD-02386,CUST-0035,2025-02-24,2025-02-28,Standard,Cancelled,Cash on Delivery,0
ORD-02387,CUST-0042,2023-12-25,2023-12-26,Same Day,Cancelled,UPI,0
ORD-02388,CUST-0208,2024-12-22,2024-12-25,Same Day,Cancelled,Net Banking,0
ORD-02389,CUST-0120,2024-07-08,2024-07-10,Same Day,Delivered,UPI,10
ORD-02390,CUST-0031,2024-04-06,2024-04-11,Express,Shipped,Wallet,10
ORD-02391,CUST-0019,2024-08-25,2024-08-29,Standard,Cancelled,Cash on Delivery,10
ORD-02392,CUST-0395,2023-12-11,2023-12-17,Same Day,Delivered,Wallet,10
ORD-02393,CUST-0310,2024-06-20,2024-06-22,Standard,Returned,Debit Card,0
ORD-02394,CUST-0198,2023-10-16,2023-10-20,Standard,Delivered,UPI,0
ORD-02395,CUST-0111,2024-07-25,2024-07-31,Express,Delivered,Wallet,25
ORD-02396,CUST-0165,2024-02-28,2024-03-05,Standard,Delivered,Cash on Delivery,25
ORD-02397,CUST-0326,2023-07-11,2023-07-16,Standard,Returned,Net Banking,30
ORD-02398,CUST-0076,2025-03-16,2025-03-18,Standard,Shipped,Cash on Delivery,30
ORD-02399,CUST-0350,2024-06-24,2024-06-27,Standard,Delivered,UPI,25
ORD-02400,CUST-0413,2024-02-01,2024-02-03,Same Day,Shipped,UPI,0
ORD-02401,CUST-0342,2023-07-29,2023-08-01,Standard,Delivered,UPI,5
ORD-02402,CUST-0487,2023-12-25,2024-01-01,Standard,Delivered,Wallet,10
ORD-02403,CUST-0271,2024-10-24,2024-10-28,Express,Delivered,UPI,10
ORD-02404,CUST-0443,2024-09-21,2024-09-28,Express,Cancelled,UPI,20
ORD-02405,CUST-0408,2024-09-07,2024-09-11,Express,Shipped,UPI,5
ORD-02406,CUST-0496,2024-02-01,2024-02-05,Same Day,Processing,Net Banking,10
ORD-02407,CUST-0198,2025-01-29,2025-02-05,Standard,Cancelled,Debit Card,15
ORD-02408,CUST-0464,2024-03-14,2024-03-16,Standard,Delivered,UPI,10
ORD-02409,CUST-0190,2023-06-23,2023-06-28,Express,Delivered,UPI,30
ORD-02410,CUST-0261,2023-08-29,2023-09-05,Standard,Processing,Cash on Delivery,15
ORD-02411,CUST-0074,2024-04-26,2024-05-03,Same Day,Processing,UPI,15
ORD-02412,CUST-0433,2024-08-31,2024-09-02,Standard,Delivered,Net Banking,0
ORD-02413,CUST-0446,2024-03-09,2024-03-11,Express,Delivered,Credit Card,30
ORD-02414,CUST-0137,2023-12-03,2023-12-07,Express,Delivered,Wallet,10
ORD-02415,CUST-0279,2025-01-18,2025-01-20,Standard,Delivered,Credit Card,15
ORD-02416,CUST-0155,2024-04-20,2024-04-23,Standard,Delivered,Cash on Delivery,20
ORD-02417,CUST-0212,2024-01-12,2024-01-18,Standard,Returned,Wallet,0
ORD-02418,CUST-0463,2023-06-19,2023-06-20,Same Day,Delivered,UPI,25
ORD-02419,CUST-0471,2023-11-19,2023-11-21,Standard,Delivered,Net Banking,25
ORD-02420,CUST-0048,2024-12-22,2024-12-25,Standard,Processing,Wallet,10
ORD-02421,CUST-0459,2023-11-28,2023-12-02,Express,Returned,Credit Card,20
ORD-02422,CUST-0058,2024-10-22,2024-10-24,Standard,Delivered,UPI,15
ORD-02423,CUST-0449,2023-10-30,2023-11-01,Same Day,Returned,Net Banking,30
ORD-02424,CUST-0205,2025-04-29,2025-05-02,Standard,Cancelled,Net Banking,5
ORD-02425,CUST-0002,2023-09-23,2023-09-26,Standard,Delivered,Debit Card,10
ORD-02426,CUST-0417,2024-08-23,2024-08-28,Standard,Delivered,UPI,10
ORD-02427,CUST-0333,2024-11-13,2024-11-19,Standard,Delivered,Net Banking,0
ORD-02428,CUST-0439,2025-04-29,2025-05-01,Standard,Delivered,Debit Card,10
ORD-02429,CUST-0164,2024-09-17,2024-09-23,Standard,Delivered,Credit Card,15
ORD-02430,CUST-0310,2024-04-04,2024-04-06,Standard,Delivered,Cash on Delivery,15
ORD-02431,CUST-0413,2025-03-04,2025-03-10,Same Day,Delivered,Credit Card,0
ORD-02432,CUST-0102,2023-10-03,2023-10-05,Express,Cancelled,Cash on Delivery,0
ORD-02433,CUST-0398,2024-07-05,2024-07-07,Standard,Delivered,Wallet,30
ORD-02434,CUST-0324,2024-10-09,2024-10-16,Express,Delivered,Cash on Delivery,10
ORD-02435,CUST-0181,2025-04-06,2025-04-12,Standard,Delivered,Debit Card,0
ORD-02436,CUST-0078,2025-03-17,2025-03-23,Standard,Returned,Debit Card,30
ORD-02437,CUST-0458,2024-11-16,2024-11-21,Standard,Delivered,Wallet,20
ORD-02438,CUST-0356,2024-01-14,2024-01-21,Standard,Processing,Debit Card,0
ORD-02439,CUST-0217,2024-08-11,2024-08-12,Standard,Processing,Net Banking,20
ORD-02440,CUST-0047,2023-07-21,2023-07-26,Standard,Returned,Debit Card,25
ORD-02441,CUST-0200,2025-02-11,2025-02-15,Standard,Delivered,Net Banking,5
ORD-02442,CUST-0020,2023-09-10,2023-09-11,Standard,Returned,Net Banking,0
ORD-02443,CUST-0052,2024-05-28,2024-06-03,Standard,Delivered,Net Banking,0
ORD-02444,CUST-0342,2025-03-07,2025-03-11,Express,Shipped,Net Banking,15
ORD-02445,CUST-0103,2024-04-28,2024-05-02,Standard,Shipped,Debit Card,0
ORD-02446,CUST-0497,2024-01-08,2024-01-14,Standard,Delivered,Wallet,0
ORD-02447,CUST-0261,2023-06-18,2023-06-24,Express,Delivered,Debit Card,10
ORD-02448,CUST-0178,2024-12-25,2024-12-31,Standard,Delivered,Net Banking,10
ORD-02449,CUST-0030,2024-06-21,2024-06-23,Standard,Processing,Wallet,10
ORD-02450,CUST-0026,2024-07-03,2024-07-05,Standard,Returned,Wallet,0
ORD-02451,CUST-0059,2024-11-26,2024-11-27,Same Day,Shipped,UPI,20
ORD-02452,CUST-0054,2024-01-28,2024-01-29,Express,Returned,Cash on Delivery,5
ORD-02453,CUST-0487,2024-04-08,2024-04-15,Express,Delivered,Credit Card,0
ORD-02454,CUST-0455,2025-04-06,2025-04-07,Same Day,Delivered,Net Banking,0
ORD-02455,CUST-0339,2023-07-29,2023-08-03,Same Day,Shipped,Cash on Delivery,5
ORD-02456,CUST-0425,2024-09-27,2024-10-03,Same Day,Processing,UPI,0
ORD-02457,CUST-0375,2024-03-10,2024-03-17,Standard,Returned,UPI,10
ORD-02458,CUST-0129,2025-01-03,2025-01-04,Standard,Delivered,Credit Card,10
ORD-02459,CUST-0220,2024-03-01,2024-03-02,Express,Delivered,Net Banking,10
ORD-02460,CUST-0140,2023-06-18,2023-06-23,Same Day,Delivered,Debit Card,30
ORD-02461,CUST-0303,2024-04-24,2024-04-28,Express,Returned,Credit Card,0
ORD-02462,CUST-0245,2023-06-01,2023-06-08,Standard,Delivered,Debit Card,10
ORD-02463,CUST-0223,2023-11-10,2023-11-16,Standard,Delivered,Credit Card,20
ORD-02464,CUST-0070,2025-04-08,2025-04-09,Express,Delivered,Debit Card,0
ORD-02465,CUST-0293,2024-02-05,2024-02-12,Same Day,Cancelled,Cash on Delivery,20
ORD-02466,CUST-0291,2025-03-24,2025-03-28,Standard,Cancelled,Cash on Delivery,30
ORD-02467,CUST-0243,2024-01-07,2024-01-08,Same Day,Delivered,Net Banking,20
ORD-02468,CUST-0119,2023-08-21,2023-08-28,Standard,Delivered,Wallet,20
ORD-02469,CUST-0200,2025-04-22,2025-04-29,Same Day,Delivered,Wallet,10
ORD-02470,CUST-0296,2024-11-25,2024-11-30,Same Day,Returned,Wallet,5
ORD-02471,CUST-0351,2025-01-06,2025-01-12,Standard,Shipped,Cash on Delivery,0
ORD-02472,CUST-0047,2025-03-07,2025-03-14,Express,Cancelled,Debit Card,10
ORD-02473,CUST-0016,2024-11-06,2024-11-12,Standard,Processing,Credit Card,0
ORD-02474,CUST-0082,2023-10-02,2023-10-07,Express,Delivered,Net Banking,10
ORD-02475,CUST-0414,2024-06-22,2024-06-25,Same Day,Shipped,Net Banking,10
ORD-02476,CUST-0004,2023-07-22,2023-07-23,Same Day,Delivered,Net Banking,25
ORD-02477,CUST-0203,2024-04-09,2024-04-12,Same Day,Cancelled,UPI,15
ORD-02478,CUST-0294,2024-09-01,2024-09-06,Express,Returned,Net Banking,0
ORD-02479,CUST-0418,2023-12-24,2023-12-28,Same Day,Processing,UPI,0
ORD-02480,CUST-0440,2024-05-04,2024-05-05,Same Day,Delivered,UPI,5
ORD-02481,CUST-0162,2024-01-12,2024-01-16,Standard,Delivered,Wallet,30
ORD-02482,CUST-0198,2024-03-05,2024-03-10,Standard,Cancelled,Net Banking,20
ORD-02483,CUST-0041,2023-09-21,2023-09-27,Standard,Processing,Wallet,30
ORD-02484,CUST-0195,2024-01-15,2024-01-18,Standard,Delivered,Cash on Delivery,10
ORD-02485,CUST-0239,2023-06-09,2023-06-11,Express,Processing,Debit Card,0
ORD-02486,CUST-0271,2023-11-12,2023-11-16,Standard,Cancelled,Credit Card,5
ORD-02487,CUST-0437,2024-04-17,2024-04-22,Express,Shipped,Net Banking,30
ORD-02488,CUST-0179,2024-03-15,2024-03-19,Standard,Cancelled,UPI,10
ORD-02489,CUST-0386,2024-02-24,2024-03-02,Standard,Shipped,Wallet,10
ORD-02490,CUST-0132,2023-08-14,2023-08-21,Standard,Shipped,Cash on Delivery,15
ORD-02491,CUST-0476,2025-02-07,2025-02-12,Standard,Delivered,UPI,10
ORD-02492,CUST-0297,2024-09-04,2024-09-07,Express,Delivered,UPI,15
ORD-02493,CUST-0009,2024-11-20,2024-11-27,Standard,Delivered,UPI,30
ORD-02494,CUST-0257,2024-08-04,2024-08-06,Standard,Returned,Wallet,30
ORD-02495,CUST-0419,2024-11-27,2024-12-03,Standard,Shipped,Credit Card,0
ORD-02496,CUST-0458,2025-01-05,2025-01-09,Standard,Delivered,Credit Card,0
ORD-02497,CUST-0441,2024-10-03,2024-10-10,Same Day,Delivered,UPI,25
ORD-02498,CUST-0099,2024-03-20,2024-03-26,Express,Cancelled,Net Banking,10
ORD-02499,CUST-0410,2025-01-20,2025-01-22,Standard,Delivered,Credit Card,5
ORD-02500,CUST-0022,2024-04-05,2024-04-08,Express,Cancelled,Credit Card,15
ORD-02501,CUST-0076,2025-02-15,2025-02-17,Standard,Delivered,Wallet,0
ORD-02502,CUST-0448,2024-05-30,2024-05-31,Standard,Delivered,Wallet,5
ORD-02503,CUST-0443,2024-09-15,2024-09-18,Express,Cancelled,Wallet,25
ORD-02504,CUST-0305,2024-07-06,2024-07-08,Express,Processing,Credit Card,20
ORD-02505,CUST-0285,2024-08-14,2024-08-21,Standard,Delivered,UPI,0
ORD-02506,CUST-0362,2024-06-04,2024-06-09,Standard,Shipped,Wallet,10
ORD-02507,CUST-0168,2024-07-11,2024-07-15,Standard,Delivered,Debit Card,0
ORD-02508,CUST-0479,2024-12-07,2024-12-12,Standard,Processing,Debit Card,10
ORD-02509,CUST-0098,2024-07-22,2024-07-24,Standard,Delivered,Debit Card,5
ORD-02510,CUST-0159,2024-09-11,2024-09-14,Express,Delivered,Debit Card,15
ORD-02511,CUST-0336,2023-09-19,2023-09-20,Standard,Shipped,Wallet,20
ORD-02512,CUST-0297,2024-07-30,2024-08-04,Standard,Cancelled,Cash on Delivery,0
ORD-02513,CUST-0406,2025-03-28,2025-03-31,Express,Delivered,Cash on Delivery,15
ORD-02514,CUST-0492,2023-07-22,2023-07-24,Same Day,Delivered,UPI,20
ORD-02515,CUST-0033,2024-09-19,2024-09-22,Standard,Delivered,Debit Card,10
ORD-02516,CUST-0431,2024-04-22,2024-04-23,Standard,Delivered,UPI,25
ORD-02517,CUST-0485,2023-07-19,2023-07-21,Express,Delivered,Net Banking,15
ORD-02518,CUST-0174,2023-12-03,2023-12-07,Standard,Processing,Cash on Delivery,0
ORD-02519,CUST-0079,2025-02-28,2025-03-07,Standard,Delivered,Credit Card,0
ORD-02520,CUST-0069,2024-05-04,2024-05-08,Standard,Delivered,Credit Card,5
ORD-02521,CUST-0118,2023-06-23,2023-06-25,Express,Delivered,Net Banking,15
ORD-02522,CUST-0226,2023-08-09,2023-08-15,Same Day,Delivered,UPI,20
ORD-02523,CUST-0478,2023-06-11,2023-06-15,Standard,Cancelled,Cash on Delivery,20
ORD-02524,CUST-0313,2024-05-21,2024-05-28,Standard,Processing,Debit Card,0
ORD-02525,CUST-0143,2025-03-19,2025-03-22,Standard,Delivered,Debit Card,0
ORD-02526,CUST-0467,2024-01-23,2024-01-29,Same Day,Shipped,Debit Card,0
ORD-02527,CUST-0015,2024-01-08,2024-01-11,Standard,Delivered,Cash on Delivery,0
ORD-02528,CUST-0152,2024-09-12,2024-09-13,Standard,Delivered,Wallet,20
ORD-02529,CUST-0084,2023-11-15,2023-11-21,Express,Delivered,Credit Card,10
ORD-02530,CUST-0225,2024-07-28,2024-08-04,Same Day,Shipped,Net Banking,0
ORD-02531,CUST-0329,2025-03-13,2025-03-19,Express,Returned,Net Banking,10
ORD-02532,CUST-0055,2025-02-27,2025-03-06,Express,Delivered,Net Banking,0
ORD-02533,CUST-0185,2025-03-17,2025-03-22,Same Day,Delivered,Wallet,0
ORD-02534,CUST-0241,2025-03-06,2025-03-08,Standard,Processing,Debit Card,0
ORD-02535,CUST-0163,2025-02-03,2025-02-04,Same Day,Processing,Cash on Delivery,15
ORD-02536,CUST-0145,2024-02-16,2024-02-21,Standard,Delivered,Debit Card,20
ORD-02537,CUST-0322,2023-12-10,2023-12-14,Standard,Delivered,Credit Card,0
ORD-02538,CUST-0025,2023-10-01,2023-10-06,Standard,Returned,Wallet,10
ORD-02539,CUST-0284,2024-07-30,2024-08-06,Standard,Delivered,Credit Card,20
ORD-02540,CUST-0442,2024-10-09,2024-10-12,Standard,Delivered,Credit Card,10
ORD-02541,CUST-0301,2025-02-24,2025-03-01,Express,Shipped,Cash on Delivery,0
ORD-02542,CUST-0163,2023-09-21,2023-09-25,Standard,Delivered,Debit Card,0
ORD-02543,CUST-0464,2024-10-17,2024-10-21,Standard,Shipped,Debit Card,20
ORD-02544,CUST-0084,2023-06-22,2023-06-25,Standard,Shipped,Credit Card,0
ORD-02545,CUST-0193,2023-11-28,2023-12-02,Express,Processing,Debit Card,15
ORD-02546,CUST-0466,2023-12-17,2023-12-23,Standard,Delivered,UPI,10
ORD-02547,CUST-0155,2024-08-27,2024-09-03,Express,Delivered,Cash on Delivery,25
ORD-02548,CUST-0256,2024-11-02,2024-11-07,Standard,Processing,Debit Card,0
ORD-02549,CUST-0006,2024-06-18,2024-06-23,Express,Cancelled,Cash on Delivery,0
ORD-02550,CUST-0393,2024-04-16,2024-04-18,Same Day,Returned,Cash on Delivery,10
ORD-02551,CUST-0360,2023-12-04,2023-12-08,Standard,Cancelled,Wallet,30
ORD-02552,CUST-0163,2024-07-29,2024-07-31,Standard,Shipped,Net Banking,20
ORD-02553,CUST-0243,2024-04-22,2024-04-29,Standard,Delivered,Cash on Delivery,10
ORD-02554,CUST-0079,2023-06-18,2023-06-22,Same Day,Delivered,Cash on Delivery,10
ORD-02555,CUST-0043,2023-10-24,2023-10-31,Standard,Delivered,Wallet,30
ORD-02556,CUST-0475,2023-11-09,2023-11-11,Standard,Shipped,Debit Card,15
ORD-02557,CUST-0022,2023-11-03,2023-11-08,Express,Processing,Net Banking,30
ORD-02558,CUST-0120,2024-08-20,2024-08-22,Standard,Returned,Debit Card,15
ORD-02559,CUST-0424,2025-02-27,2025-03-05,Standard,Shipped,Net Banking,0
ORD-02560,CUST-0194,2023-08-17,2023-08-20,Standard,Shipped,UPI,25
ORD-02561,CUST-0050,2023-12-17,2023-12-19,Standard,Delivered,Credit Card,0
ORD-02562,CUST-0140,2025-01-08,2025-01-13,Standard,Delivered,Wallet,0
ORD-02563,CUST-0043,2023-11-29,2023-12-06,Standard,Delivered,Credit Card,0
ORD-02564,CUST-0191,2024-03-30,2024-04-04,Express,Delivered,Debit Card,25
ORD-02565,CUST-0446,2024-08-19,2024-08-24,Same Day,Cancelled,UPI,15
ORD-02566,CUST-0458,2023-06-09,2023-06-10,Express,Delivered,Cash on Delivery,10
ORD-02567,CUST-0276,2023-07-30,2023-08-03,Express,Shipped,Wallet,0
ORD-02568,CUST-0001,2023-07-14,2023-07-21,Standard,Cancelled,Cash on Delivery,30
ORD-02569,CUST-0469,2024-10-22,2024-10-26,Standard,Returned,UPI,25
ORD-02570,CUST-0398,2024-07-02,2024-07-08,Express,Cancelled,Wallet,15
ORD-02571,CUST-0160,2023-09-30,2023-10-05,Standard,Cancelled,UPI,5
ORD-02572,CUST-0338,2023-12-02,2023-12-03,Same Day,Delivered,Credit Card,0
ORD-02573,CUST-0099,2023-12-05,2023-12-06,Standard,Shipped,Cash on Delivery,0
ORD-02574,CUST-0130,2024-11-26,2024-11-28,Express,Delivered,Cash on Delivery,25
ORD-02575,CUST-0396,2023-09-23,2023-09-24,Same Day,Returned,Net Banking,0
ORD-02576,CUST-0302,2025-02-14,2025-02-19,Standard,Shipped,Cash on Delivery,0
ORD-02577,CUST-0358,2023-12-21,2023-12-22,Standard,Delivered,Net Banking,15
ORD-02578,CUST-0210,2023-06-22,2023-06-28,Standard,Delivered,Credit Card,0
ORD-02579,CUST-0179,2023-12-19,2023-12-25,Express,Delivered,Debit Card,15
ORD-02580,CUST-0447,2023-09-07,2023-09-08,Standard,Processing,Debit Card,10
ORD-02581,CUST-0139,2024-02-06,2024-02-11,Standard,Delivered,Cash on Delivery,10
ORD-02582,CUST-0353,2023-11-13,2023-11-17,Standard,Delivered,Cash on Delivery,15
ORD-02583,CUST-0358,2024-08-16,2024-08-18,Same Day,Returned,Debit Card,5
ORD-02584,CUST-0091,2024-12-21,2024-12-23,Standard,Cancelled,Net Banking,20
ORD-02585,CUST-0461,2023-08-25,2023-08-30,Standard,Processing,Net Banking,25
ORD-02586,CUST-0091,2024-07-12,2024-07-16,Standard,Delivered,Cash on Delivery,15
ORD-02587,CUST-0157,2023-09-20,2023-09-21,Standard,Delivered,Wallet,0
ORD-02588,CUST-0259,2023-11-08,2023-11-10,Standard,Delivered,Cash on Delivery,25
ORD-02589,CUST-0375,2024-01-16,2024-01-19,Same Day,Delivered,Wallet,30
ORD-02590,CUST-0439,2023-08-04,2023-08-09,Express,Returned,Net Banking,0
ORD-02591,CUST-0488,2024-10-06,2024-10-10,Standard,Cancelled,Wallet,15
ORD-02592,CUST-0371,2024-06-14,2024-06-21,Standard,Delivered,Cash on Delivery,25
ORD-02593,CUST-0052,2025-03-31,2025-04-07,Standard,Shipped,Cash on Delivery,0
ORD-02594,CUST-0066,2024-09-21,2024-09-26,Same Day,Returned,Net Banking,0
ORD-02595,CUST-0471,2024-10-28,2024-11-03,Express,Delivered,Cash on Delivery,15
ORD-02596,CUST-0437,2024-11-28,2024-12-04,Express,Delivered,Debit Card,20
ORD-02597,CUST-0377,2025-04-22,2025-04-23,Same Day,Delivered,UPI,15
ORD-02598,CUST-0357,2024-07-13,2024-07-18,Standard,Cancelled,UPI,30
ORD-02599,CUST-0295,2023-09-05,2023-09-07,Same Day,Processing,UPI,5
ORD-02600,CUST-0316,2024-11-01,2024-11-06,Express,Delivered,UPI,30
ORD-02601,CUST-0344,2024-08-19,2024-08-25,Same Day,Delivered,Debit Card,10
ORD-02602,CUST-0297,2025-02-12,2025-02-13,Express,Returned,Debit Card,20
ORD-02603,CUST-0392,2025-02-22,2025-02-26,Express,Cancelled,Net Banking,0
ORD-02604,CUST-0294,2025-02-23,2025-02-27,Standard,Returned,Credit Card,25
ORD-02605,CUST-0284,2025-01-30,2025-02-03,Same Day,Shipped,Cash on Delivery,10
ORD-02606,CUST-0181,2025-02-22,2025-03-01,Same Day,Shipped,Credit Card,10
ORD-02607,CUST-0489,2024-11-03,2024-11-05,Standard,Shipped,UPI,5
ORD-02608,CUST-0430,2024-09-12,2024-09-17,Standard,Processing,Wallet,15
ORD-02609,CUST-0298,2024-12-01,2024-12-08,Same Day,Delivered,Cash on Delivery,30
ORD-02610,CUST-0015,2024-02-27,2024-03-01,Standard,Processing,Debit Card,30
ORD-02611,CUST-0340,2025-03-17,2025-03-22,Standard,Cancelled,Debit Card,10
ORD-02612,CUST-0061,2023-07-03,2023-07-05,Standard,Cancelled,Credit Card,20
ORD-02613,CUST-0204,2024-07-14,2024-07-17,Standard,Delivered,Debit Card,25
ORD-02614,CUST-0139,2024-11-29,2024-12-06,Express,Shipped,Credit Card,5
ORD-02615,CUST-0285,2024-12-04,2024-12-09,Standard,Delivered,Wallet,10
ORD-02616,CUST-0418,2024-12-05,2024-12-10,Same Day,Delivered,Cash on Delivery,0
ORD-02617,CUST-0178,2024-07-30,2024-08-06,Standard,Delivered,Net Banking,0
ORD-02618,CUST-0404,2024-06-14,2024-06-15,Standard,Delivered,Credit Card,5
ORD-02619,CUST-0348,2024-05-19,2024-05-25,Same Day,Cancelled,Cash on Delivery,0
ORD-02620,CUST-0455,2025-01-31,2025-02-03,Standard,Delivered,Net Banking,10
ORD-02621,CUST-0150,2023-09-08,2023-09-13,Standard,Shipped,Cash on Delivery,20
ORD-02622,CUST-0341,2024-03-28,2024-04-01,Standard,Returned,Net Banking,25
ORD-02623,CUST-0468,2023-06-20,2023-06-26,Same Day,Delivered,Net Banking,0
ORD-02624,CUST-0450,2025-03-20,2025-03-27,Standard,Delivered,Wallet,0
ORD-02625,CUST-0385,2023-12-26,2023-12-30,Standard,Processing,UPI,10
ORD-02626,CUST-0156,2024-02-14,2024-02-16,Same Day,Delivered,UPI,20
ORD-02627,CUST-0341,2024-05-17,2024-05-21,Express,Cancelled,UPI,0
ORD-02628,CUST-0482,2023-07-10,2023-07-14,Standard,Delivered,UPI,0
ORD-02629,CUST-0467,2024-05-18,2024-05-23,Same Day,Cancelled,UPI,0
ORD-02630,CUST-0478,2024-08-09,2024-08-16,Standard,Delivered,Credit Card,0
ORD-02631,CUST-0312,2023-06-09,2023-06-12,Standard,Delivered,Net Banking,10
ORD-02632,CUST-0407,2023-07-01,2023-07-04,Express,Returned,Net Banking,20
ORD-02633,CUST-0156,2024-12-06,2024-12-09,Express,Processing,Net Banking,30
ORD-02634,CUST-0168,2023-11-22,2023-11-23,Standard,Delivered,Credit Card,20
ORD-02635,CUST-0497,2023-10-19,2023-10-22,Express,Processing,Wallet,0
ORD-02636,CUST-0425,2025-01-31,2025-02-01,Standard,Delivered,Debit Card,15
ORD-02637,CUST-0338,2023-12-07,2023-12-08,Same Day,Delivered,Wallet,0
ORD-02638,CUST-0497,2024-09-17,2024-09-21,Same Day,Delivered,Cash on Delivery,10
ORD-02639,CUST-0329,2024-12-10,2024-12-16,Express,Delivered,Cash on Delivery,10
ORD-02640,CUST-0167,2023-11-23,2023-11-25,Standard,Shipped,Debit Card,10
ORD-02641,CUST-0365,2024-04-16,2024-04-17,Standard,Cancelled,UPI,25
ORD-02642,CUST-0251,2024-06-12,2024-06-17,Same Day,Delivered,Credit Card,0
ORD-02643,CUST-0173,2023-07-24,2023-07-29,Express,Delivered,Cash on Delivery,10
ORD-02644,CUST-0048,2024-02-20,2024-02-24,Express,Returned,Net Banking,10
ORD-02645,CUST-0118,2024-06-09,2024-06-15,Express,Delivered,UPI,0
ORD-02646,CUST-0225,2024-11-23,2024-11-29,Standard,Shipped,Credit Card,20
ORD-02647,CUST-0183,2025-01-15,2025-01-18,Standard,Returned,UPI,10
ORD-02648,CUST-0434,2025-02-07,2025-02-09,Express,Delivered,Net Banking,5
ORD-02649,CUST-0262,2024-11-29,2024-11-30,Standard,Delivered,Net Banking,5
ORD-02650,CUST-0043,2023-08-10,2023-08-16,Standard,Delivered,Cash on Delivery,25
ORD-02651,CUST-0094,2024-08-11,2024-08-12,Standard,Returned,Credit Card,25
ORD-02652,CUST-0181,2023-11-26,2023-11-30,Standard,Returned,Net Banking,25
ORD-02653,CUST-0095,2024-04-19,2024-04-25,Express,Delivered,Credit Card,0
ORD-02654,CUST-0228,2024-04-09,2024-04-13,Standard,Processing,Wallet,10
ORD-02655,CUST-0116,2024-10-07,2024-10-14,Standard,Delivered,UPI,0
ORD-02656,CUST-0218,2024-10-02,2024-10-04,Express,Shipped,Credit Card,20
ORD-02657,CUST-0377,2024-10-03,2024-10-07,Standard,Cancelled,Cash on Delivery,15
ORD-02658,CUST-0478,2023-08-06,2023-08-09,Standard,Delivered,Debit Card,15
ORD-02659,CUST-0301,2025-02-09,2025-02-14,Same Day,Shipped,UPI,15
ORD-02660,CUST-0498,2024-05-15,2024-05-16,Standard,Delivered,Credit Card,0
ORD-02661,CUST-0273,2025-01-30,2025-02-04,Same Day,Processing,Cash on Delivery,5
ORD-02662,CUST-0009,2024-11-26,2024-11-28,Standard,Processing,Cash on Delivery,0
ORD-02663,CUST-0305,2024-07-24,2024-07-30,Express,Shipped,Wallet,0
ORD-02664,CUST-0151,2024-07-04,2024-07-07,Same Day,Shipped,UPI,30
ORD-02665,CUST-0225,2023-11-22,2023-11-27,Same Day,Processing,UPI,30
ORD-02666,CUST-0387,2024-11-14,2024-11-16,Standard,Delivered,Net Banking,0
ORD-02667,CUST-0382,2025-01-18,2025-01-22,Standard,Delivered,Cash on Delivery,10
ORD-02668,CUST-0277,2023-12-10,2023-12-16,Standard,Returned,Cash on Delivery,10
ORD-02669,CUST-0271,2024-04-02,2024-04-05,Standard,Processing,Debit Card,10
ORD-02670,CUST-0218,2024-10-21,2024-10-28,Same Day,Delivered,Credit Card,0
ORD-02671,CUST-0094,2024-01-09,2024-01-15,Standard,Delivered,Cash on Delivery,25
ORD-02672,CUST-0175,2024-08-18,2024-08-25,Standard,Delivered,Debit Card,30
ORD-02673,CUST-0313,2024-10-16,2024-10-23,Express,Delivered,Cash on Delivery,10
ORD-02674,CUST-0006,2023-06-24,2023-06-30,Standard,Delivered,Net Banking,20
ORD-02675,CUST-0296,2023-07-19,2023-07-22,Standard,Processing,Net Banking,25
ORD-02676,CUST-0474,2024-08-07,2024-08-12,Standard,Delivered,Credit Card,10
ORD-02677,CUST-0322,2025-04-03,2025-04-06,Same Day,Delivered,Wallet,0
ORD-02678,CUST-0164,2023-12-17,2023-12-19,Standard,Cancelled,Credit Card,0
ORD-02679,CUST-0295,2024-02-02,2024-02-09,Standard,Delivered,Cash on Delivery,5
ORD-02680,CUST-0065,2025-01-08,2025-01-12,Standard,Shipped,UPI,10
ORD-02681,CUST-0063,2024-02-05,2024-02-11,Standard,Cancelled,Credit Card,30
ORD-02682,CUST-0354,2024-11-25,2024-11-28,Standard,Delivered,Credit Card,10
ORD-02683,CUST-0451,2023-10-17,2023-10-20,Same Day,Delivered,UPI,0
ORD-02684,CUST-0478,2024-11-25,2024-11-29,Same Day,Delivered,Net Banking,0
ORD-02685,CUST-0041,2024-01-09,2024-01-15,Same Day,Processing,Debit Card,30
ORD-02686,CUST-0108,2024-05-27,2024-05-29,Standard,Delivered,Cash on Delivery,10
ORD-02687,CUST-0165,2024-08-14,2024-08-15,Express,Processing,Wallet,20
ORD-02688,CUST-0127,2023-08-28,2023-09-03,Same Day,Processing,Debit Card,15
ORD-02689,CUST-0300,2024-10-12,2024-10-17,Express,Delivered,Credit Card,0
ORD-02690,CUST-0195,2024-03-24,2024-03-26,Standard,Cancelled,Cash on Delivery,0
ORD-02691,CUST-0467,2024-02-01,2024-02-05,Standard,Returned,Credit Card,20
ORD-02692,CUST-0438,2023-11-10,2023-11-15,Same Day,Cancelled,Debit Card,10
ORD-02693,CUST-0152,2023-11-29,2023-12-04,Same Day,Delivered,Credit Card,10
ORD-02694,CUST-0419,2025-04-30,2025-05-04,Standard,Delivered,Cash on Delivery,0
ORD-02695,CUST-0357,2024-09-15,2024-09-18,Express,Delivered,Wallet,25
ORD-02696,CUST-0471,2024-04-02,2024-04-06,Standard,Shipped,Credit Card,10
ORD-02697,CUST-0020,2023-12-11,2023-12-17,Standard,Delivered,Credit Card,5
ORD-02698,CUST-0136,2023-10-25,2023-10-29,Standard,Cancelled,Credit Card,25
ORD-02699,CUST-0135,2025-03-10,2025-03-13,Same Day,Shipped,Cash on Delivery,0
ORD-02700,CUST-0387,2025-01-13,2025-01-15,Standard,Processing,Cash on Delivery,0
ORD-02701,CUST-0211,2025-01-09,2025-01-16,Same Day,Delivered,Net Banking,20
ORD-02702,CUST-0134,2025-04-06,2025-04-13,Standard,Delivered,Cash on Delivery,0
ORD-02703,CUST-0275,2024-03-11,2024-03-16,Express,Returned,UPI,10
ORD-02704,CUST-0058,2024-01-29,2024-02-05,Same Day,Processing,Net Banking,0
ORD-02705,CUST-0064,2024-09-07,2024-09-10,Standard,Delivered,Cash on Delivery,15
ORD-02706,CUST-0492,2024-12-25,2024-12-26,Same Day,Delivered,Wallet,10
ORD-02707,CUST-0393,2023-07-06,2023-07-08,Standard,Shipped,Cash on Delivery,30
ORD-02708,CUST-0390,2024-11-17,2024-11-18,Standard,Returned,Wallet,20
ORD-02709,CUST-0383,2024-06-02,2024-06-07,Standard,Delivered,Net Banking,5
ORD-02710,CUST-0146,2024-09-29,2024-10-03,Express,Delivered,Debit Card,0
ORD-02711,CUST-0368,2023-06-09,2023-06-14,Standard,Delivered,Debit Card,10
ORD-02712,CUST-0263,2025-03-14,2025-03-21,Standard,Cancelled,Cash on Delivery,0
ORD-02713,CUST-0066,2024-07-10,2024-07-12,Express,Processing,Credit Card,0
ORD-02714,CUST-0474,2024-02-24,2024-02-25,Standard,Delivered,Cash on Delivery,0
ORD-02715,CUST-0018,2025-03-30,2025-04-02,Same Day,Returned,Credit Card,0
ORD-02716,CUST-0138,2024-03-13,2024-03-14,Standard,Delivered,Wallet,20
ORD-02717,CUST-0303,2024-03-05,2024-03-06,Standard,Delivered,UPI,10
ORD-02718,CUST-0400,2024-02-01,2024-02-08,Standard,Delivered,Net Banking,30
ORD-02719,CUST-0366,2025-02-20,2025-02-23,Standard,Delivered,UPI,0
ORD-02720,CUST-0279,2024-09-19,2024-09-20,Standard,Returned,UPI,15
ORD-02721,CUST-0444,2025-01-09,2025-01-13,Standard,Delivered,UPI,0
ORD-02722,CUST-0041,2024-10-20,2024-10-27,Standard,Shipped,UPI,0
ORD-02723,CUST-0427,2025-03-23,2025-03-29,Standard,Delivered,Credit Card,15
ORD-02724,CUST-0056,2024-11-28,2024-12-05,Standard,Delivered,Cash on Delivery,15
ORD-02725,CUST-0221,2023-09-10,2023-09-16,Standard,Cancelled,Net Banking,0
ORD-02726,CUST-0007,2023-10-31,2023-11-05,Same Day,Cancelled,Credit Card,0
ORD-02727,CUST-0479,2023-11-03,2023-11-10,Standard,Delivered,Net Banking,5
ORD-02728,CUST-0458,2024-07-29,2024-08-04,Standard,Delivered,UPI,30
ORD-02729,CUST-0101,2024-07-24,2024-07-29,Standard,Delivered,Net Banking,10
ORD-02730,CUST-0244,2025-02-09,2025-02-12,Standard,Delivered,Net Banking,0
ORD-02731,CUST-0125,2023-10-18,2023-10-21,Standard,Delivered,Cash on Delivery,5
ORD-02732,CUST-0237,2023-08-31,2023-09-02,Same Day,Delivered,Debit Card,0
ORD-02733,CUST-0048,2023-09-20,2023-09-22,Standard,Cancelled,Net Banking,25
ORD-02734,CUST-0453,2023-08-17,2023-08-23,Same Day,Cancelled,Debit Card,0
ORD-02735,CUST-0062,2023-06-26,2023-07-03,Express,Shipped,Wallet,10
ORD-02736,CUST-0209,2023-09-23,2023-09-27,Standard,Delivered,Credit Card,25
ORD-02737,CUST-0243,2023-06-07,2023-06-11,Express,Shipped,Net Banking,5
ORD-02738,CUST-0028,2023-10-27,2023-11-03,Express,Delivered,Debit Card,0
ORD-02739,CUST-0185,2023-10-26,2023-10-27,Standard,Cancelled,Debit Card,0
ORD-02740,CUST-0467,2025-01-22,2025-01-25,Standard,Delivered,Cash on Delivery,0
ORD-02741,CUST-0140,2024-04-08,2024-04-14,Same Day,Returned,Net Banking,0
ORD-02742,CUST-0316,2023-06-24,2023-06-26,Same Day,Delivered,UPI,10
ORD-02743,CUST-0049,2024-01-17,2024-01-19,Same Day,Returned,Wallet,0
ORD-02744,CUST-0239,2025-02-07,2025-02-14,Standard,Shipped,UPI,0
ORD-02745,CUST-0486,2024-05-19,2024-05-26,Express,Processing,Net Banking,0
ORD-02746,CUST-0019,2023-10-13,2023-10-14,Standard,Delivered,Cash on Delivery,25
ORD-02747,CUST-0473,2023-09-02,2023-09-04,Same Day,Cancelled,Wallet,10
ORD-02748,CUST-0311,2024-11-30,2024-12-04,Same Day,Shipped,Wallet,25
ORD-02749,CUST-0216,2023-10-08,2023-10-10,Same Day,Returned,Cash on Delivery,0
ORD-02750,CUST-0270,2024-03-02,2024-03-05,Express,Returned,Cash on Delivery,0
ORD-02751,CUST-0384,2024-01-23,2024-01-27,Standard,Delivered,Credit Card,30
ORD-02752,CUST-0252,2024-03-25,2024-03-30,Standard,Delivered,UPI,15
ORD-02753,CUST-0023,2023-07-22,2023-07-26,Same Day,Delivered,Wallet,30
ORD-02754,CUST-0321,2023-10-09,2023-10-16,Express,Delivered,Cash on Delivery,10
ORD-02755,CUST-0138,2024-11-04,2024-11-08,Same Day,Shipped,Cash on Delivery,0
ORD-02756,CUST-0081,2023-09-29,2023-10-01,Express,Cancelled,Net Banking,10
ORD-02757,CUST-0096,2023-10-30,2023-11-05,Standard,Delivered,Debit Card,0
ORD-02758,CUST-0381,2024-10-16,2024-10-22,Standard,Delivered,Credit Card,10
ORD-02759,CUST-0450,2023-12-31,2024-01-07,Standard,Delivered,Cash on Delivery,0
ORD-02760,CUST-0266,2024-06-20,2024-06-22,Same Day,Shipped,Debit Card,20
ORD-02761,CUST-0304,2023-09-22,2023-09-27,Standard,Delivered,Cash on Delivery,25
ORD-02762,CUST-0293,2025-01-02,2025-01-03,Express,Delivered,Net Banking,0
ORD-02763,CUST-0409,2023-06-03,2023-06-04,Same Day,Delivered,Wallet,30
ORD-02764,CUST-0322,2023-11-03,2023-11-10,Standard,Delivered,Net Banking,5
ORD-02765,CUST-0380,2025-01-16,2025-01-22,Standard,Returned,Credit Card,15
ORD-02766,CUST-0278,2024-05-10,2024-05-13,Same Day,Delivered,UPI,20
ORD-02767,CUST-0199,2024-02-06,2024-02-07,Standard,Delivered,Cash on Delivery,30
ORD-02768,CUST-0264,2024-03-10,2024-03-16,Standard,Delivered,Credit Card,15
ORD-02769,CUST-0456,2023-09-08,2023-09-14,Same Day,Delivered,Credit Card,0
ORD-02770,CUST-0268,2023-08-27,2023-08-30,Express,Delivered,UPI,10
ORD-02771,CUST-0257,2023-10-23,2023-10-30,Standard,Shipped,Wallet,5
ORD-02772,CUST-0134,2025-04-11,2025-04-12,Express,Delivered,UPI,5
ORD-02773,CUST-0391,2024-01-31,2024-02-03,Same Day,Cancelled,Net Banking,0
ORD-02774,CUST-0165,2024-06-19,2024-06-24,Express,Shipped,Wallet,30
ORD-02775,CUST-0140,2024-07-19,2024-07-23,Standard,Returned,Credit Card,0
ORD-02776,CUST-0030,2024-12-15,2024-12-17,Standard,Shipped,Credit Card,25
ORD-02777,CUST-0353,2024-11-01,2024-11-03,Standard,Delivered,UPI,30
ORD-02778,CUST-0496,2023-06-02,2023-06-04,Standard,Cancelled,Cash on Delivery,0
ORD-02779,CUST-0178,2024-10-25,2024-10-26,Express,Returned,Net Banking,0
ORD-02780,CUST-0117,2024-06-02,2024-06-08,Same Day,Delivered,Debit Card,10
ORD-02781,CUST-0487,2024-01-14,2024-01-17,Standard,Returned,UPI,0
ORD-02782,CUST-0045,2023-11-11,2023-11-16,Standard,Delivered,Credit Card,10
ORD-02783,CUST-0282,2023-09-27,2023-10-03,Standard,Cancelled,Wallet,0
ORD-02784,CUST-0499,2024-05-01,2024-05-04,Express,Delivered,Credit Card,15
ORD-02785,CUST-0453,2023-07-03,2023-07-04,Standard,Returned,Credit Card,5
ORD-02786,CUST-0136,2024-08-10,2024-08-14,Standard,Delivered,Debit Card,0
ORD-02787,CUST-0288,2024-02-04,2024-02-09,Same Day,Delivered,Credit Card,0
ORD-02788,CUST-0046,2023-11-27,2023-11-29,Same Day,Delivered,Debit Card,0
ORD-02789,CUST-0016,2025-04-01,2025-04-04,Standard,Processing,Wallet,20
ORD-02790,CUST-0220,2024-08-19,2024-08-26,Standard,Processing,UPI,10
ORD-02791,CUST-0196,2023-07-18,2023-07-21,Standard,Delivered,Net Banking,20
ORD-02792,CUST-0113,2025-03-11,2025-03-14,Standard,Cancelled,Cash on Delivery,0
ORD-02793,CUST-0046,2024-05-06,2024-05-08,Express,Delivered,Wallet,20
ORD-02794,CUST-0381,2025-03-02,2025-03-04,Same Day,Shipped,UPI,0
ORD-02795,CUST-0121,2024-05-24,2024-05-29,Standard,Cancelled,Net Banking,20
ORD-02796,CUST-0274,2023-11-21,2023-11-23,Standard,Processing,Net Banking,0
ORD-02797,CUST-0343,2023-12-05,2023-12-09,Standard,Returned,Wallet,15
ORD-02798,CUST-0415,2024-07-01,2024-07-04,Standard,Cancelled,UPI,0
ORD-02799,CUST-0040,2025-02-26,2025-03-02,Same Day,Cancelled,UPI,25
ORD-02800,CUST-0405,2025-02-28,2025-03-03,Same Day,Returned,Wallet,0
ORD-02801,CUST-0082,2025-01-13,2025-01-14,Express,Delivered,Credit Card,0
ORD-02802,CUST-0212,2023-09-20,2023-09-27,Same Day,Shipped,Debit Card,10
ORD-02803,CUST-0065,2024-01-27,2024-01-30,Standard,Shipped,Credit Card,10
ORD-02804,CUST-0158,2024-08-03,2024-08-09,Standard,Cancelled,Debit Card,0
ORD-02805,CUST-0045,2024-05-10,2024-05-17,Express,Cancelled,Wallet,30
ORD-02806,CUST-0385,2024-05-30,2024-06-01,Express,Processing,Debit Card,30
ORD-02807,CUST-0009,2024-07-14,2024-07-20,Express,Shipped,Credit Card,0
ORD-02808,CUST-0052,2025-04-17,2025-04-23,Standard,Returned,Cash on Delivery,25
ORD-02809,CUST-0042,2024-11-25,2024-11-27,Standard,Returned,Debit Card,15
ORD-02810,CUST-0158,2024-01-17,2024-01-20,Standard,Shipped,Cash on Delivery,0
ORD-02811,CUST-0265,2024-03-10,2024-03-15,Standard,Cancelled,Net Banking,15
ORD-02812,CUST-0133,2023-06-19,2023-06-22,Standard,Delivered,Debit Card,0
ORD-02813,CUST-0047,2023-11-12,2023-11-19,Express,Processing,Credit Card,10
ORD-02814,CUST-0411,2023-12-08,2023-12-10,Standard,Delivered,UPI,0
ORD-02815,CUST-0313,2024-11-22,2024-11-26,Standard,Delivered,Wallet,0
ORD-02816,CUST-0374,2025-03-19,2025-03-26,Standard,Cancelled,Debit Card,0
ORD-02817,CUST-0084,2023-08-03,2023-08-09,Standard,Delivered,Net Banking,30
ORD-02818,CUST-0282,2025-01-27,2025-02-01,Standard,Delivered,UPI,0
ORD-02819,CUST-0017,2023-06-14,2023-06-16,Same Day,Shipped,Debit Card,0
ORD-02820,CUST-0055,2024-10-21,2024-10-27,Same Day,Delivered,Net Banking,25
ORD-02821,CUST-0024,2023-09-16,2023-09-22,Standard,Cancelled,Wallet,10
ORD-02822,CUST-0367,2025-02-21,2025-02-28,Express,Delivered,Cash on Delivery,0
ORD-02823,CUST-0332,2024-03-18,2024-03-25,Express,Returned,Credit Card,10
ORD-02824,CUST-0322,2023-10-02,2023-10-03,Same Day,Delivered,Cash on Delivery,10
ORD-02825,CUST-0085,2023-10-01,2023-10-02,Standard,Returned,Cash on Delivery,20
ORD-02826,CUST-0382,2023-06-04,2023-06-08,Same Day,Delivered,Credit Card,30
ORD-02827,CUST-0367,2024-01-19,2024-01-23,Same Day,Delivered,Net Banking,0
ORD-02828,CUST-0015,2024-12-17,2024-12-23,Same Day,Delivered,Debit Card,0
ORD-02829,CUST-0458,2023-12-25,2023-12-31,Express,Cancelled,Cash on Delivery,0
ORD-02830,CUST-0102,2024-10-09,2024-10-12,Standard,Delivered,Cash on Delivery,15
ORD-02831,CUST-0443,2023-09-17,2023-09-18,Express,Delivered,Credit Card,25
ORD-02832,CUST-0345,2024-12-14,2024-12-17,Same Day,Processing,Credit Card,25
ORD-02833,CUST-0008,2023-11-21,2023-11-27,Express,Shipped,Debit Card,0
ORD-02834,CUST-0449,2024-07-09,2024-07-11,Standard,Delivered,Cash on Delivery,15
ORD-02835,CUST-0020,2024-06-28,2024-07-03,Express,Cancelled,UPI,20
ORD-02836,CUST-0204,2025-04-13,2025-04-17,Same Day,Delivered,Wallet,20
ORD-02837,CUST-0350,2024-05-31,2024-06-01,Standard,Cancelled,Cash on Delivery,5
ORD-02838,CUST-0436,2024-06-08,2024-06-14,Standard,Delivered,Credit Card,10
ORD-02839,CUST-0377,2023-09-27,2023-10-04,Express,Cancelled,Net Banking,0
ORD-02840,CUST-0038,2023-06-05,2023-06-09,Standard,Delivered,UPI,5
ORD-02841,CUST-0024,2025-03-26,2025-03-31,Standard,Shipped,Debit Card,10
ORD-02842,CUST-0360,2023-09-24,2023-09-29,Standard,Delivered,Cash on Delivery,10
ORD-02843,CUST-0438,2024-03-26,2024-03-31,Standard,Delivered,Credit Card,0
ORD-02844,CUST-0155,2023-09-18,2023-09-24,Standard,Cancelled,UPI,0
ORD-02845,CUST-0440,2024-01-21,2024-01-22,Standard,Delivered,Credit Card,10
ORD-02846,CUST-0194,2024-09-30,2024-10-06,Same Day,Processing,Net Banking,10
ORD-02847,CUST-0366,2024-02-06,2024-02-08,Standard,Processing,Cash on Delivery,10
ORD-02848,CUST-0047,2023-09-04,2023-09-05,Standard,Processing,UPI,0
ORD-02849,CUST-0467,2024-10-23,2024-10-27,Standard,Shipped,Net Banking,30
ORD-02850,CUST-0439,2023-10-04,2023-10-07,Standard,Returned,Wallet,10
ORD-02851,CUST-0392,2023-09-22,2023-09-24,Same Day,Delivered,UPI,20
ORD-02852,CUST-0414,2023-09-09,2023-09-11,Express,Delivered,Net Banking,30
ORD-02853,CUST-0260,2023-09-09,2023-09-12,Express,Processing,Net Banking,0
ORD-02854,CUST-0438,2025-03-16,2025-03-17,Standard,Returned,Wallet,5
ORD-02855,CUST-0197,2023-06-20,2023-06-22,Express,Shipped,Wallet,15
ORD-02856,CUST-0432,2024-06-13,2024-06-20,Same Day,Shipped,Net Banking,20
ORD-02857,CUST-0073,2023-07-08,2023-07-11,Same Day,Delivered,Credit Card,0
ORD-02858,CUST-0236,2023-12-26,2023-12-27,Standard,Returned,Wallet,10
ORD-02859,CUST-0247,2024-11-26,2024-12-02,Same Day,Delivered,Debit Card,0
ORD-02860,CUST-0051,2024-10-11,2024-10-14,Standard,Shipped,Net Banking,0
ORD-02861,CUST-0152,2023-08-14,2023-08-21,Express,Shipped,Wallet,20
ORD-02862,CUST-0093,2024-06-27,2024-06-28,Standard,Delivered,UPI,10
ORD-02863,CUST-0395,2024-07-08,2024-07-14,Standard,Cancelled,Debit Card,20
ORD-02864,CUST-0285,2024-11-10,2024-11-17,Standard,Shipped,UPI,15
ORD-02865,CUST-0070,2023-06-11,2023-06-15,Standard,Cancelled,Net Banking,0
ORD-02866,CUST-0485,2023-08-09,2023-08-16,Express,Delivered,Wallet,5
ORD-02867,CUST-0281,2024-07-15,2024-07-19,Standard,Cancelled,Cash on Delivery,10
ORD-02868,CUST-0065,2024-01-10,2024-01-15,Same Day,Cancelled,Credit Card,30
ORD-02869,CUST-0209,2025-04-18,2025-04-24,Express,Delivered,Cash on Delivery,25
ORD-02870,CUST-0202,2025-01-26,2025-02-01,Standard,Delivered,Wallet,0
ORD-02871,CUST-0172,2024-06-14,2024-06-21,Express,Delivered,UPI,0
ORD-02872,CUST-0404,2023-06-27,2023-07-03,Same Day,Delivered,Cash on Delivery,5
ORD-02873,CUST-0215,2023-08-25,2023-08-28,Same Day,Returned,Credit Card,10
ORD-02874,CUST-0161,2023-12-14,2023-12-20,Same Day,Processing,Cash on Delivery,20
ORD-02875,CUST-0305,2024-09-17,2024-09-21,Express,Processing,Debit Card,10
ORD-02876,CUST-0224,2023-08-18,2023-08-23,Standard,Delivered,UPI,25
ORD-02877,CUST-0076,2023-12-03,2023-12-07,Same Day,Delivered,Net Banking,0
ORD-02878,CUST-0374,2023-12-29,2023-12-31,Standard,Delivered,Net Banking,0
ORD-02879,CUST-0053,2023-09-17,2023-09-24,Same Day,Delivered,Wallet,10
ORD-02880,CUST-0455,2024-10-14,2024-10-18,Same Day,Delivered,Credit Card,0
ORD-02881,CUST-0400,2024-03-28,2024-03-30,Standard,Processing,UPI,10
ORD-02882,CUST-0429,2024-12-17,2024-12-21,Standard,Delivered,Net Banking,0
ORD-02883,CUST-0490,2025-01-13,2025-01-14,Standard,Delivered,Credit Card,0
ORD-02884,CUST-0461,2023-12-02,2023-12-08,Standard,Cancelled,Debit Card,10
ORD-02885,CUST-0348,2024-07-12,2024-07-15,Standard,Returned,Net Banking,0
ORD-02886,CUST-0280,2023-06-26,2023-07-03,Same Day,Delivered,Credit Card,20
ORD-02887,CUST-0472,2024-01-08,2024-01-15,Same Day,Delivered,Net Banking,5
ORD-02888,CUST-0455,2023-07-11,2023-07-14,Standard,Delivered,Cash on Delivery,10
ORD-02889,CUST-0102,2023-12-31,2024-01-02,Same Day,Cancelled,Net Banking,10
ORD-02890,CUST-0296,2024-01-16,2024-01-23,Same Day,Delivered,Cash on Delivery,0
ORD-02891,CUST-0143,2024-08-28,2024-09-01,Standard,Delivered,Debit Card,25
ORD-02892,CUST-0491,2024-12-28,2024-12-29,Express,Cancelled,UPI,0
ORD-02893,CUST-0316,2025-02-17,2025-02-24,Standard,Processing,Debit Card,30
ORD-02894,CUST-0378,2025-02-09,2025-02-11,Same Day,Delivered,Net Banking,0
ORD-02895,CUST-0093,2024-12-05,2024-12-12,Standard,Delivered,Net Banking,0
ORD-02896,CUST-0114,2024-05-22,2024-05-28,Express,Delivered,Net Banking,30
ORD-02897,CUST-0031,2023-10-07,2023-10-14,Same Day,Cancelled,Debit Card,10
ORD-02898,CUST-0233,2023-11-18,2023-11-23,Express,Shipped,Net Banking,30
ORD-02899,CUST-0136,2025-02-28,2025-03-06,Standard,Processing,Wallet,20
ORD-02900,CUST-0001,2024-10-30,2024-11-06,Express,Cancelled,Wallet,15
ORD-02901,CUST-0254,2024-06-07,2024-06-14,Standard,Cancelled,Credit Card,0
ORD-02902,CUST-0280,2023-06-11,2023-06-17,Standard,Delivered,Credit Card,30
ORD-02903,CUST-0085,2023-12-08,2023-12-15,Express,Delivered,Debit Card,10
ORD-02904,CUST-0318,2023-07-04,2023-07-07,Standard,Shipped,Debit Card,30
ORD-02905,CUST-0089,2023-11-08,2023-11-11,Standard,Delivered,Debit Card,0
ORD-02906,CUST-0126,2024-06-01,2024-06-02,Standard,Delivered,Wallet,10
ORD-02907,CUST-0413,2024-05-05,2024-05-08,Standard,Delivered,Wallet,30
ORD-02908,CUST-0116,2024-05-11,2024-05-14,Standard,Processing,Net Banking,5
ORD-02909,CUST-0298,2024-10-29,2024-11-05,Standard,Shipped,Debit Card,5
ORD-02910,CUST-0449,2023-11-14,2023-11-17,Same Day,Delivered,Net Banking,30
ORD-02911,CUST-0068,2023-06-08,2023-06-15,Express,Delivered,Wallet,30
ORD-02912,CUST-0380,2024-12-03,2024-12-09,Standard,Delivered,UPI,10
ORD-02913,CUST-0047,2023-11-13,2023-11-18,Same Day,Delivered,Net Banking,30
ORD-02914,CUST-0161,2025-02-16,2025-02-21,Standard,Delivered,Debit Card,0
ORD-02915,CUST-0125,2024-10-21,2024-10-25,Standard,Delivered,Cash on Delivery,10
ORD-02916,CUST-0191,2024-03-11,2024-03-13,Standard,Delivered,Debit Card,15
ORD-02917,CUST-0305,2024-03-01,2024-03-07,Standard,Delivered,UPI,20
ORD-02918,CUST-0319,2023-09-09,2023-09-14,Standard,Delivered,Net Banking,15
ORD-02919,CUST-0039,2024-01-21,2024-01-22,Express,Returned,Wallet,5
ORD-02920,CUST-0206,2023-10-10,2023-10-14,Same Day,Shipped,Wallet,25
ORD-02921,CUST-0470,2024-07-13,2024-07-16,Standard,Cancelled,Wallet,0
ORD-02922,CUST-0014,2025-02-25,2025-03-01,Same Day,Delivered,Credit Card,5
ORD-02923,CUST-0003,2025-01-05,2025-01-10,Express,Delivered,Debit Card,10
ORD-02924,CUST-0139,2023-08-02,2023-08-04,Standard,Delivered,UPI,0
ORD-02925,CUST-0354,2024-01-22,2024-01-29,Express,Processing,UPI,0
ORD-02926,CUST-0049,2024-03-04,2024-03-06,Standard,Delivered,Wallet,30
ORD-02927,CUST-0054,2024-04-02,2024-04-04,Same Day,Delivered,Cash on Delivery,20
ORD-02928,CUST-0237,2025-03-15,2025-03-17,Same Day,Shipped,Debit Card,30
ORD-02929,CUST-0192,2024-02-13,2024-02-20,Standard,Delivered,Cash on Delivery,0
ORD-02930,CUST-0280,2024-01-28,2024-02-03,Express,Shipped,Credit Card,25
ORD-02931,CUST-0303,2023-12-02,2023-12-08,Express,Delivered,Net Banking,20
ORD-02932,CUST-0022,2024-08-15,2024-08-19,Standard,Cancelled,Debit Card,5
ORD-02933,CUST-0388,2023-11-22,2023-11-27,Express,Cancelled,Credit Card,30
ORD-02934,CUST-0085,2024-05-14,2024-05-18,Same Day,Shipped,Credit Card,10
ORD-02935,CUST-0453,2024-11-14,2024-11-17,Standard,Processing,Debit Card,25
ORD-02936,CUST-0499,2024-04-24,2024-04-30,Same Day,Cancelled,Net Banking,0
ORD-02937,CUST-0404,2023-11-24,2023-11-25,Same Day,Shipped,Debit Card,30
ORD-02938,CUST-0186,2024-04-08,2024-04-10,Express,Processing,Cash on Delivery,0
ORD-02939,CUST-0201,2023-11-20,2023-11-25,Standard,Delivered,Credit Card,10
ORD-02940,CUST-0387,2023-09-17,2023-09-22,Express,Delivered,Debit Card,15
ORD-02941,CUST-0388,2024-04-03,2024-04-07,Same Day,Delivered,Cash on Delivery,5
ORD-02942,CUST-0390,2024-02-13,2024-02-15,Standard,Delivered,Debit Card,0
ORD-02943,CUST-0126,2024-03-07,2024-03-08,Standard,Shipped,Credit Card,30
ORD-02944,CUST-0404,2023-06-14,2023-06-19,Same Day,Cancelled,Wallet,0
ORD-02945,CUST-0228,2023-07-11,2023-07-13,Same Day,Cancelled,UPI,0
ORD-02946,CUST-0471,2024-05-16,2024-05-23,Express,Delivered,Debit Card,15
ORD-02947,CUST-0095,2023-08-08,2023-08-12,Standard,Shipped,Wallet,0
ORD-02948,CUST-0119,2025-02-19,2025-02-20,Standard,Delivered,Debit Card,30
ORD-02949,CUST-0126,2024-06-14,2024-06-21,Standard,Delivered,Debit Card,0
ORD-02950,CUST-0153,2024-09-17,2024-09-18,Standard,Delivered,Credit Card,15
ORD-02951,CUST-0356,2023-07-18,2023-07-22,Standard,Delivered,Net Banking,20
ORD-02952,CUST-0338,2023-07-09,2023-07-12,Express,Cancelled,Credit Card,15
ORD-02953,CUST-0473,2024-08-02,2024-08-09,Same Day,Delivered,Debit Card,15
ORD-02954,CUST-0201,2024-03-15,2024-03-17,Standard,Processing,Cash on Delivery,0
ORD-02955,CUST-0167,2024-01-20,2024-01-24,Standard,Delivered,Net Banking,10
ORD-02956,CUST-0047,2024-08-29,2024-09-05,Standard,Cancelled,Wallet,5
ORD-02957,CUST-0057,2023-12-28,2024-01-04,Same Day,Delivered,UPI,30
ORD-02958,CUST-0145,2023-09-04,2023-09-08,Standard,Shipped,Wallet,5
ORD-02959,CUST-0051,2024-07-03,2024-07-06,Express,Shipped,Wallet,0
ORD-02960,CUST-0101,2024-09-13,2024-09-15,Same Day,Returned,Cash on Delivery,15
ORD-02961,CUST-0186,2024-10-01,2024-10-05,Same Day,Delivered,UPI,5
ORD-02962,CUST-0310,2024-03-26,2024-03-28,Express,Delivered,Credit Card,15
ORD-02963,CUST-0243,2024-05-01,2024-05-08,Standard,Processing,Cash on Delivery,25
ORD-02964,CUST-0226,2023-06-21,2023-06-22,Standard,Returned,UPI,0
ORD-02965,CUST-0358,2023-12-05,2023-12-06,Express,Delivered,UPI,20
ORD-02966,CUST-0137,2024-02-29,2024-03-01,Standard,Returned,UPI,5
ORD-02967,CUST-0177,2024-08-12,2024-08-19,Standard,Processing,Net Banking,25
ORD-02968,CUST-0294,2024-02-17,2024-02-21,Standard,Delivered,UPI,10
ORD-02969,CUST-0396,2024-11-30,2024-12-03,Same Day,Delivered,Net Banking,0
ORD-02970,CUST-0287,2025-01-02,2025-01-03,Same Day,Shipped,Debit Card,0
ORD-02971,CUST-0265,2024-08-18,2024-08-24,Standard,Shipped,Credit Card,0
ORD-02972,CUST-0305,2024-05-13,2024-05-15,Express,Processing,Wallet,20
ORD-02973,CUST-0484,2024-03-01,2024-03-03,Same Day,Delivered,Debit Card,10
ORD-02974,CUST-0165,2025-01-25,2025-01-30,Standard,Delivered,Debit Card,30
ORD-02975,CUST-0245,2024-11-28,2024-11-29,Same Day,Shipped,Wallet,20
ORD-02976,CUST-0326,2024-07-25,2024-07-31,Express,Delivered,Net Banking,5
ORD-02977,CUST-0259,2024-11-17,2024-11-20,Standard,Shipped,Wallet,15
ORD-02978,CUST-0193,2023-08-24,2023-08-29,Express,Returned,UPI,15
ORD-02979,CUST-0459,2024-07-29,2024-08-05,Standard,Returned,Debit Card,15
ORD-02980,CUST-0207,2024-12-18,2024-12-25,Express,Delivered,Cash on Delivery,0
ORD-02981,CUST-0191,2024-11-11,2024-11-17,Standard,Delivered,Wallet,20
ORD-02982,CUST-0086,2025-01-11,2025-01-18,Standard,Delivered,UPI,25
ORD-02983,CUST-0172,2023-07-12,2023-07-18,Same Day,Returned,UPI,0
ORD-02984,CUST-0500,2024-01-28,2024-01-31,Same Day,Cancelled,UPI,0
ORD-02985,CUST-0461,2023-07-08,2023-07-10,Same Day,Delivered,Net Banking,10
ORD-02986,CUST-0304,2024-11-03,2024-11-05,Standard,Delivered,Wallet,20
ORD-02987,CUST-0109,2023-06-23,2023-06-30,Same Day,Cancelled,Cash on Delivery,0
ORD-02988,CUST-0478,2023-10-17,2023-10-19,Same Day,Delivered,Cash on Delivery,20
ORD-02989,CUST-0329,2024-03-14,2024-03-21,Standard,Delivered,Net Banking,25
ORD-02990,CUST-0261,2025-03-24,2025-03-29,Express,Cancelled,Cash on Delivery,5
ORD-02991,CUST-0390,2024-05-03,2024-05-09,Same Day,Delivered,Debit Card,20
ORD-02992,CUST-0294,2024-07-29,2024-07-31,Standard,Shipped,Wallet,25
ORD-02993,CUST-0317,2024-10-28,2024-11-04,Same Day,Returned,Wallet,10
ORD-02994,CUST-0166,2023-06-23,2023-06-30,Standard,Shipped,Credit Card,0
ORD-02995,CUST-0356,2024-09-09,2024-09-10,Same Day,Shipped,Cash on Delivery,0
ORD-02996,CUST-0443,2024-07-16,2024-07-22,Standard,Returned,Net Banking,15
ORD-02997,CUST-0106,2023-12-09,2023-12-16,Standard,Delivered,Cash on Delivery,0
ORD-02998,CUST-0477,2025-04-23,2025-04-24,Standard,Returned,Cash on Delivery,30
ORD-02999,CUST-0091,2024-11-03,2024-11-10,Standard,Delivered,Debit Card,25
ORD-03000,CUST-0215,2024-04-26,2024-05-03,Standard,Delivered,Credit Card,20
